stn;time;gre000m0;sre000m0;hto000m0;nto000m0;prestam0;tre200mn;ure200m0;rre150m0;tre200m0;tre200mx
CHD;187901;-;-;-;-;-;-;-;73.0;-4.6;-
CHD;187902;-;-;-;-;-;-;-;115.0;-1.9;-
CHD;187903;-;-;-;-;-;-;-;25.6;1.8;-
CHD;187904;-;-;-;-;-;-;-;103.2;3.7;-
CHD;187905;-;-;-;-;-;-;-;96.2;6.1;-
CHD;187906;-;-;-;-;-;-;-;128.4;13.4;-
CHD;187907;-;-;-;-;-;-;-;232.0;12.3;-
CHD;187908;-;-;-;-;-;-;-;125.4;16.1;-
CHD;187909;-;-;-;-;-;-;-;92.8;11.1;-
CHD;187910;-;-;-;-;-;-;-;100.2;4.9;-
CHD;187911;-;-;-;-;-;-;-;97.5;-1.6;-
CHD;187912;-;-;-;-;-;-;-;49.4;-7.9;-
CHD;188001;-;-;-;-;-;-;-;19.6;-7.3;-
CHD;188002;-;-;-;-;-;-;-;25.0;-0.6;-
CHD;188003;-;-;-;-;-;-;-;13.3;3.9;-
CHD;188004;-;-;-;-;-;-;-;72.0;6.3;-
CHD;188005;-;-;-;-;-;-;-;50.4;8.6;-
CHD;188006;-;-;-;-;-;-;-;133.6;11.3;-
CHD;188007;-;-;-;-;-;-;-;89.4;15.8;-
CHD;188008;-;-;-;-;-;-;-;160.6;13.4;-
CHD;188009;-;-;-;-;-;-;-;103.2;11.4;-
CHD;188010;-;-;-;-;-;-;-;244.0;7.8;-
CHD;188011;-;-;-;-;-;-;-;78.5;2.7;-
CHD;188012;-;-;-;-;-;-;-;126.9;1.4;-
CHD;188101;-;-;-;-;-;-;-;108.0;-6.1;-
CHD;188102;-;-;-;-;-;-;-;90.0;-0.4;-
CHD;188103;-;-;-;-;-;-;-;96.0;2.9;-
CHD;188104;-;-;-;-;-;-;-;99.2;5.3;-
CHD;188105;-;-;-;-;-;-;-;114.4;8.7;-
CHD;188106;-;-;-;-;-;-;-;138.5;12.0;-
CHD;188107;-;-;-;-;-;-;-;105.5;16.8;-
CHD;188108;-;-;-;-;-;-;-;201.5;14.5;-
CHD;188109;-;-;-;-;-;-;-;114.7;9.3;-
CHD;188110;-;-;-;-;-;-;-;83.9;3.1;-
CHD;188111;-;-;-;-;-;-;-;28.1;3.1;-
CHD;188112;-;-;-;-;-;-;-;56.8;-2.4;-
CHD;188201;-;-;-;-;-;-;-;20.6;-2.3;-
CHD;188202;-;-;-;-;-;-;-;33.0;-1.7;-
CHD;188203;-;-;-;-;-;-;-;53.5;3.0;-
CHD;188204;-;-;-;-;-;-;-;76.1;5.3;-
CHD;188205;-;-;-;-;-;-;-;120.6;9.7;-
CHD;188206;-;-;-;-;-;-;-;172.9;11.7;-
CHD;188207;-;-;-;-;-;-;-;126.0;13.2;-
CHD;188208;-;-;-;-;-;-;-;140.9;12.4;-
CHD;188209;-;-;-;-;-;-;-;212.9;9.4;-
CHD;188210;-;-;-;-;-;-;-;135.6;7.1;-
CHD;188211;-;-;-;-;-;-;-;203.1;2.2;-
CHD;188212;-;-;-;-;-;-;-;169.3;-1.2;-
CHD;188301;-;-;-;-;-;-;-;54.6;-1.7;-
CHD;188302;-;-;-;-;-;-;-;32.9;-0.7;-
CHD;188303;-;-;-;-;-;-;-;68.0;-2.0;-
CHD;188304;-;-;-;-;-;-;-;17.9;4.3;-
CHD;188305;-;-;-;-;-;-;-;79.7;9.3;-
CHD;188306;-;-;-;-;-;-;-;118.7;11.7;-
CHD;188307;-;-;-;-;-;-;-;206.0;13.0;-
CHD;188308;-;-;-;-;-;-;-;79.9;13.4;-
CHD;188309;-;-;-;-;-;-;-;145.6;9.9;-
CHD;188310;-;-;-;-;-;-;-;161.3;5.2;-
CHD;188311;-;-;-;-;-;-;-;95.3;1.4;-
CHD;188312;-;-;-;-;-;-;-;88.7;-4.1;-
CHD;188401;-;-;-;-;-;-;-;47.1;-0.9;-
CHD;188402;-;-;-;-;-;-;-;55.5;0.4;-
CHD;188403;-;-;-;-;-;-;-;8.9;3.1;-
CHD;188404;-;-;-;-;-;-;-;49.5;4.9;-
CHD;188405;-;-;-;-;-;-;-;103.4;10.8;-
CHD;188406;-;-;-;-;-;-;-;95.8;10.3;-
CHD;188407;-;-;-;-;-;-;-;167.6;15.2;-
CHD;188408;-;-;-;-;-;-;-;107.8;14.6;-
CHD;188409;-;-;-;-;-;-;-;135.0;11.4;-
CHD;188410;-;-;-;-;-;-;-;62.3;5.2;-
CHD;188411;-;-;-;-;-;-;-;26.1;-1.0;-
CHD;188412;-;-;-;-;-;-;-;112.7;-1.2;-
CHD;188501;-;-;-;-;-;-;-;12.9;-7.0;-
CHD;188502;-;-;-;-;-;-;-;119.3;1.6;-
CHD;188503;-;-;-;-;-;-;-;65.2;2.2;-
CHD;188504;-;-;-;-;-;-;-;58.5;6.1;-
CHD;188505;-;-;-;-;-;-;-;144.3;7.5;-
CHD;188506;-;-;-;-;-;-;-;86.4;14.6;-
CHD;188507;-;-;-;-;-;-;-;72.3;16.1;-
CHD;188508;-;-;-;-;-;-;-;111.0;14.0;-
CHD;188509;-;-;-;-;-;-;-;209.9;10.4;-
CHD;188510;-;-;-;-;-;-;-;201.3;4.7;-
CHD;188511;-;-;-;-;-;-;-;71.9;2.6;-
CHD;188512;-;-;-;-;-;-;-;74.1;-3.3;-
CHD;188601;-;-;-;-;-;-;-;57.0;-4.3;-
CHD;188602;-;-;-;-;-;-;-;46.4;-4.5;-
CHD;188603;-;-;-;-;-;-;-;82.7;0.3;-
CHD;188604;-;-;-;-;-;-;-;73.1;6.9;-
CHD;188605;-;-;-;-;-;-;-;36.9;10.2;-
CHD;188606;-;-;-;-;-;-;-;129.7;11.4;-
CHD;188607;-;-;-;-;-;-;-;140.0;15.5;-
CHD;188608;-;-;-;-;-;-;-;134.0;14.2;-
CHD;188609;-;-;-;-;-;-;-;58.8;13.0;-
CHD;188610;-;-;-;-;-;-;-;138.0;7.6;-
CHD;188611;-;-;-;-;-;-;-;69.7;2.2;-
CHD;188612;-;-;-;-;-;-;-;158.8;-1.7;-
CHD;188701;-;-;-;-;-;-;-;21.7;-6.4;-
CHD;188702;-;-;-;-;-;-;-;5.9;-4.1;-
CHD;188703;-;-;-;-;-;-;-;134.3;-0.3;-
CHD;188704;-;-;-;-;-;-;-;35.0;5.7;-
CHD;188705;-;-;-;-;-;-;-;127.5;7.7;-
CHD;188706;-;-;-;-;-;-;-;58.0;14.7;-
CHD;188707;-;-;-;-;-;-;-;95.0;17.0;-
CHD;188708;-;-;-;-;-;-;-;211.0;14.8;-
CHD;188709;-;-;-;-;-;-;-;77.0;10.4;-
CHD;188710;-;-;-;-;-;-;-;-;-;-
CHD;188711;-;-;-;-;-;-;-;-;-;-
CHD;188712;-;-;-;-;-;-;-;-;-;-
CHD;188801;-;-;-;-;-;-;-;-;-;-
CHD;188802;-;-;-;-;-;-;-;-;-;-
CHD;188803;-;-;-;-;-;-;-;-;-;-
CHD;188804;-;-;-;-;-;-;-;-;-;-
CHD;188805;-;-;-;-;-;-;-;-;-;-
CHD;188806;-;-;-;-;-;-;-;-;-;-
CHD;188807;-;-;-;-;-;-;-;-;-;-
CHD;188808;-;-;-;-;-;-;-;-;-;-
CHD;188809;-;-;-;-;-;-;-;-;-;-
CHD;188810;-;-;-;-;-;-;-;-;-;-
CHD;188811;-;-;-;-;-;-;-;-;-;-
CHD;188812;-;-;-;-;-;-;-;-;-;-
CHD;188901;-;-;-;-;-;-;-;-;-;-
CHD;188902;-;-;-;-;-;-;-;-;-;-
CHD;188903;-;-;-;-;-;-;-;-;-;-
CHD;188904;-;-;-;-;-;-;-;-;-;-
CHD;188905;-;-;-;-;-;-;-;-;-;-
CHD;188906;-;-;-;-;-;-;-;-;-;-
CHD;188907;-;-;-;-;-;-;-;-;-;-
CHD;188908;-;-;-;-;-;-;-;-;-;-
CHD;188909;-;-;-;-;-;-;-;-;-;-
CHD;188910;-;-;-;-;-;-;-;-;-;-
CHD;188911;-;-;-;-;-;-;-;-;-;-
CHD;188912;-;-;-;-;-;-;-;-;-;-
CHD;189001;-;-;-;-;-;-;-;-;-;-
CHD;189002;-;-;-;-;-;-;-;-;-;-
CHD;189003;-;-;-;-;-;-;-;-;-;-
CHD;189004;-;-;-;-;-;-;-;-;-;-
CHD;189005;-;-;-;-;-;-;-;-;-;-
CHD;189006;-;-;-;-;-;-;-;-;-;-
CHD;189007;-;-;-;-;-;-;-;-;-;-
CHD;189008;-;-;-;-;-;-;-;-;-;-
CHD;189009;-;-;-;-;-;-;-;-;-;-
CHD;189010;-;-;-;-;-;-;-;-;-;-
CHD;189011;-;-;-;-;-;-;-;-;-;-
CHD;189012;-;-;-;-;-;-;-;-;-;-
CHD;189101;-;-;-;-;-;-;-;-;-;-
CHD;189102;-;-;-;-;-;-;-;-;-;-
CHD;189103;-;-;-;-;-;-;-;-;-;-
CHD;189104;-;-;-;-;-;-;-;-;-;-
CHD;189105;-;-;-;-;-;-;-;-;-;-
CHD;189106;-;-;-;-;-;-;-;-;-;-
CHD;189107;-;-;-;-;-;-;-;-;-;-
CHD;189108;-;-;-;-;-;-;-;-;-;-
CHD;189109;-;-;-;-;-;-;-;-;-;-
CHD;189110;-;-;-;-;-;-;-;-;-;-
CHD;189111;-;-;-;-;-;-;-;-;-;-
CHD;189112;-;-;-;-;-;-;-;-;-;-
CHD;189201;-;-;-;-;-;-;-;-;-;-
CHD;189202;-;-;-;-;-;-;-;-;-;-
CHD;189203;-;-;-;-;-;-;-;-;-;-
CHD;189204;-;-;-;-;-;-;-;-;-;-
CHD;189205;-;-;-;-;-;-;-;-;-;-
CHD;189206;-;-;-;-;-;-;-;-;-;-
CHD;189207;-;-;-;-;-;-;-;-;-;-
CHD;189208;-;-;-;-;-;-;-;-;-;-
CHD;189209;-;-;-;-;-;-;-;-;-;-
CHD;189210;-;-;-;-;-;-;-;-;-;-
CHD;189211;-;-;-;-;-;-;-;-;-;-
CHD;189212;-;-;-;-;-;-;-;-;-;-
CHD;189301;-;-;-;-;-;-;-;-;-;-
CHD;189302;-;-;-;-;-;-;-;-;-;-
CHD;189303;-;-;-;-;-;-;-;-;-;-
CHD;189304;-;-;-;-;-;-;-;-;-;-
CHD;189305;-;-;-;-;-;-;-;-;-;-
CHD;189306;-;-;-;-;-;-;-;-;-;-
CHD;189307;-;-;-;-;-;-;-;-;-;-
CHD;189308;-;-;-;-;-;-;-;-;-;-
CHD;189309;-;-;-;-;-;-;-;-;-;-
CHD;189310;-;-;-;-;-;-;-;-;-;-
CHD;189311;-;-;-;-;-;-;-;-;-;-
CHD;189312;-;-;-;-;-;-;-;-;-;-
CHD;189401;-;-;-;-;-;-;-;-;-;-
CHD;189402;-;-;-;-;-;-;-;-;-;-
CHD;189403;-;-;-;-;-;-;-;-;-;-
CHD;189404;-;-;-;-;-;-;-;-;-;-
CHD;189405;-;-;-;-;-;-;-;-;-;-
CHD;189406;-;-;-;-;-;-;-;-;-;-
CHD;189407;-;-;-;-;-;-;-;-;-;-
CHD;189408;-;-;-;-;-;-;-;-;-;-
CHD;189409;-;-;-;-;-;-;-;-;-;-
CHD;189410;-;-;-;-;-;-;-;-;-;-
CHD;189411;-;-;-;-;-;-;-;-;-;-
CHD;189412;-;-;-;-;-;-;-;-;-;-
CHD;189501;-;-;-;-;-;-;-;-;-;-
CHD;189502;-;-;-;-;-;-;-;-;-;-
CHD;189503;-;-;-;-;-;-;-;-;-;-
CHD;189504;-;-;-;-;-;-;-;-;-;-
CHD;189505;-;-;-;-;-;-;-;-;-;-
CHD;189506;-;-;-;-;-;-;-;-;-;-
CHD;189507;-;-;-;-;-;-;-;-;-;-
CHD;189508;-;-;-;-;-;-;-;-;-;-
CHD;189509;-;-;-;-;-;-;-;-;-;-
CHD;189510;-;-;-;-;-;-;-;-;-;-
CHD;189511;-;-;-;-;-;-;-;-;-;-
CHD;189512;-;-;-;-;-;-;-;-;-;-
CHD;189601;-;-;-;-;-;-;-;-;-;-
CHD;189602;-;-;-;-;-;-;-;-;-;-
CHD;189603;-;-;-;-;-;-;-;-;-;-
CHD;189604;-;-;-;-;-;-;-;-;-;-
CHD;189605;-;-;-;-;-;-;-;-;-;-
CHD;189606;-;-;-;-;-;-;-;-;-;-
CHD;189607;-;-;-;-;-;-;-;124.0;-;-
CHD;189608;-;-;-;-;-;-;-;172.4;-;-
CHD;189609;-;-;-;-;-;-;-;256.3;-;-
CHD;189610;-;-;-;-;-;-;-;99.0;-;-
CHD;189611;-;-;-;-;-;-;-;45.6;-;-
CHD;189612;-;-;-;-;-;-;-;74.0;-;-
CHD;189701;-;-;-;-;-;-;-;29.2;-;-
CHD;189702;-;-;-;-;-;-;-;127.4;-;-
CHD;189703;-;-;-;-;-;-;-;155.0;-;-
CHD;189704;-;-;-;-;-;-;-;109.8;-;-
CHD;189705;-;-;-;-;-;-;-;88.2;-;-
CHD;189706;-;-;-;-;-;-;-;170.8;-;-
CHD;189707;-;-;-;-;-;-;-;111.9;-;-
CHD;189708;-;-;-;-;-;-;-;177.3;-;-
CHD;189709;-;-;-;-;-;-;-;134.6;-;-
CHD;189710;-;-;-;-;-;-;-;0.5;-;-
CHD;189711;-;-;-;-;-;-;-;59.7;-;-
CHD;189712;-;-;-;-;-;-;-;43.2;-;-
CHD;189801;-;-;-;-;-;-;-;12.7;-;-
CHD;189802;-;-;-;-;-;-;-;132.4;-;-
CHD;189803;-;-;-;-;-;-;-;49.7;-;-
CHD;189804;-;-;-;-;-;-;-;80.6;-;-
CHD;189805;-;-;-;-;-;-;-;110.3;-;-
CHD;189806;-;-;-;-;-;-;-;166.8;-;-
CHD;189807;-;-;-;-;-;-;-;98.1;-;-
CHD;189808;-;-;-;-;-;-;-;88.1;-;-
CHD;189809;-;-;-;-;-;-;-;37.8;-;-
CHD;189810;-;-;-;-;-;-;-;119.3;-;-
CHD;189811;-;-;-;-;-;-;-;71.3;-;-
CHD;189812;-;-;-;-;-;-;-;34.7;-;-
CHD;189901;-;-;-;-;-;-;-;222.2;-;-
CHD;189902;-;-;-;-;-;-;-;14.4;-;-
CHD;189903;-;-;-;-;-;-;-;21.3;-;-
CHD;189904;-;-;-;-;-;-;-;180.5;-;-
CHD;189905;-;-;-;-;-;-;-;96.1;-;-
CHD;189906;-;-;-;-;-;-;-;85.2;-;-
CHD;189907;-;-;-;-;-;-;-;116.9;-;-
CHD;189908;-;-;-;-;-;-;-;82.1;-;-
CHD;189909;-;-;-;-;-;-;-;122.8;-;-
CHD;189910;-;-;-;-;-;-;-;124.4;-;-
CHD;189911;-;-;-;-;-;-;-;29.1;-;-
CHD;189912;-;-;-;-;-;-;-;67.0;-;-
CHD;190001;-;-;-;-;-;-;-;166.0;-;-
CHD;190002;-;-;-;-;-;-;-;149.8;-;-
CHD;190003;-;-;-;-;-;-;-;51.6;-;-
CHD;190004;-;-;-;-;-;-;-;100.4;-;-
CHD;190005;-;-;-;-;-;-;-;80.6;-;-
CHD;190006;-;-;-;-;-;-;-;42.7;-;-
CHD;190007;-;-;-;-;-;-;-;131.9;-;-
CHD;190008;-;-;-;-;-;-;-;94.5;-;-
CHD;190009;-;-;-;-;-;-;-;58.9;-;-
CHD;190010;-;-;-;-;-;-;-;64.6;-;-
CHD;190011;-;-;-;-;-;-;-;49.0;-;-
CHD;190012;-;-;-;-;-;-;-;97.6;-;-
CHD;190101;-;-;-;-;-;-;-;98.6;-3.5;-
CHD;190102;-;-;-;-;-;-;-;40.0;-7.7;-
CHD;190103;-;-;-;-;-;-;-;100.5;-0.7;-
CHD;190104;-;-;-;-;-;-;-;168.5;6.5;-
CHD;190105;-;-;-;-;-;-;-;43.9;10.5;-
CHD;190106;-;-;-;-;-;-;-;167.4;13.9;-
CHD;190107;-;-;-;-;-;-;-;113.5;15.6;-
CHD;190108;-;-;-;-;-;-;-;148.0;14.0;-
CHD;190109;-;-;-;-;-;-;-;132.5;12.1;-
CHD;190110;-;-;-;-;-;-;-;99.5;6.1;-
CHD;190111;-;-;-;-;-;-;-;40.6;-1.5;-
CHD;190112;-;-;-;-;-;-;-;111.5;-2.6;-
CHD;190201;-;-;-;-;-;-;-;70.4;-2.0;-
CHD;190202;-;-;-;-;-;-;-;84.6;-2.3;-
CHD;190203;-;-;-;-;-;-;-;164.5;1.8;-
CHD;190204;-;-;-;-;-;-;-;88.5;8.2;-
CHD;190205;-;-;-;-;-;-;-;154.0;5.7;-
CHD;190206;-;-;-;-;-;-;-;69.3;12.4;-
CHD;190207;-;-;-;-;-;-;-;198.2;15.6;-
CHD;190208;-;-;-;-;-;-;-;146.8;14.0;-
CHD;190209;-;-;-;-;-;-;-;78.1;11.2;-
CHD;190210;-;-;-;-;-;-;-;98.4;5.7;-
CHD;190211;-;-;-;-;-;-;-;45.0;0.6;-
CHD;190212;-;-;-;-;-;-;-;127.6;-3.0;-
CHD;190301;-;-;-;-;-;-;-;36.4;-2.5;-
CHD;190302;-;-;-;-;-;-;-;58.7;0.5;-
CHD;190303;-;-;-;-;-;-;-;91.0;2.9;-
CHD;190304;-;-;-;-;-;-;-;99.2;2.4;-
CHD;190305;-;-;-;-;-;-;-;110.2;10.0;-
CHD;190306;-;-;-;-;-;-;-;97.9;11.9;-
CHD;190307;-;-;-;-;-;-;-;201.4;14.0;-
CHD;190308;-;-;-;-;-;-;-;118.1;14.3;-
CHD;190309;-;-;-;-;-;-;-;38.6;11.8;-
CHD;190310;-;-;-;-;-;-;-;220.3;7.3;-
CHD;190311;-;-;-;-;-;-;-;119.7;1.1;-
CHD;190312;-;-;-;-;-;-;-;59.6;-3.4;-
CHD;190401;-;-;-;-;-;-;-;83.2;-3.9;-
CHD;190402;-;-;-;-;-;-;-;189.0;-1.6;-
CHD;190403;-;-;-;-;-;-;-;49.8;1.5;-
CHD;190404;-;-;-;-;-;-;-;101.5;7.6;-
CHD;190405;-;-;-;-;-;-;-;157.7;11.7;-
CHD;190406;-;-;-;-;-;-;-;154.4;14.1;-
CHD;190407;-;-;-;-;-;-;-;54.3;17.4;-
CHD;190408;-;-;-;-;-;-;-;156.8;15.5;-
CHD;190409;-;-;-;-;-;-;-;90.8;9.7;-
CHD;190410;-;-;-;-;-;-;-;68.3;6.4;-
CHD;190411;-;-;-;-;-;-;-;33.9;0.2;-
CHD;190412;-;-;-;-;-;-;-;90.3;-1.6;-
CHD;190501;-;-;-;-;-;-;-;56.0;-6.0;-
CHD;190502;-;-;-;-;-;-;-;28.6;-3.8;-
CHD;190503;-;-;-;-;-;-;-;127.6;2.2;-
CHD;190504;-;-;-;-;-;-;-;115.8;6.3;-
CHD;190505;-;-;-;-;-;-;-;60.4;8.9;-
CHD;190506;-;-;-;-;-;-;-;92.0;14.2;-
CHD;190507;-;-;-;-;-;-;-;67.4;17.7;-
CHD;190508;-;-;-;-;-;-;-;299.2;14.4;-
CHD;190509;-;-;-;-;-;-;-;124.3;11.9;-
CHD;190510;-;-;-;-;-;-;-;136.3;2.2;-
CHD;190511;-;-;-;-;-;-;-;130.4;0.6;-
CHD;190512;-;-;-;-;-;-;-;54.9;-3.0;-
CHD;190601;-;-;-;-;-;-;-;82.9;-2.5;-
CHD;190602;-;-;-;-;-;-;-;84.9;-4.1;-
CHD;190603;-;-;-;-;-;-;-;105.9;-0.1;-
CHD;190604;-;-;-;-;-;-;-;53.2;5.0;-
CHD;190605;-;-;-;-;-;-;-;111.4;9.8;-
CHD;190606;-;-;-;-;-;-;-;78.5;13.5;-
CHD;190607;-;-;-;-;-;-;-;97.1;15.9;-
CHD;190608;-;-;-;-;-;-;-;50.2;15.8;-
CHD;190609;-;-;-;-;-;-;-;64.2;11.0;-
CHD;190610;-;-;-;-;-;-;-;38.9;8.8;-
CHD;190611;-;-;-;-;-;-;-;48.3;2.8;-
CHD;190612;-;-;-;-;-;-;-;189.2;-6.8;-
CHD;190701;-;-;-;-;-;-;-;124.4;-4.4;-
CHD;190702;-;-;-;-;-;-;-;71.2;-6.1;-
CHD;190703;-;-;-;-;-;-;-;106.9;-0.1;-
CHD;190704;-;-;-;-;-;-;-;116.1;4.3;-
CHD;190705;-;-;-;-;-;-;-;64.3;10.5;-
CHD;190706;-;-;-;-;-;-;-;118.0;13.5;-
CHD;190707;-;-;-;-;-;-;-;91.9;13.9;-
CHD;190708;-;-;-;-;-;-;-;127.4;15.3;-
CHD;190709;-;-;-;-;-;-;-;46.6;12.2;-
CHD;190710;-;-;-;-;-;-;-;73.9;7.7;-
CHD;190711;-;-;-;-;-;-;-;18.6;2.9;-
CHD;190712;-;-;-;-;-;-;-;136.8;-1.3;-
CHD;190801;-;-;-;-;-;-;-;60.3;-3.5;-
CHD;190802;-;-;-;-;-;-;-;181.1;-2.2;-
CHD;190803;-;-;-;-;-;-;-;77.2;0.1;-
CHD;190804;-;-;-;-;-;-;-;67.9;4.0;-
CHD;190805;-;-;-;-;-;-;-;96.6;12.1;-
CHD;190806;-;-;-;-;-;-;-;105.2;15.0;-
CHD;190807;-;-;-;-;-;-;-;119.4;14.9;-
CHD;190808;-;-;-;-;-;-;-;86.9;13.3;-
CHD;190809;-;-;-;-;-;-;-;119.5;11.1;-
CHD;190810;-;-;-;-;-;-;-;14.6;7.1;-
CHD;190811;-;-;-;-;-;-;-;90.1;0.7;-
CHD;190812;-;-;-;-;-;-;-;53.8;-2.6;-
CHD;190901;-;-;-;-;-;-;-;57.9;-5.1;-
CHD;190902;-;-;-;-;-;-;-;19.3;-5.3;-
CHD;190903;-;-;-;-;-;-;-;74.4;-0.7;-
CHD;190904;-;-;-;-;-;-;-;67.9;7.5;-
CHD;190905;-;-;-;-;-;-;-;58.5;9.6;-
CHD;190906;-;-;-;-;-;-;-;150.1;11.5;-
CHD;190907;-;-;-;-;-;-;-;164.2;12.9;-
CHD;190908;-;-;-;-;-;-;-;127.9;14.3;-
CHD;190909;-;-;-;-;-;-;-;81.4;10.8;-
CHD;190910;-;-;-;-;-;-;-;135.4;8.4;-
CHD;190911;-;-;-;-;-;-;-;49.7;-0.1;-
CHD;190912;-;-;-;-;-;-;-;192.5;0.2;-
CHD;191001;-;-;-;-;-;-;-;312.3;-1.4;-
CHD;191002;-;-;-;-;-;-;-;139.1;-1.3;-
CHD;191003;-;-;-;-;-;-;-;21.1;2.4;-
CHD;191004;-;-;-;-;-;-;-;89.5;5.0;-
CHD;191005;-;-;-;-;-;-;-;86.0;8.5;-
CHD;191006;-;-;-;-;-;-;-;203.4;13.5;-
CHD;191007;-;-;-;-;-;-;-;227.9;13.1;-
CHD;191008;-;-;-;-;-;-;-;163.4;14.0;-
CHD;191009;-;-;-;-;-;-;-;151.0;9.8;-
CHD;191010;-;-;-;-;-;-;-;49.0;8.3;-
CHD;191011;-;-;-;-;-;-;-;290.1;0.4;-
CHD;191012;-;-;-;-;-;-;-;124.1;0.5;-
CHD;191101;-;-;-;-;-;-;-;13.7;-5.7;-
CHD;191102;-;-;-;-;-;-;-;87.8;-1.8;-
CHD;191103;-;-;-;-;-;-;-;104.7;2.3;-
CHD;191104;-;-;-;-;-;-;-;58.6;5.1;-
CHD;191105;-;-;-;-;-;-;-;76.1;10.2;-
CHD;191106;-;-;-;-;-;-;-;144.0;12.7;-
CHD;191107;-;-;-;-;-;-;-;33.8;17.6;-
CHD;191108;-;-;-;-;-;-;-;58.3;17.3;-
CHD;191109;-;-;-;-;-;-;-;64.1;13.5;-
CHD;191110;-;-;-;-;-;-;-;134.6;7.3;-
CHD;191111;-;-;-;-;-;-;-;63.4;3.8;-
CHD;191112;-;-;-;-;-;-;-;132.0;0.5;-
CHD;191201;-;-;-;-;-;-;-;76.7;-0.2;-
CHD;191202;-;-;-;-;-;-;-;65.8;2.2;-
CHD;191203;-;-;-;-;-;-;-;115.9;3.9;-
CHD;191204;-;-;-;-;-;-;-;69.6;4.3;-
CHD;191205;-;-;-;-;-;-;-;104.4;10.6;-
CHD;191206;-;-;-;-;-;-;-;208.0;13.1;-
CHD;191207;-;-;-;-;-;-;-;155.6;14.0;-
CHD;191208;-;-;-;-;-;-;-;216.2;11.5;-
CHD;191209;-;-;-;-;-;-;-;50.4;6.8;-
CHD;191210;-;-;-;-;-;-;-;190.4;5.4;-
CHD;191211;-;-;-;-;-;-;-;86.3;-1.9;-
CHD;191212;-;-;-;-;-;-;-;46.3;-0.9;-
CHD;191301;-;-;-;-;-;-;-;86.3;0.3;-
CHD;191302;-;-;-;-;-;-;-;38.3;-1.8;-
CHD;191303;-;-;-;-;-;-;-;76.4;3.8;-
CHD;191304;-;-;-;-;-;-;-;72.2;5.3;-
CHD;191305;-;-;-;-;-;-;-;84.5;9.6;-
CHD;191306;-;-;-;-;-;-;-;123.2;12.8;-
CHD;191307;-;-;-;-;-;-;-;170.5;12.3;-
CHD;191308;-;-;-;-;-;-;-;85.6;13.6;-
CHD;191309;-;-;-;-;-;-;-;84.5;10.7;-
CHD;191310;-;-;-;-;-;-;-;35.0;8.3;-
CHD;191311;-;-;-;-;-;-;-;135.3;4.0;-
CHD;191312;-;-;-;-;-;-;-;80.3;-2.0;-
CHD;191401;-;-;-;-;-;-;-;112.4;-7.5;-
CHD;191402;-;-;-;-;-;-;-;27.3;0.8;-
CHD;191403;-;-;-;-;-;-;-;253.1;1.9;-
CHD;191404;-;-;-;-;-;-;-;70.3;7.3;-
CHD;191405;-;-;-;-;-;-;-;138.5;8.4;-
CHD;191406;-;-;-;-;-;-;-;98.4;12.1;-
CHD;191407;-;-;-;-;-;-;-;202.5;13.2;-
CHD;191408;-;-;-;-;-;-;-;196.8;14.9;-
CHD;191409;-;-;-;-;-;-;-;144.1;10.6;-
CHD;191410;-;-;-;-;-;-;-;52.6;6.4;-
CHD;191411;-;-;-;-;-;-;-;99.8;0.9;-
CHD;191412;-;-;-;-;-;-;-;95.3;0.1;-
CHD;191501;-;-;-;-;-;-;-;156.2;-3.4;-
CHD;191502;-;-;-;-;-;-;-;78.7;-2.6;-
CHD;191503;-;-;-;-;-;-;-;98.8;0.7;-
CHD;191504;-;-;-;-;-;-;-;109.5;4.1;-
CHD;191505;-;-;-;-;-;-;-;98.8;11.9;-
CHD;191506;-;-;-;-;-;-;-;161.6;14.6;-
CHD;191507;-;-;-;-;-;-;-;191.4;14.0;-
CHD;191508;-;-;-;-;-;-;-;138.5;13.2;-
CHD;191509;-;-;-;-;-;-;-;127.7;9.9;-
CHD;191510;-;-;-;-;-;-;-;27.9;5.0;-
CHD;191511;-;-;-;-;-;-;-;103.5;-1.2;-
CHD;191512;-;-;-;-;-;-;-;143.5;2.7;-
CHD;191601;-;-;-;-;-;-;-;72.5;-0.5;-
CHD;191602;-;-;-;-;-;-;-;163.2;-0.5;-
CHD;191603;-;-;-;-;-;-;-;86.2;1.7;-
CHD;191604;-;-;-;-;-;-;-;154.9;5.5;-
CHD;191605;-;-;-;-;-;-;-;61.7;10.9;-
CHD;191606;-;-;-;-;-;-;-;182.4;11.3;-
CHD;191607;-;-;-;-;-;-;-;130.7;14.2;-
CHD;191608;-;-;-;-;-;-;-;141.6;13.8;-
CHD;191609;-;-;-;-;-;-;-;88.3;9.6;-
CHD;191610;-;-;-;-;-;-;-;109.3;6.6;-
CHD;191611;-;-;-;-;-;-;-;98.7;1.6;-
CHD;191612;-;-;-;-;-;-;-;178.3;-0.7;-
CHD;191701;-;-;-;-;-;-;-;83.3;-5.7;-
CHD;191702;-;-;-;-;-;-;-;15.7;-3.9;-
CHD;191703;-;-;-;-;-;-;-;133.5;-0.5;-
CHD;191704;-;-;-;-;-;-;-;96.0;2.3;-
CHD;191705;-;-;-;-;-;-;-;86.0;12.6;-
CHD;191706;-;-;-;-;-;-;-;132.3;14.3;-
CHD;191707;-;-;-;-;-;-;-;181.9;14.4;-
CHD;191708;-;-;-;-;-;-;-;155.7;13.3;-
CHD;191709;-;-;-;-;-;-;-;51.9;13.3;-
CHD;191710;-;-;-;-;-;-;-;220.8;4.4;-
CHD;191711;-;-;-;-;-;-;-;164.9;0.8;-
CHD;191712;-;-;-;-;-;-;-;40.8;-5.5;-
CHD;191801;-;-;-;-;-;-;-;90.0;-0.9;-
CHD;191802;-;-;-;-;-;-;-;22.7;-0.1;-
CHD;191803;-;-;-;-;-;-;-;66.0;1.4;-
CHD;191804;-;-;-;-;-;-;-;68.1;5.4;-
CHD;191805;-;-;-;-;-;-;-;81.6;11.1;-
CHD;191806;-;-;-;-;-;-;-;151.3;10.9;-
CHD;191807;-;-;-;-;-;-;-;94.2;14.8;-
CHD;191808;-;-;-;-;-;-;-;88.4;13.9;-
CHD;191809;-;-;-;-;-;-;-;225.7;11.7;-
CHD;191810;-;-;-;-;-;-;-;64.6;5.1;-
CHD;191811;-;-;-;-;-;-;-;91.0;1.7;-
CHD;191812;-;-;-;-;-;-;-;291.3;0.6;-
CHD;191901;-;-;-;-;-;-;-;27.1;-3.3;-
CHD;191902;-;-;-;-;-;-;-;116.3;-2.1;-
CHD;191903;-;-;-;-;-;-;-;183.2;1.6;-
CHD;191904;-;-;-;-;-;-;-;218.5;3.3;-
CHD;191905;-;-;-;-;-;-;-;50.1;9.6;-
CHD;191906;-;-;-;-;-;-;-;155.9;12.9;-
CHD;191907;-;-;-;-;-;-;-;167.7;12.0;-
CHD;191908;-;-;-;-;-;-;-;50.5;15.3;-
CHD;191909;-;-;-;-;-;-;-;68.8;12.6;-
CHD;191910;-;-;-;-;-;-;-;101.1;3.4;-
CHD;191911;-;-;-;-;-;-;-;172.9;-0.5;-
CHD;191912;-;-;-;-;-;-;-;221.1;-0.9;-
CHD;192001;-;-;-;-;-;-;-;169.4;0.0;-
CHD;192002;-;-;-;-;-;-;-;17.3;0.5;-
CHD;192003;-;-;-;-;-;-;-;34.9;3.9;-
CHD;192004;-;-;-;-;-;-;-;86.6;6.3;-
CHD;192005;-;-;-;-;-;-;-;81.7;13.0;-
CHD;192006;-;-;-;-;-;-;-;111.6;12.7;-
CHD;192007;-;-;-;-;-;-;-;107.9;14.5;-
CHD;192008;-;-;-;-;-;-;-;95.7;12.4;-
CHD;192009;-;-;-;-;-;-;-;119.5;11.3;-
CHD;192010;-;-;-;-;-;-;-;22.6;7.0;-
CHD;192011;-;-;-;-;-;-;-;1.9;2.3;-
CHD;192012;-;-;-;-;-;-;-;45.1;-2.1;-
CHD;192101;-;-;-;-;-;-;-;76.9;0.8;-
CHD;192102;-;-;-;-;-;-;-;10.4;-2.2;-
CHD;192103;-;-;-;-;-;-;-;30.3;3.1;-
CHD;192104;-;-;-;-;-;-;-;62.8;4.6;-
CHD;192105;-;-;-;-;-;-;-;121.7;10.8;-
CHD;192106;-;-;-;-;-;-;-;114.9;13.6;-
CHD;192107;-;-;-;-;-;-;-;61.2;17.4;-
CHD;192108;-;-;-;-;-;-;-;209.8;14.5;-
CHD;192109;-;-;-;-;-;-;-;76.1;13.1;-
CHD;192110;-;-;-;-;-;-;-;25.2;9.1;-
CHD;192111;-;-;-;-;-;-;-;91.6;0.2;-
CHD;192112;-;-;-;-;-;-;-;94.4;-0.7;-
CHD;192201;-;-;-;-;-;-;-;178.8;-3.2;-
CHD;192202;-;-;-;-;-;-;-;86.7;-2.0;-
CHD;192203;-;-;-;-;-;-;-;67.7;2.4;-
CHD;192204;-;-;-;-;-;-;-;226.2;3.3;-
CHD;192205;-;-;-;-;-;-;-;52.2;11.6;-
CHD;192206;-;-;-;-;-;-;-;173.9;14.0;-
CHD;192207;-;-;-;-;-;-;-;208.8;13.5;-
CHD;192208;-;-;-;-;-;-;-;130.3;14.6;-
CHD;192209;-;-;-;-;-;-;-;97.8;9.2;-
CHD;192210;-;-;-;-;-;-;-;150.2;5.4;-
CHD;192211;-;-;-;-;-;-;-;157.0;0.3;-
CHD;192212;-;-;-;-;-;-;-;115.3;-2.9;-
CHD;192301;-;-;-;-;-;-;-;57.3;-4.0;-
CHD;192302;-;-;-;-;-;-;-;104.4;0.1;-
CHD;192303;-;-;-;-;-;-;-;41.7;2.1;-
CHD;192304;-;-;-;-;-;-;-;50.3;5.6;-
CHD;192305;-;-;-;-;-;-;-;149.8;9.7;-
CHD;192306;-;-;-;-;-;-;-;113.4;10.4;-
CHD;192307;-;-;-;-;-;-;-;68.2;17.0;-
CHD;192308;-;-;-;-;-;-;-;111.5;15.6;-
CHD;192309;-;-;-;-;-;-;-;99.7;11.4;-
CHD;192310;-;-;-;-;-;-;-;191.3;9.4;-
CHD;192311;-;-;-;-;-;-;-;174.6;2.3;-
CHD;192312;-;-;-;-;-;-;-;236.2;-1.2;-
CHD;192401;-;-;-;-;-;-;-;55.9;-2.6;-
CHD;192402;-;-;-;-;-;-;-;26.8;-3.9;-
CHD;192403;-;-;-;-;-;-;-;42.8;1.8;-
CHD;192404;-;-;-;-;-;-;-;170.9;6.2;-
CHD;192405;-;-;-;-;-;-;-;132.3;11.6;-
CHD;192406;-;-;-;-;-;-;-;166.6;13.7;-
CHD;192407;-;-;-;-;-;-;-;160.8;15.3;-
CHD;192408;-;-;-;-;-;-;-;173.6;11.7;-
CHD;192409;-;-;-;-;-;-;-;136.0;11.7;-
CHD;192410;-;-;-;-;-;-;-;94.0;7.1;-
CHD;192411;-;-;-;-;-;-;-;26.5;2.0;-
CHD;192412;-;-;-;-;-;-;-;22.6;0.0;-
CHD;192501;-;-;-;-;-;-;-;40.1;1.6;-
CHD;192502;-;-;-;-;-;-;-;49.0;0.9;-
CHD;192503;-;-;-;-;-;-;-;33.8;0.2;-
CHD;192504;-;-;-;-;-;-;-;102.6;6.1;-
CHD;192505;-;-;-;-;-;-;-;132.6;10.4;-
CHD;192506;-;-;-;-;-;-;-;46.0;14.5;-
CHD;192507;-;-;-;-;-;-;-;141.0;14.8;-
CHD;192508;-;-;-;-;-;-;-;192.7;14.2;-
CHD;192509;-;-;-;-;-;-;-;124.2;9.7;-
CHD;192510;-;-;-;-;-;-;-;26.7;8.0;-
CHD;192511;-;-;-;-;-;-;-;81.1;1.2;-
CHD;192512;-;-;-;-;-;-;-;159.9;-1.3;-
CHD;192601;-;-;-;-;-;-;-;101.3;-2.0;-
CHD;192602;-;-;-;-;-;-;-;72.2;3.7;-
CHD;192603;-;-;-;-;-;-;-;105.8;3.8;-
CHD;192604;-;-;-;-;-;-;-;85.4;6.9;-
CHD;192605;-;-;-;-;-;-;-;144.9;8.3;-
CHD;192606;-;-;-;-;-;-;-;181.5;11.0;-
CHD;192607;-;-;-;-;-;-;-;126.2;14.4;-
CHD;192608;-;-;-;-;-;-;-;115.9;14.7;-
CHD;192609;-;-;-;-;-;-;-;90.9;13.5;-
CHD;192610;-;-;-;-;-;-;-;144.6;7.8;-
CHD;192611;-;-;-;-;-;-;-;86.6;4.6;-
CHD;192612;-;-;-;-;-;-;-;67.6;-3.5;-
CHD;192701;-;-;-;-;-;-;-;79.3;-1.6;-
CHD;192702;-;-;-;-;-;-;-;40.2;-1.7;-
CHD;192703;-;-;-;-;-;-;-;143.9;2.9;-
CHD;192704;-;-;-;-;-;-;-;151.1;6.2;-
CHD;192705;-;-;-;-;-;-;-;82.4;11.1;-
CHD;192706;-;-;-;-;-;-;-;161.1;13.3;-
CHD;192707;-;-;-;-;-;-;-;184.6;15.2;-
CHD;192708;-;-;-;-;-;-;-;326.6;13.7;-
CHD;192709;-;-;-;-;-;-;-;184.6;11.2;-
CHD;192710;-;-;-;-;-;-;-;32.5;6.9;-
CHD;192711;-;-;-;-;-;-;-;78.4;2.5;-
CHD;192712;-;-;-;-;-;-;-;50.0;-0.9;-
CHD;192801;-;-;-;-;-;-;-;62.6;-0.7;-
CHD;192802;-;-;-;-;-;-;-;118.9;-0.2;-
CHD;192803;-;-;-;-;-;-;-;53.1;3.5;-
CHD;192804;-;-;-;-;-;-;-;95.3;6.3;-
CHD;192805;-;-;-;-;-;-;-;110.5;8.2;-
CHD;192806;-;-;-;-;-;-;-;84.0;13.8;-
CHD;192807;-;-;-;-;-;-;-;81.9;18.2;-
CHD;192808;-;-;-;-;-;-;-;189.3;16.7;-
CHD;192809;-;-;-;-;-;-;-;142.8;11.8;-
CHD;192810;-;-;-;-;-;-;-;111.3;6.7;-
CHD;192811;-;-;-;-;-;-;-;212.1;3.6;-
CHD;192812;-;-;-;-;-;-;-;111.6;-3.4;-
CHD;192901;-;-;-;-;-;-;-;32.7;-6.4;-
CHD;192902;-;-;-;-;-;-;-;24.7;-6.6;-
CHD;192903;-;-;-;-;-;-;-;8.9;1.9;-
CHD;192904;-;-;-;-;-;-;-;120.0;3.3;-
CHD;192905;-;-;-;-;-;-;-;127.3;10.5;-
CHD;192906;-;-;-;-;-;-;-;113.0;14.5;-
CHD;192907;-;-;-;-;-;-;-;110.3;16.4;-
CHD;192908;-;-;-;-;-;-;-;142.0;14.7;-
CHD;192909;-;-;-;-;-;-;-;72.0;14.1;-
CHD;192910;-;-;-;-;-;-;-;123.7;7.8;-
CHD;192911;-;-;-;-;-;-;-;59.0;2.6;-
CHD;192912;-;-;-;-;-;-;-;156.8;0.8;-
CHD;193001;-;-;-;-;-;-;-;52.1;0.4;-
CHD;193002;-;-;-;-;-;-;-;28.4;-2.1;-
CHD;193003;-;-;-;-;-;-;-;85.5;3.4;-
CHD;193004;-;-;-;-;-;-;-;125.5;6.4;-
CHD;193005;-;-;-;-;-;-;-;159.6;9.1;-
CHD;193006;-;-;-;-;-;-;-;138.9;15.6;-
CHD;193007;-;-;-;-;-;-;-;228.5;14.0;-
CHD;193008;-;-;-;-;-;-;-;177.0;14.6;-
CHD;193009;-;-;-;-;-;-;-;126.0;12.5;-
CHD;193010;-;-;-;-;-;-;-;296.2;6.7;-
CHD;193011;-;-;-;-;-;-;-;191.0;4.9;-
CHD;193012;-;-;-;-;-;-;-;79.0;-2.1;-
CHD;193101;-;-;-;58;899.8;-16.6;66.2;140.8;-2.9;-
CHD;193102;-;-;-;62;897.7;-19.2;65.5;93.1;-3.7;-
CHD;193103;-;-;-;50;897.1;-16.8;61.1;135.1;0.7;-
CHD;193104;-;-;-;57;899.0;-7.0;56.5;67.5;5.2;-
CHD;193105;-;-;-;51;901.2;1.6;54.4;86.0;12.1;-
CHD;193106;-;-;-;45;907.0;3.8;51.2;107.2;16.3;-
CHD;193107;-;-;-;55;904.4;2.0;56.7;169.1;14.6;-
CHD;193108;-;-;-;61;903.3;2.5;65.8;239.5;13.2;-
CHD;193109;-;-;-;53;905.2;-4.0;66.7;116.7;7.8;-
CHD;193110;-;-;-;44;905.9;-3.0;66.0;63.3;6.9;-
CHD;193111;-;-;-;61;901.8;-3.8;69.3;36.9;3.6;-
CHD;193112;-;-;-;35;907.9;-17.0;62.6;57.2;-3.4;-
CHD;193201;-;-;-;41;911.9;-17.2;58.4;111.9;-1.2;-
CHD;193202;-;-;-;14;904.1;-21.0;51.8;4.6;-5.9;-
CHD;193203;-;-;-;57;899.0;-12.5;57.7;110.4;0.5;-
CHD;193204;-;-;-;65;897.9;-8.0;54.3;90.4;3.9;-
CHD;193205;-;-;-;66;901.3;-0.2;55.0;177.4;9.0;-
CHD;193206;-;-;-;58;903.9;0.0;57.5;118.9;12.5;-
CHD;193207;-;-;-;67;903.1;5.0;71.2;195.1;14.5;-
CHD;193208;-;-;-;37;909.0;7.5;64.2;59.0;17.2;-
CHD;193209;-;-;-;50;905.3;5.5;65.3;70.3;14.0;-
CHD;193210;-;-;-;65;900.1;-3.8;62.7;173.4;6.7;-
CHD;193211;-;-;-;47;905.6;-9.0;66.8;25.1;2.7;-
CHD;193212;-;-;-;56;906.7;-9.5;59.5;29.8;0.2;-
CHD;193301;-;-;-;39;903.6;-17.5;54.4;23.4;-4.8;-
CHD;193302;-;-;-;54;900.5;-17.5;55.4;74.2;-1.4;-
CHD;193303;-;-;-;45;903.3;-8.8;52.5;77.8;3.0;-
CHD;193304;-;-;-;49;903.9;-6.8;51.8;60.8;6.8;-
CHD;193305;-;-;-;62;902.3;-2.0;76.4;148.3;8.9;-
CHD;193306;-;-;-;70;900.1;0.8;77.8;193.4;10.9;-
CHD;193307;-;-;-;38;908.8;1.5;75.2;168.7;16.2;-
CHD;193308;-;-;-;35;907.8;4.5;75.5;80.9;16.2;-
CHD;193309;-;-;-;53;905.5;3.0;82.7;115.7;12.8;-
CHD;193310;-;-;-;59;902.6;-5.0;82.5;120.3;7.5;-
CHD;193311;-;-;-;69;896.5;-9.5;84.3;52.1;1.1;-
CHD;193312;-;-;-;36;898.2;-21.5;83.2;13.3;-6.6;-
CHD;193401;-;-;-;51;907.8;-13.5;78.8;99.1;-3.0;-
CHD;193402;-;-;-;22;908.4;-18.5;74.9;2.2;-2.8;-
CHD;193403;-;-;-;64;894.6;-10.8;80.8;80.6;1.5;-
CHD;193404;-;-;-;53;897.1;-3.0;73.6;34.5;8.0;-
CHD;193405;-;-;-;42;904.6;2.0;71.6;20.1;12.1;-
CHD;193406;-;-;-;51;904.4;2.5;72.3;175.3;13.7;-
CHD;193407;-;-;-;35;905.6;4.0;74.3;109.4;16.3;-
CHD;193408;-;-;-;52;903.8;3.0;79.7;174.2;13.5;-
CHD;193409;-;-;-;33;908.0;1.5;81.6;55.6;12.9;-
CHD;193410;-;-;-;48;906.4;-5.0;81.3;119.1;6.4;-
CHD;193411;-;-;-;44;901.6;-13.5;81.8;64.3;0.8;-
CHD;193412;-;-;-;65;898.9;-5.5;84.9;107.2;2.3;-
CHD;193501;-;-;-;46;903.2;-19.5;82.3;108.4;-6.0;-
CHD;193502;-;-;-;62;898.3;-18.8;77.8;172.9;-0.8;-
CHD;193503;-;-;-;48;904.8;-14.5;73.8;86.6;0.7;-
CHD;193504;-;-;-;72;899.3;-7.0;76.2;127.9;4.7;-
CHD;193505;-;-;-;57;900.8;-3.5;74.3;88.8;8.7;-
CHD;193506;-;-;-;42;906.4;3.0;71.4;109.3;15.4;-
CHD;193507;-;-;-;36;907.6;3.8;70.7;72.3;16.3;-
CHD;193508;-;-;-;47;904.9;3.8;78.2;193.2;13.9;-
CHD;193509;-;-;-;47;906.4;0.8;78.5;96.9;12.5;-
CHD;193510;-;-;-;82;901.6;-2.2;85.0;182.9;7.0;-
CHD;193511;-;-;-;59;899.6;-7.0;81.9;50.9;3.0;-
CHD;193512;-;-;-;73;892.7;-16.8;82.0;211.7;-2.6;-
CHD;193601;-;-;-;73;896.1;-11.5;81.1;147.5;1.7;-
CHD;193602;-;-;-;56;893.7;-16.2;81.0;135.8;-0.8;-
CHD;193603;-;-;-;46;898.1;-7.0;83.5;28.6;3.9;-
CHD;193604;-;-;-;76;897.3;-7.0;84.3;126.5;5.5;-
CHD;193605;-;-;-;55;899.3;0.5;77.7;80.3;10.7;-
CHD;193606;-;-;-;65;904.6;-0.2;82.5;141.1;12.7;-
CHD;193607;-;-;-;62;903.6;5.4;78.5;207.3;14.2;-
CHD;193608;-;-;-;46;905.9;5.2;80.7;95.7;14.3;-
CHD;193609;-;-;-;68;903.9;-1.4;82.6;239.3;11.5;-
CHD;193610;-;-;-;54;902.0;-4.0;82.5;77.8;3.1;15.5
CHD;193611;-;-;-;56;899.7;-5.5;81.5;64.9;2.1;12.0
CHD;193612;-;-;-;40;906.1;-11.5;79.2;103.4;-0.7;7.5
CHD;193701;-;-;-;54;899.5;-11.0;77.3;93.0;0.3;8.5
CHD;193702;-;-;-;81;894.5;-9.0;80.6;166.7;1.1;11.5
CHD;193703;-;-;-;63;890.0;-12.5;74.9;113.2;0.7;10.1
CHD;193704;-;-;-;67;896.5;-3.4;76.2;103.8;4.8;16.5
CHD;193705;-;-;-;35;902.2;0.6;71.2;114.1;11.0;24.5
CHD;193706;-;-;-;51;902.9;5.0;72.6;119.6;14.0;29.0
CHD;193707;-;-;-;44;903.5;5.0;70.6;120.0;15.6;27.5
CHD;193708;-;-;-;50;903.2;5.5;75.5;64.5;14.6;27.5
CHD;193709;-;-;-;58;900.8;3.0;80.7;76.8;11.1;24.0
CHD;193710;-;-;-;54;900.1;-2.4;79.9;18.7;7.9;20.6
CHD;193711;-;-;-;53;899.1;-8.1;82.0;51.0;1.6;12.1
CHD;193712;-;-;-;57;894.9;-16.5;85.0;75.3;-3.9;8.7
CHD;193801;-;-;-;64;900.0;-19.5;81.1;126.5;-2.1;8.5
CHD;193802;-;-;-;42;904.2;-15.0;79.2;69.0;-3.4;6.5
CHD;193803;-;-;-;33;907.8;-6.5;69.7;33.4;3.6;17.5
CHD;193804;-;-;-;40;901.2;-7.5;67.0;25.8;2.9;18.1
CHD;193805;-;-;-;68;899.3;-2.7;72.4;126.7;8.4;24.5
CHD;193806;-;-;-;52;905.3;4.6;71.0;158.3;14.5;31.6
CHD;193807;-;-;-;54;904.0;4.3;73.9;144.6;14.6;29.0
CHD;193808;-;-;-;62;901.4;3.3;78.3;155.8;14.4;29.2
CHD;193809;-;-;-;59;903.1;4.9;81.0;80.1;12.2;21.1
CHD;193810;-;-;-;47;901.7;-4.7;82.8;50.5;7.3;22.7
CHD;193811;-;-;-;43;903.3;-4.5;79.8;104.4;4.2;14.5
CHD;193812;-;-;-;64;895.4;-17.4;79.7;77.4;-2.6;11.2
CHD;193901;-;-;-;64;894.8;-15.5;79.5;128.7;-1.8;12.0
CHD;193902;-;-;-;44;904.1;-11.9;72.5;24.8;-0.7;10.9
CHD;193903;-;-;-;64;897.2;-13.5;76.7;159.4;-1.7;9.7
CHD;193904;-;-;-;66;898.4;-1.7;74.8;88.0;6.4;19.4
CHD;193905;-;-;-;78;896.9;-0.2;77.9;155.0;7.3;18.4
CHD;193906;-;-;-;59;901.2;3.2;74.9;138.3;13.0;26.7
CHD;193907;-;-;-;55;903.4;4.2;72.9;118.7;13.9;29.5
CHD;193908;-;-;-;58;902.9;5.5;80.5;109.5;14.2;23.2
CHD;193909;-;-;-;63;901.5;0.0;83.3;120.3;10.8;23.2
CHD;193910;-;-;-;83;896.6;-8.3;83.0;213.1;6.1;19.8
CHD;193911;-;-;-;65;902.1;-10.2;84.1;189.8;3.6;14.7
CHD;193912;-;-;-;63;897.6;-18.7;81.8;79.2;-2.7;12.8
CHD;194001;-;-;-;46;895.8;-22.3;80.6;70.8;-6.3;4.5
CHD;194002;-;-;-;64;897.1;-19.8;77.7;91.6;-0.6;13.0
CHD;194003;-;-;-;59;899.2;-12.3;71.4;127.9;2.1;17.2
CHD;194004;-;-;-;64;898.3;-4.3;67.4;97.9;5.8;20.3
CHD;194005;-;-;-;63;898.4;0.3;70.1;120.5;9.4;23.8
CHD;194006;-;-;-;67;901.1;3.4;71.5;116.8;12.6;25.9
CHD;194007;-;-;-;64;902.5;5.0;73.6;195.4;13.8;24.4
CHD;194008;-;-;-;48;905.6;1.2;75.2;136.6;13.4;26.6
CHD;194009;-;-;-;56;903.8;0.4;77.8;295.5;11.5;22.9
CHD;194010;-;-;-;59;897.6;-4.5;85.7;83.8;6.6;18.0
CHD;194011;-;-;-;68;898.9;-8.0;76.5;161.8;3.0;17.7
CHD;194012;-;-;-;48;900.7;-20.9;81.6;143.0;-7.4;6.3
CHD;194101;-;-;16;64;890.1;-15.2;78.0;82.1;-4.0;8.6
CHD;194102;-;-;34;70;890.1;-16.3;73.9;103.3;-1.5;10.8
CHD;194103;-;-;13;54;897.0;-10.8;71.3;75.7;2.2;13.4
CHD;194104;-;-;0;62;895.0;-6.7;67.5;49.8;4.4;15.7
CHD;194105;-;-;0;70;896.7;-3.5;69.6;121.9;6.7;17.3
CHD;194106;-;-;0;57;903.4;1.0;66.8;128.1;13.9;28.9
CHD;194107;-;-;0;54;903.0;6.5;62.2;98.1;16.6;31.0
CHD;194108;-;-;0;70;901.7;3.0;69.6;269.8;13.6;24.0
CHD;194109;-;-;0;46;906.3;0.0;73.4;24.2;11.4;22.5
CHD;194110;-;-;6;75;903.1;-7.0;79.2;150.6;5.9;18.6
CHD;194111;-;-;11;66;898.2;-12.0;80.6;42.0;0.9;16.5
CHD;194112;-;-;9;33;904.5;-20.0;71.6;75.9;-4.0;12.0
CHD;194201;-;-;28;58;893.7;-21.0;76.4;122.9;-6.7;4.3
CHD;194202;-;-;77;58;892.6;-19.5;76.0;25.1;-6.5;6.0
CHD;194203;-;-;16;57;896.4;-8.7;72.0;61.2;3.4;18.7
CHD;194204;-;-;0;63;896.3;-3.6;69.2;98.3;6.0;17.0
CHD;194205;-;-;0;66;900.0;-5.0;66.9;124.8;9.9;25.0
CHD;194206;-;-;0;51;902.1;1.5;64.3;116.4;13.7;26.8
CHD;194207;-;-;0;64;902.8;4.0;64.4;141.4;14.9;28.6
CHD;194208;-;-;0;56;903.0;2.5;67.5;114.9;14.7;27.5
CHD;194209;-;-;0;49;902.1;-0.5;72.3;91.9;13.2;25.0
CHD;194210;-;-;0;50;902.3;0.0;76.7;75.5;9.3;21.0
CHD;194211;-;-;1;47;901.4;-12.1;79.5;51.5;-1.0;10.9
CHD;194212;-;-;0;52;900.7;-13.7;71.5;54.6;-0.6;12.6
CHD;194301;-;-;25;60;896.4;-15.0;75.4;135.0;-1.6;7.2
CHD;194302;-;-;32;50;905.6;-13.6;69.9;51.6;-1.0;9.5
CHD;194303;-;-;0;46;900.2;-5.5;68.9;61.9;3.7;13.6
CHD;194304;-;-;2;45;904.6;-7.7;69.0;98.4;6.4;20.7
CHD;194305;-;-;0;52;902.2;-4.0;63.6;115.3;11.0;24.6
CHD;194306;-;-;0;57;904.4;0.9;67.5;167.0;12.1;25.0
CHD;194307;-;-;0;49;902.0;4.2;65.6;147.6;15.0;27.0
CHD;194308;-;-;0;39;903.2;1.4;63.6;79.4;15.7;30.0
CHD;194309;-;-;0;65;901.7;1.3;78.0;142.2;12.3;24.5
CHD;194310;-;-;0;37;900.6;-0.3;78.0;4.9;8.5;18.0
CHD;194311;-;-;3;67;897.6;-10.5;76.4;116.3;0.2;14.0
CHD;194312;-;-;6;51;901.3;-10.2;75.7;39.6;-1.5;10.5
CHD;194401;-;-;18;50;907.6;-15.3;67.8;85.0;-1.3;9.8
CHD;194402;-;-;61;60;894.0;-18.2;73.0;160.9;-4.8;9.5
CHD;194403;-;-;46;58;897.3;-12.9;63.7;46.9;-1.2;12.5
CHD;194404;-;-;2;54;900.4;-4.5;61.5;56.6;7.0;20.7
CHD;194405;-;-;0;50;901.9;-1.5;57.8;29.4;10.1;26.0
CHD;194406;-;-;0;65;898.9;1.5;64.9;128.9;12.3;24.1
CHD;194407;-;-;0;55;901.0;5.0;67.1;165.2;14.5;27.0
CHD;194408;-;-;0;47;902.8;6.0;67.5;153.6;16.9;30.4
CHD;194409;-;-;0;65;903.6;-1.0;77.5;145.7;10.7;22.6
CHD;194410;-;-;0;75;894.9;-3.5;80.4;125.0;5.2;16.1
CHD;194411;-;-;30;71;896.9;-10.5;78.4;329.4;1.1;12.5
CHD;194412;-;-;3;50;898.0;-14.0;68.6;156.2;-3.3;6.4
CHD;194501;-;-;39;50;891.9;-20.0;66.9;91.9;-7.9;5.0
CHD;194502;-;-;28;50;907.2;-7.5;69.9;109.1;1.0;10.7
CHD;194503;-;-;18;44;907.7;-10.0;67.3;118.2;2.7;16.5
CHD;194504;-;-;0;47;901.5;-2.9;58.5;70.0;7.5;21.6
CHD;194505;-;-;1;48;899.6;-5.0;54.7;115.4;11.3;27.1
CHD;194506;-;-;0;44;904.8;1.0;53.7;93.2;14.7;28.5
CHD;194507;-;-;0;42;902.7;4.5;56.5;59.9;16.5;30.0
CHD;194508;-;-;0;57;-;5.5;65.1;158.7;13.9;26.5
CHD;194509;-;-;0;45;903.9;0.0;73.3;149.5;11.7;24.0
CHD;194510;-;-;0;39;903.6;-2.5;72.2;93.7;6.7;17.8
CHD;194511;-;-;6;49;898.4;-10.0;74.4;54.5;0.3;12.0
CHD;194512;-;-;16;74;895.6;-20.5;72.3;127.3;-1.6;12.5
CHD;194601;-;-;11;44;902.2;-17.5;65.1;70.1;-3.7;11.0
CHD;194602;-;-;32;77;900.9;-10.0;70.6;168.2;0.4;12.0
CHD;194603;-;-;6;53;895.9;-10.5;65.1;42.3;2.9;18.0
CHD;194604;-;-;0;52;899.9;-2.8;60.8;20.5;8.6;20.0
CHD;194605;-;-;0;68;895.8;0.0;59.8;107.4;11.4;22.0
CHD;194606;-;-;0;68;902.3;0.0;63.6;263.3;12.1;27.5
CHD;194607;-;-;0;48;904.1;4.4;61.4;128.7;15.8;28.5
CHD;194608;-;-;0;52;901.1;2.5;64.1;166.5;13.9;30.2
CHD;194609;-;-;0;42;903.5;2.0;71.1;160.4;12.1;22.5
CHD;194610;-;-;0;52;899.4;-5.0;76.7;45.9;6.3;20.5
CHD;194611;-;-;0;59;896.4;-7.6;70.3;47.8;1.7;11.0
CHD;194612;-;-;24;62;895.8;-17.3;77.2;90.7;-4.0;5.6
CHD;194701;-;-;30;47;897.0;-18.4;67.1;65.7;-5.5;7.8
CHD;194702;-;-;20;65;886.2;-12.6;67.6;42.8;-2.3;9.0
CHD;194703;-;-;8;78;891.9;-15.0;66.1;173.1;3.2;17.0
CHD;194704;-;-;0;47;904.9;-3.8;47.3;41.9;9.3;23.8
CHD;194705;-;-;0;62;899.5;1.6;57.8;69.2;12.1;26.2
CHD;194706;-;-;0;47;902.6;3.6;57.4;133.4;15.0;30.0
CHD;194707;-;-;0;43;902.9;5.4;56.0;101.0;16.6;32.5
CHD;194708;-;-;0;37;902.3;5.5;54.0;62.2;16.7;32.2
CHD;194709;-;-;0;38;904.2;1.4;58.0;46.8;13.4;27.3
CHD;194710;-;-;0;45;903.0;-3.1;75.3;44.9;7.6;20.1
CHD;194711;-;-;2;65;899.8;-12.8;72.4;152.2;4.4;17.0
CHD;194712;-;-;25;69;896.6;-16.2;70.7;207.3;-2.0;9.0
CHD;194801;-;3924;10;71;891.7;-11.9;72.2;177.9;0.1;10.5
CHD;194802;-;6546;1;56;902.0;-17.5;59.9;73.6;-0.4;13.5
CHD;194803;-;13242;0;27;909.2;-7.0;55.1;25.6;5.7;17.5
CHD;194804;-;10080;1;56;896.9;-6.0;59.7;83.3;6.5;19.8
CHD;194805;-;11388;0;55;897.4;-0.5;59.3;84.1;10.9;23.1
CHD;194806;-;9282;0;66;901.1;1.0;62.4;273.3;11.8;26.7
CHD;194807;-;8586;0;67;902.3;3.2;65.5;253.0;12.4;26.0
CHD;194808;-;10218;0;59;901.6;4.0;69.6;176.8;13.9;24.9
CHD;194809;-;12138;0;37;903.2;0.5;71.1;92.3;11.1;23.2
CHD;194810;-;9306;0;54;902.3;-2.8;71.8;30.4;7.3;20.0
CHD;194811;-;7950;0;41;906.7;-6.5;61.5;65.3;3.1;14.5
CHD;194812;-;7956;4;30;904.1;-15.5;57.8;49.5;-1.9;11.1
CHD;194901;-;7116;29;45;905.2;-12.0;58.6;82.7;-1.8;7.5
CHD;194902;-;10608;21;24;908.7;-15.9;49.4;31.1;-1.4;9.5
CHD;194903;-;10590;16;49;899.3;-21.8;54.4;97.2;-0.4;14.6
CHD;194904;-;10698;1;55;903.0;-9.5;55.2;105.9;8.4;23.5
CHD;194905;-;7908;0;72;897.3;-2.0;59.2;94.5;9.1;24.6
CHD;194906;-;15510;0;46;902.3;2.0;50.0;84.3;13.6;24.5
CHD;194907;-;17442;0;28;904.2;5.0;42.6;45.0;16.4;31.6
CHD;194908;-;14658;0;38;904.9;1.5;46.8;102.8;15.6;28.6
CHD;194909;-;11886;0;51;904.3;5.1;60.8;110.2;14.7;28.0
CHD;194910;-;10962;0;41;904.0;-3.5;70.2;58.7;8.8;19.8
CHD;194911;-;4356;2;67;893.6;-8.2;67.8;100.6;1.1;14.5
CHD;194912;-;4482;3;56;899.1;-13.3;67.1;83.3;0.0;11.5
CHD;195001;-;7062;9;56;900.7;-14.8;63.2;104.6;-2.9;8.1
CHD;195002;-;4482;13;68;897.9;-12.0;55.0;119.3;0.6;11.1
CHD;195003;-;12090;1;36;901.4;-12.6;52.7;20.4;2.7;15.0
CHD;195004;-;7710;1;67;893.9;-8.6;54.8;133.8;4.2;18.8
CHD;195005;-;12150;0;57;900.3;0.5;52.5;81.5;11.5;25.5
CHD;195006;-;14670;0;43;903.8;4.5;49.3;132.7;15.0;30.8
CHD;195007;-;16848;0;41;902.6;6.3;44.5;98.3;17.5;29.6
CHD;195008;-;12354;0;57;901.0;3.8;60.7;171.9;14.8;27.6
CHD;195009;-;9750;0;58;901.6;0.4;63.3;158.1;11.0;23.9
CHD;195010;-;9900;0;39;902.8;-8.2;67.5;38.0;6.6;17.5
CHD;195011;-;2616;3;83;896.1;-9.2;71.3;294.0;2.4;11.6
CHD;195012;-;3000;20;75;889.6;-17.5;66.0;73.6;-4.1;13.0
CHD;195101;-;4488;27;62;894.7;-12.5;63.4;99.5;-1.2;8.0
CHD;195102;-;4830;34;68;891.2;-12.5;59.6;96.9;-1.0;11.0
CHD;195103;-;6414;27;70;892.2;-13.5;55.9;160.6;0.3;15.0
CHD;195104;-;10668;1;58;898.9;-4.5;50.9;84.4;5.5;19.0
CHD;195105;-;9114;0;71;895.3;-2.3;75.3;84.5;9.5;26.0
CHD;195106;-;9750;0;65;901.3;3.5;78.9;140.8;12.8;27.0
CHD;195107;-;15480;0;43;903.7;4.6;78.9;186.1;15.1;27.5
CHD;195108;-;11082;0;57;900.8;3.6;79.4;141.0;14.0;24.6
CHD;195109;-;10134;0;47;902.4;1.2;81.5;74.0;12.5;23.6
CHD;195110;-;8652;0;57;900.2;-2.5;81.9;51.0;6.9;16.6
CHD;195111;-;4116;1;71;894.8;-7.0;81.0;163.0;3.3;17.7
CHD;195112;-;5868;2;42;902.6;-12.0;75.1;68.4;-0.2;9.0
CHD;195201;-;4686;34;59;895.9;-17.5;79.2;139.3;-3.9;8.3
CHD;195202;-;7110;76;59;898.0;-14.5;77.4;114.2;-3.7;6.3
CHD;195203;-;7104;18;63;895.2;-8.2;79.7;138.1;2.9;16.0
CHD;195204;-;11142;0;54;899.4;-7.8;68.9;69.6;7.6;21.2
CHD;195205;-;14844;0;52;902.3;3.0;65.6;48.0;11.1;24.1
CHD;195206;-;14532;0;53;906.6;4.5;72.2;136.6;14.7;27.5
CHD;195207;-;16770;0;33;906.3;4.5;64.2;37.9;17.7;32.0
CHD;195208;-;13734;0;49;904.2;3.0;74.1;164.7;14.9;30.3
CHD;195209;-;8322;0;73;902.1;-2.2;81.2;180.8;8.6;21.6
CHD;195210;-;6126;0;70;902.1;-5.0;82.7;213.3;6.1;16.6
CHD;195211;-;2856;16;83;898.2;-16.0;85.5;262.6;-0.1;14.0
CHD;195212;-;2982;15;72;897.6;-13.4;81.9;160.1;-2.3;8.0
CHD;195301;-;8448;24;38;901.3;-18.3;76.6;40.0;-6.9;6.6
CHD;195302;-;8772;52;39;900.9;-16.3;77.5;71.4;-4.6;7.6
CHD;195303;-;14658;11;26;910.4;-11.5;66.2;8.8;1.7;18.6
CHD;195304;-;10716;0;56;899.8;-3.6;73.6;75.3;6.6;20.1
CHD;195305;-;13320;0;52;902.9;-4.5;67.4;102.8;11.2;28.0
CHD;195306;-;7806;0;75;900.1;-1.8;77.5;265.0;12.0;24.3
CHD;195307;-;13056;0;56;905.2;3.5;72.6;107.5;15.4;29.0
CHD;195308;-;14568;0;41;907.4;3.0;74.7;108.0;14.6;27.5
CHD;195309;-;10194;0;51;904.9;1.4;77.7;116.4;12.4;25.8
CHD;195310;-;9006;0;63;904.3;-4.0;81.8;37.2;8.4;19.3
CHD;195311;-;9564;0;30;909.4;-5.7;73.0;49.9;1.9;11.0
CHD;195312;-;5022;4;52;906.4;-16.0;78.2;43.9;0.9;10.5
CHD;195401;-;4488;39;65;899.8;-19.5;78.2;95.5;-5.4;7.5
CHD;195402;-;5394;28;62;894.7;-20.1;75.5;59.5;-2.9;7.8
CHD;195403;-;10548;14;49;896.1;-13.0;68.7;38.5;2.7;16.0
CHD;195404;-;6924;1;72;902.1;-6.5;75.2;142.3;4.1;17.3
CHD;195405;-;10860;0;62;900.8;-2.0;72.7;114.5;8.8;24.8
CHD;195406;-;11700;0;59;903.4;2.1;70.9;91.2;13.6;28.5
CHD;195407;-;11616;0;60;904.1;0.6;67.8;148.3;13.2;27.1
CHD;195408;-;10548;0;61;902.8;2.2;76.0;234.5;12.9;27.5
CHD;195409;-;10536;0;60;906.2;-3.5;75.4;212.0;11.9;25.6
CHD;195410;-;10752;0;42;905.8;-2.5;80.5;103.2;7.0;20.2
CHD;195411;-;7290;0;53;901.8;-9.5;79.0;69.6;2.7;13.5
CHD;195412;-;5490;11;55;902.5;-11.2;80.1;134.3;-0.8;9.6
CHD;195501;-;4380;7;72;896.0;-16.7;77.0;254.3;0.0;9.8
CHD;195502;-;4632;21;74;891.2;-17.0;76.5;202.6;-2.0;8.8
CHD;195503;-;9996;8;58;897.5;-16.6;69.7;30.5;-0.2;20.0
CHD;195504;-;15036;0;38;905.5;-6.0;67.1;37.9;6.1;24.0
CHD;195505;-;12384;0;58;904.1;-2.4;70.6;189.2;9.2;24.7
CHD;195506;-;9960;0;64;903.9;1.4;74.7;165.5;13.3;26.6
CHD;195507;-;11130;0;50;904.4;3.6;78.2;139.3;14.8;28.0
CHD;195508;-;12720;0;48;905.6;2.0;80.0;202.6;13.6;25.0
CHD;195509;-;10290;0;52;905.5;-1.2;82.4;118.7;10.6;21.5
CHD;195510;-;9510;0;47;902.1;-4.8;81.9;40.9;5.2;16.3
CHD;195511;-;7841;3;46;903.7;-16.5;80.6;25.9;0.2;15.7
CHD;195512;-;4806;1;66;900.7;-6.5;80.9;153.0;1.0;9.9
CHD;195601;-;4698;8;68;899.5;-11.4;81.1;132.6;-1.2;8.4
CHD;195602;-;8454;10;49;896.3;-26.2;73.1;12.7;-11.0;7.5
CHD;195603;-;9036;0;52;900.5;-13.4;70.0;39.7;1.8;17.5
CHD;195604;-;8910;1;63;897.4;-12.5;73.9;107.2;3.8;17.8
CHD;195605;-;12732;0;51;906.7;-0.9;70.7;146.6;10.4;27.5
CHD;195606;-;9564;0;64;905.5;0.5;72.4;110.0;10.9;24.7
CHD;195607;-;13416;0;52;905.0;5.2;74.3;166.5;14.6;27.0
CHD;195608;-;9648;0;66;903.0;2.4;77.1;268.9;12.9;27.2
CHD;195609;-;12270;0;45;905.9;4.2;80.3;87.6;12.6;22.2
CHD;195610;-;8856;2;52;907.1;-8.2;82.3;136.5;4.8;20.0
CHD;195611;-;5418;1;65;902.8;-9.6;83.6;62.8;-0.7;8.8
CHD;195612;-;6924;8;42;907.0;-15.8;77.6;15.3;-2.3;8.6
CHD;195701;-;7356;11;48;906.7;-19.4;72.9;45.7;-3.8;8.7
CHD;195702;-;5178;9;72;899.6;-10.5;76.8;182.6;1.3;12.6
CHD;195703;-;11766;0;43;903.1;-7.5;70.2;24.5;5.4;20.7
CHD;195704;-;9594;0;60;901.8;-7.6;71.3;42.4;6.0;19.4
CHD;195705;-;8352;0;73;900.7;-6.0;76.6;89.4;7.4;21.9
CHD;195706;-;10848;0;65;904.9;2.5;75.1;166.3;13.8;28.6
CHD;195707;-;11526;0;57;905.5;3.7;73.1;181.1;15.0;31.5
CHD;195708;-;12858;0;52;905.0;1.5;78.4;135.2;13.7;27.0
CHD;195709;-;9954;0;57;905.3;-1.0;80.0;144.1;10.6;23.0
CHD;195710;-;13032;0;30;905.7;-4.7;82.2;39.4;6.5;19.0
CHD;195711;-;5700;0;65;902.3;-6.4;84.9;13.3;2.1;14.9
CHD;195712;-;6876;6;46;900.4;-14.6;79.2;66.0;-3.0;13.3
CHD;195801;-;6414;24;55;900.4;-16.0;82.1;134.7;-3.1;9.0
CHD;195802;-;5106;15;69;901.1;-13.0;76.2;203.3;0.6;13.1
CHD;195803;-;8796;8;61;895.3;-14.1;76.7;77.9;-1.2;14.0
CHD;195804;-;9480;0;61;900.0;-9.0;75.5;64.2;3.1;17.2
CHD;195805;-;11838;0;61;905.1;0.5;71.2;111.5;12.0;26.6
CHD;195806;-;11190;0;62;902.8;2.0;74.1;188.5;12.5;24.1
CHD;195807;-;13734;0;55;904.5;5.5;76.9;128.8;15.1;29.3
CHD;195808;-;13902;0;54;904.3;4.0;77.5;187.4;15.1;29.8
CHD;195809;-;12126;0;48;906.3;0.2;81.1;103.3;13.4;24.5
CHD;195810;-;8124;0;59;907.5;-4.0;84.5;138.4;5.7;18.6
CHD;195811;-;5262;0;68;903.5;-5.1;89.0;66.4;1.5;9.0
CHD;195812;-;4092;1;67;894.6;-11.1;78.8;87.7;0.2;11.5
CHD;195901;-;5298;25;63;900.1;-16.8;79.0;133.1;-2.4;9.0
CHD;195902;-;11952;4;19;912.8;-10.2;72.8;6.5;-0.2;12.4
CHD;195903;-;7134;0;69;901.4;-5.3;76.6;66.7;4.5;16.5
CHD;195904;-;10950;0;54;898.6;-5.2;73.4;125.2;6.3;21.0
CHD;195905;-;13380;0;52;901.3;-0.6;72.3;65.3;10.6;23.2
CHD;195906;-;11382;0;60;906.2;0.6;70.4;151.0;14.0;26.6
CHD;195907;-;15972;0;43;906.2;6.0;70.6;128.2;16.7;29.2
CHD;195908;-;14256;0;42;905.5;4.5;81.9;132.6;14.2;25.2
CHD;195909;-;10272;0;52;905.9;4.0;85.8;101.4;13.2;23.0
CHD;195910;-;9858;0;45;905.1;-4.6;88.1;91.1;6.3;17.6
CHD;195911;-;6648;0;54;900.0;-6.7;81.8;24.7;1.0;11.5
CHD;195912;-;4746;9;67;895.5;-10.0;85.4;205.4;-0.5;9.0
CHD;196001;-;5472;10;55;900.3;-20.3;82.0;67.0;-3.2;10.6
CHD;196002;-;6654;15;63;897.6;-17.2;79.6;121.8;0.0;14.6
CHD;196003;-;8412;0;60;897.0;-5.5;76.1;73.4;3.4;15.5
CHD;196004;-;11766;0;53;902.2;-4.6;73.8;26.5;5.7;18.6
CHD;196005;-;14826;0;44;903.3;-4.5;71.0;87.4;11.5;25.6
CHD;196006;-;12708;0;55;906.0;2.0;76.1;126.6;14.2;26.7
CHD;196007;-;11256;0;63;903.9;3.0;78.1;220.3;13.3;26.1
CHD;196008;-;11670;0;59;903.5;4.0;81.2;315.0;13.4;26.5
CHD;196009;-;7842;0;64;903.0;0.2;87.1;202.9;9.8;21.6
CHD;196010;-;5910;1;74;896.3;-5.5;83.0;150.7;5.9;18.8
CHD;196011;-;4398;0;73;899.8;-5.5;85.7;165.7;3.1;16.4
CHD;196012;-;3900;4;68;895.1;-14.0;84.4;44.2;-2.4;12.0
CHD;196101;-;4056;27;68;900.2;-12.2;85.2;95.5;-2.2;9.0
CHD;196102;-;7404;25;57;909.4;-5.6;76.4;149.6;1.6;13.2
CHD;196103;-;12960;0;32;910.1;-8.2;75.2;44.1;3.2;18.0
CHD;196104;-;8706;0;65;898.7;-0.7;80.6;128.5;8.1;20.5
CHD;196105;-;9738;0;68;901.9;-2.5;82.4;104.0;8.8;22.7
CHD;196106;-;11328;0;57;905.1;2.8;75.0;132.6;14.0;27.8
CHD;196107;-;12078;0;52;905.4;4.0;73.6;175.1;14.0;26.5
CHD;196108;-;14184;0;41;907.4;3.5;77.1;105.8;14.0;27.0
CHD;196109;-;12852;0;38;907.3;3.4;76.5;45.2;14.5;25.8
CHD;196110;-;9174;0;54;902.8;-4.5;81.9;120.5;7.5;19.0
CHD;196111;-;6702;0;61;898.3;-8.0;79.5;50.8;1.7;13.0
CHD;196112;-;4902;1;63;899.8;-13.8;84.5;174.0;-0.4;13.9
CHD;196201;-;5238;5;65;903.9;-14.5;79.1;183.2;-1.0;9.4
CHD;196202;-;6702;22;63;904.1;-15.5;79.8;117.1;-2.6;8.9
CHD;196203;-;8112;11;64;894.2;-13.6;74.5;100.8;-0.9;10.2
CHD;196204;-;10794;5;57;901.1;-7.4;69.6;81.3;5.1;22.2
CHD;196205;-;9744;0;69;902.6;-4.8;72.8;151.8;8.3;25.7
CHD;196206;-;15480;0;45;907.0;-1.9;66.1;49.3;12.7;29.7
CHD;196207;-;13020;0;54;905.2;0.8;67.4;50.9;14.6;30.4
CHD;196208;-;17208;0;29;906.9;5.0;67.9;86.1;16.0;29.2
CHD;196209;-;11334;0;40;905.1;-1.7;76.1;105.5;11.4;27.1
CHD;196210;-;11226;0;35;905.8;-6.0;81.6;29.9;6.9;20.2
CHD;196211;-;5886;2;59;897.7;-12.6;79.2;26.0;0.1;16.9
CHD;196212;-;5256;33;53;899.2;-22.8;83.0;184.5;-5.3;7.0
CHD;196301;-;5790;68;56;898.2;-24.4;80.1;69.2;-7.9;6.4
CHD;196302;-;6624;71;53;892.2;-22.8;76.2;61.1;-6.4;6.0
CHD;196303;-;7236;43;62;900.7;-14.6;74.9;170.4;0.3;11.9
CHD;196304;-;8826;4;69;898.6;-5.6;70.7;58.1;6.4;19.8
CHD;196305;-;9204;0;64;902.5;-3.0;73.7;87.6;9.0;22.5
CHD;196306;-;9288;0;66;902.4;4.1;74.2;220.3;12.8;28.0
CHD;196307;-;14994;0;42;906.4;6.0;71.6;99.0;15.9;27.6
CHD;196308;-;10476;0;57;902.3;1.8;77.8;237.3;13.2;26.0
CHD;196309;-;8610;0;59;905.6;0.6;80.6;84.7;11.6;22.6
CHD;196310;-;11832;0;39;906.8;-3.6;78.4;73.0;7.0;20.0
CHD;196311;-;5124;0;65;898.3;-4.0;80.2;236.3;4.3;17.5
CHD;196312;-;6438;0;42;900.3;-15.2;74.3;3.1;-3.2;10.2
CHD;196401;-;9246;1;29;910.7;-14.5;76.7;16.1;-4.5;6.0
CHD;196402;-;7854;1;55;901.3;-12.4;75.6;15.6;0.0;13.2
CHD;196403;-;3912;0;80;896.2;-11.5;82.8;106.6;1.6;13.4
CHD;196404;-;9258;0;61;901.4;-3.0;72.2;107.9;6.9;20.1
CHD;196405;-;11082;0;55;905.1;1.4;72.2;151.7;11.8;25.0
CHD;196406;-;13014;0;48;904.5;4.5;71.0;104.4;14.4;27.8
CHD;196407;-;16584;0;31;907.3;5.2;68.4;128.7;16.2;30.0
CHD;196408;-;12432;0;49;905.1;0.6;73.1;126.6;14.0;27.0
CHD;196409;-;11700;0;43;908.1;-1.5;77.4;122.3;12.0;24.5
CHD;196410;-;7230;0;59;902.1;-3.2;79.8;145.3;5.3;20.3
CHD;196411;-;5916;0;62;904.8;-6.0;84.9;75.7;2.6;13.2
CHD;196412;-;4956;19;57;899.9;-16.5;79.7;45.0;-3.1;6.0
CHD;196501;-;3066;29;71;898.3;-15.9;79.9;107.3;-2.1;9.6
CHD;196502;-;9420;46;36;903.0;-18.0;74.0;63.7;-6.3;6.0
CHD;196503;-;9036;27;56;901.7;-18.1;75.9;134.6;0.9;16.6
CHD;196504;-;6474;1;74;899.0;-4.1;75.4;152.7;4.1;18.0
CHD;196505;-;9582;0;65;902.5;-1.0;70.8;154.4;9.4;25.0
CHD;196506;-;10578;0;58;904.5;2.5;72.9;126.4;13.6;29.5
CHD;196507;-;11244;0;63;903.6;3.7;73.3;246.7;13.7;27.5
CHD;196508;-;11784;0;59;904.7;3.6;75.4;125.6;13.3;29.5
CHD;196509;-;9426;0;62;901.4;1.0;78.1;157.0;9.6;22.2
CHD;196510;-;11112;0;44;906.7;-2.5;81.6;23.8;7.5;18.5
CHD;196511;-;2508;5;84;896.6;-14.0;81.1;197.4;2.2;18.2
CHD;196512;-;2202;17;81;897.2;-13.0;81.7;265.1;0.0;8.7
CHD;196601;-;4806;40;58;898.3;-23.5;81.6;88.6;-4.6;8.7
CHD;196602;-;4404;5;72;896.1;-7.5;77.3;147.2;3.0;15.6
CHD;196603;-;8886;8;58;904.3;-12.6;74.1;133.1;0.5;12.9
CHD;196604;-;8670;0;65;898.6;-3.5;73.3;121.2;7.0;18.1
CHD;196605;-;11196;0;57;904.4;0.5;67.8;92.4;10.4;25.0
CHD;196606;-;12666;0;49;904.7;2.0;69.1;68.2;14.0;27.0
CHD;196607;-;10692;0;59;903.3;3.6;71.2;104.8;13.4;28.0
CHD;196608;-;10962;0;62;903.9;1.9;73.8;185.1;13.2;29.2
CHD;196609;-;12336;0;41;906.2;4.5;75.7;53.1;13.0;25.2
CHD;196610;-;6858;0;64;898.2;-0.7;80.3;59.8;8.9;23.7
CHD;196611;-;3006;9;78;899.6;-13.0;77.9;98.4;-0.3;14.7
CHD;196612;-;2598;34;74;900.1;-14.9;82.1;178.4;-1.8;10.3
CHD;196701;-;5850;25;53;904.4;-18.6;78.5;62.9;-3.6;8.2
CHD;196702;-;7236;8;46;903.6;-13.5;72.3;111.8;-0.4;13.7
CHD;196703;-;8022;9;65;905.5;-8.7;74.7;187.2;3.0;16.5
CHD;196704;-;7266;2;49;899.9;-7.5;74.9;81.4;4.3;18.1
CHD;196705;-;10752;0;64;901.6;-1.5;74.4;155.3;9.6;27.5
CHD;196706;-;12378;0;55;906.3;1.1;75.3;80.7;12.2;29.0
CHD;196707;-;16782;0;34;906.7;5.0;74.4;104.3;16.7;29.0
CHD;196708;-;13632;0;53;905.1;3.5;78.7;115.1;14.7;26.8
CHD;196709;-;8682;0;67;903.6;1.4;83.1;92.5;10.9;25.1
CHD;196710;-;11766;0;39;904.9;-3.5;80.0;102.9;8.9;22.4
CHD;196711;-;5760;0;56;902.8;-9.1;85.0;65.6;2.8;12.0
CHD;196712;-;5226;10;58;901.6;-20.0;83.2;106.3;-4.2;9.3
CHD;196801;-;4218;71;66;902.1;-22.2;87.0;234.7;-3.6;7.5
CHD;196802;-;6156;79;68;896.8;-14.0;85.9;70.3;-0.5;9.2
CHD;196803;-;10224;42;55;902.6;-12.0;77.1;66.1;1.3;17.6
CHD;196804;-;12174;0;52;901.0;-6.9;78.1;66.5;6.8;25.0
CHD;196805;-;10596;0;70;901.3;-3.8;79.4;74.7;9.3;21.9
CHD;196806;-;12630;0;51;904.2;1.9;77.4;84.2;12.7;28.6
CHD;196807;-;14580;0;45;906.7;4.0;79.2;159.4;14.6;31.0
CHD;196808;-;8868;0;68;903.0;3.5;86.1;255.6;12.6;24.7
CHD;196809;-;9324;0;63;903.6;2.7;86.4;235.3;10.7;21.5
CHD;196810;-;10374;0;46;907.1;0.4;84.6;44.0;9.3;23.1
CHD;196811;-;5922;2;63;899.1;-7.8;86.5;79.8;2.2;20.6
CHD;196812;-;3774;17;63;895.9;-16.8;88.5;158.7;-2.5;7.2
CHD;196901;-;4992;41;57;900.3;-12.6;84.4;47.3;-2.2;8.8
CHD;196902;-;5160;44;61;893.9;-18.4;82.1;51.1;-4.2;7.9
CHD;196903;-;7236;9;69;895.9;-7.6;83.4;61.0;1.3;12.7
CHD;196904;-;7074;1;70;901.3;-6.0;80.8;132.5;4.8;21.3
CHD;196905;-;12636;0;52;902.1;-1.3;77.0;65.2;10.9;28.1
CHD;196906;-;9096;0;69;902.8;1.7;81.6;188.3;11.1;24.3
CHD;196907;-;14496;0;50;909.8;3.0;79.2;164.4;15.5;28.8
CHD;196908;-;12156;0;59;905.4;1.1;82.4;179.9;13.7;27.3
CHD;196909;-;10542;0;52;905.7;3.8;87.1;74.3;12.0;22.6
CHD;196910;-;13464;0;23;909.5;-1.7;81.8;15.6;7.9;20.4
CHD;196911;-;5448;6;61;899.6;-12.4;85.7;173.2;1.6;16.4
CHD;196912;-;5076;27;44;897.5;-18.0;86.6;82.2;-7.4;3.7
CHD;197001;-;3882;29;64;896.1;-15.5;85.0;59.2;-1.8;9.9
CHD;197002;-;1830;41;86;897.9;-17.6;83.7;247.6;-1.6;9.0
CHD;197003;-;7338;50;63;897.8;-16.3;80.4;120.6;-1.4;11.3
CHD;197004;-;8046;25;75;901.9;-12.5;77.9;202.7;2.5;20.8
CHD;197005;-;10812;0;60;903.4;-0.5;77.3;65.4;8.4;22.0
CHD;197006;-;12486;0;58;905.6;3.6;77.5;112.1;14.4;27.4
CHD;197007;-;13974;0;56;906.1;1.3;74.2;129.4;15.0;29.2
CHD;197008;-;11682;0;57;905.2;3.6;81.1;150.0;14.6;28.8
CHD;197009;-;14454;0;34;907.7;1.0;80.0;44.1;12.7;26.8
CHD;197010;-;9612;1;49;907.5;-7.4;81.7;107.0;6.2;22.4
CHD;197011;-;5958;1;57;903.7;-8.1;84.0;118.8;3.5;19.9
CHD;197012;-;5760;2;46;904.7;-15.3;83.2;33.0;-3.1;8.3
CHD;197101;-;6780;10;43;899.0;-21.1;82.5;61.8;-3.1;7.8
CHD;197102;-;7968;13;51;903.9;-12.6;80.0;48.8;-1.5;10.0
CHD;197103;-;8772;18;58;897.6;-22.8;81.9;79.8;-2.4;12.3
CHD;197104;-;13266;0;49;898.5;-3.9;75.2;31.3;8.3;22.8
CHD;197105;-;8496;0;73;900.1;0.5;81.2;107.0;11.1;25.7
CHD;197106;-;10194;0;73;902.5;2.8;78.7;223.0;12.0;25.0
CHD;197107;-;18234;0;39;907.1;3.1;73.2;67.6;16.7;29.0
CHD;197108;-;14640;0;45;905.5;6.1;78.7;205.1;16.3;29.3
CHD;197109;-;14166;0;38;908.7;-1.7;81.6;42.3;11.4;23.3
CHD;197110;-;12522;0;40;911.9;-4.4;83.3;32.2;8.1;22.1
CHD;197111;-;6084;15;60;900.5;-16.0;88.3;160.6;0.4;16.2
CHD;197112;-;6918;25;41;910.5;-11.8;85.2;19.4;-1.3;7.8
CHD;197201;-;5238;18;63;898.4;-15.0;85.2;24.1;-2.0;6.8
CHD;197202;-;5748;23;65;897.3;-12.4;82.2;41.8;0.9;16.2
CHD;197203;-;9270;3;55;900.4;-7.8;80.2;61.4;3.4;18.8
CHD;197204;-;7722;1;76;898.0;-5.0;81.2;146.2;5.1;19.8
CHD;197205;-;9126;0;75;901.6;-3.2;78.7;91.9;9.0;22.0
CHD;197206;-;11352;0;64;903.7;1.0;77.5;136.3;12.1;25.3
CHD;197207;-;12570;0;64;906.0;3.3;77.4;80.9;14.8;29.1
CHD;197208;-;12090;0;60;906.3;2.0;78.7;71.2;13.8;29.0
CHD;197209;-;11460;0;53;905.0;-2.4;81.2;33.8;8.9;22.0
CHD;197210;-;9456;1;46;905.3;-2.7;84.3;73.5;5.7;18.7
CHD;197211;-;6972;2;54;905.9;-13.1;87.5;282.7;2.7;17.5
CHD;197212;-;7398;2;33;908.4;-12.8;83.4;33.6;-1.7;7.2
CHD;197301;-;6408;8;55;906.0;-13.0;85.8;42.0;-2.8;8.3
CHD;197302;-;6678;42;58;900.8;-17.2;83.4;90.8;-3.9;10.2
CHD;197303;-;11322;42;48;906.4;-15.9;78.3;24.5;0.1;13.5
CHD;197304;-;8982;4;69;900.8;-8.9;79.5;112.6;2.6;20.0
CHD;197305;-;11796;0;66;904.5;-0.9;78.4;74.1;11.1;24.9
CHD;197306;-;12630;0;60;906.2;1.4;77.8;219.3;13.8;29.0
CHD;197307;-;11862;0;61;904.0;4.2;77.9;204.0;14.7;29.2
CHD;197308;-;14082;0;53;908.3;6.5;79.1;112.8;16.7;29.4
CHD;197309;-;12876;0;48;906.2;0.2;79.9;84.3;12.8;27.4
CHD;197310;-;8622;0;53;906.0;-4.3;84.2;92.9;5.8;20.1
CHD;197311;-;8070;1;43;908.2;-12.7;85.1;79.4;2.1;16.9
CHD;197312;-;4110;9;61;902.0;-19.8;85.0;96.8;-1.9;11.0
CHD;197401;-;5442;4;58;906.7;-8.6;87.1;54.5;0.3;11.0
CHD;197402;-;4332;12;76;897.2;-7.3;86.1;81.1;0.6;13.5
CHD;197403;-;7164;2;69;900.4;-10.0;75.8;50.7;4.0;20.1
CHD;197404;-;10614;0;56;898.2;-5.2;76.6;44.9;5.7;18.0
CHD;197405;-;9030;0;68;901.5;-1.0;80.2;143.9;9.1;22.3
CHD;197406;-;11412;0;65;903.4;1.0;76.9;221.7;11.9;26.0
CHD;197407;-;14502;0;49;906.9;4.3;74.2;105.5;14.6;27.3
CHD;197408;-;14370;0;49;906.1;3.3;77.7;117.0;15.8;30.5
CHD;197409;-;9516;0;61;903.5;-1.7;82.7;169.3;11.1;26.3
CHD;197410;-;3174;7;85;899.9;-8.8;88.4;232.4;1.9;12.5
CHD;197411;-;3870;8;74;902.7;-8.2;87.7;164.5;1.1;13.9
CHD;197412;-;4200;9;65;910.2;-13.1;86.4;110.3;-0.2;12.2
CHD;197501;-;5286;1;54;906.4;-8.3;82.5;107.4;1.1;12.0
CHD;197502;-;10980;0;25;906.6;-9.7;75.6;18.6;0.2;13.5
CHD;197503;-;5778;2;78;894.6;-13.1;82.9;78.7;0.9;14.4
CHD;197504;-;10986;3;58;901.4;-8.7;77.7;102.2;5.5;20.8
CHD;197505;-;10386;0;69;901.3;-0.1;76.7;87.8;9.9;27.2
CHD;197506;-;10050;0;65;904.3;-0.4;77.3;162.0;11.7;26.7
CHD;197507;-;15600;0;48;905.8;4.0;72.2;120.9;15.5;28.4
CHD;197508;-;11016;0;63;906.2;6.1;78.5;209.2;15.5;29.0
CHD;197509;-;9318;0;61;905.9;4.1;79.8;126.0;13.4;31.3
CHD;197510;-;10638;0;43;906.9;-3.1;82.5;50.8;5.8;20.7
CHD;197511;-;4728;4;66;902.5;-13.5;89.1;126.7;1.3;14.8
CHD;197512;-;6786;6;40;906.7;-12.9;86.4;11.6;-2.9;8.0
CHD;197601;-;4854;9;64;905.5;-19.8;81.5;47.6;-1.8;9.0
CHD;197602;-;8652;30;45;903.9;-11.3;81.2;84.8;0.0;14.4
CHD;197603;-;11358;4;46;902.4;-13.4;79.8;25.7;1.5;17.7
CHD;197604;-;12396;1;55;899.9;-5.3;75.5;70.4;5.4;20.7
CHD;197605;-;12426;0;55;903.7;-2.4;71.8;91.3;10.8;25.4
CHD;197606;-;16812;0;40;907.1;1.9;63.3;66.0;15.4;27.8
CHD;197607;-;11484;0;61;905.3;4.7;71.1;207.7;15.7;29.9
CHD;197608;-;12732;0;50;906.2;2.8;72.0;64.1;13.6;26.7
CHD;197609;-;8790;0;66;903.6;0.3;78.8;89.6;10.3;21.5
CHD;197610;-;6192;0;65;897.4;-2.5;82.0;62.5;8.2;22.1
CHD;197611;-;5112;1;66;902.9;-7.5;85.2;82.6;1.5;15.3
CHD;197612;-;4830;30;58;896.3;-18.5;87.8;194.5;-3.9;5.7
CHD;197701;-;3768;45;69;898.9;-12.7;86.8;100.5;-1.9;8.3
CHD;197702;-;3612;22;73;898.3;-13.9;82.7;165.1;1.0;13.9
CHD;197703;-;7842;1;68;905.0;-9.0;78.8;56.5;4.4;17.4
CHD;197704;-;6072;2;79;901.8;-6.7;81.6;215.4;4.4;22.9
CHD;197705;-;8286;0;76;901.1;-1.9;81.3;119.6;9.0;23.3
CHD;197706;-;9720;0;68;902.6;3.3;77.8;115.7;12.5;26.7
CHD;197707;-;13266;0;63;903.4;5.0;75.8;182.3;14.9;27.1
CHD;197708;-;11952;0;61;902.6;4.7;80.1;99.4;13.9;24.5
CHD;197709;-;12702;0;44;908.6;-1.0;80.2;23.0;11.2;25.7
CHD;197710;-;8268;0;54;906.4;-1.3;80.4;105.1;8.9;23.7
CHD;197711;-;4872;13;64;901.5;-16.3;86.1;207.0;1.0;17.9
CHD;197712;-;5574;13;48;905.5;-13.3;85.7;88.5;-1.1;9.5
CHD;197801;-;3606;19;69;898.6;-13.4;84.2;114.1;-2.5;6.5
CHD;197802;-;3870;51;76;893.7;-18.4;83.4;130.1;-1.3;13.4
CHD;197803;-;5340;8;75;900.9;-5.3;78.1;155.1;2.6;15.5
CHD;197804;-;8190;0;73;896.0;-8.3;79.1;68.7;4.4;16.8
CHD;197805;-;8358;0;74;901.0;-2.3;78.3;121.3;8.8;21.7
CHD;197806;-;9468;0;70;903.4;1.4;74.3;172.2;12.3;25.2
CHD;197807;-;12300;0;60;905.8;4.5;72.1;92.5;14.4;28.1
CHD;197808;-;13812;0;53;906.7;2.7;76.6;164.7;13.6;28.1
CHD;197809;-;12570;0;44;907.9;1.7;73.9;94.3;11.7;25.1
CHD;197810;-;11058;0;40;908.5;-2.1;81.6;47.9;6.6;20.6
CHD;197811;-;10170;1;28;911.3;-13.8;79.4;16.6;1.5;14.4
CHD;197812;-;3738;5;71;895.6;-15.1;83.7;157.1;-0.2;12.7
CHD;197901;-;4362;19;69;897.9;-17.7;82.8;168.0;-3.9;7.2
CHD;197902;-;4860;7;69;895.5;-14.6;80.8;111.3;0.4;11.1
CHD;197903;-;5496;2;80;897.5;-6.8;79.9;164.4;2.6;16.2
CHD;197904;-;8400;1;70;899.2;-8.9;75.8;85.0;4.0;19.1
CHD;197905;-;12498;0;60;904.7;-7.1;72.1;82.0;9.8;26.9
CHD;197906;-;10680;0;61;906.2;2.6;77.0;135.8;14.0;25.5
CHD;197907;-;14670;0;49;913.9;2.3;68.0;58.4;15.1;27.9
CHD;197908;-;13134;0;60;910.3;2.9;74.4;165.0;13.5;26.3
CHD;197909;-;12000;0;48;913.4;0.7;80.4;69.9;11.9;23.3
CHD;197910;-;7224;0;65;907.2;-0.1;83.1;99.5;8.9;21.2
CHD;197911;-;5058;4;58;907.9;-10.0;81.6;155.4;1.2;14.9
CHD;197912;-;3084;14;69;905.9;-12.9;83.4;238.6;0.3;12.6
CHD;198001;-;3924;42;65;904.1;-16.6;84.0;151.0;-3.8;8.3
CHD;198002;-;7560;17;53;909.5;-9.1;78.9;121.3;0.9;9.5
CHD;198003;-;6894;2;73;900.6;-8.6;80.5;111.0;2.2;11.0
CHD;198004;-;8022;2;70;906.3;-6.9;76.3;83.6;3.2;15.6
CHD;198005;-;7860;0;70;902.8;0.2;74.4;86.1;8.5;20.6
CHD;198006;-;6996;0;75;906.7;1.8;75.4;230.8;11.5;26.1
CHD;198007;-;10068;0;66;907.4;5.5;75.2;203.7;13.4;26.2
CHD;198008;-;13482;0;54;909.8;2.9;75.1;116.3;15.6;27.7
CHD;198009;-;14178;0;35;912.3;3.2;74.8;80.4;12.9;23.5
CHD;198010;-;7356;0;59;905.1;-1.5;80.7;235.8;6.3;20.1
CHD;198011;-;4254;2;70;905.7;-10.7;81.5;82.8;1.3;14.0
CHD;198012;-;3912;29;60;909.5;-17.2;81.0;99.7;-3.6;5.6
CHD;198101;-;3666;64;60;910.0;-15.0;80.2;146.4;-3.8;5.6
CHD;198102;-;8184;62;44;907.0;-15.9;75.9;56.2;-3.8;9.5
CHD;198103;-;6150;26;73;903.4;-11.2;79.0;158.7;4.0;18.9
CHD;198104;-;10578;0;61;905.6;-4.2;72.5;22.9;7.5;20.5
CHD;198105;-;7818;0;70;904.1;0.1;75.1;167.5;9.5;23.4
CHD;198106;-;11844;0;61;909.2;2.5;69.9;98.3;13.4;26.5
CHD;198107;-;10698;0;65;910.1;3.5;72.3;205.3;13.7;28.4
CHD;198108;-;15744;0;44;910.6;3.8;68.3;51.5;15.5;29.0
CHD;198109;-;6846;0;71;908.5;0.0;77.4;150.6;12.4;23.7
CHD;198110;-;4734;0;79;905.8;-5.1;77.9;292.5;6.9;21.1
CHD;198111;-;6948;2;41;913.9;-9.2;75.0;108.0;2.2;18.1
CHD;198112;-;1656;21;88;894.9;-15.2;80.6;267.7;-1.4;9.4
CHD;198201;-;3948;4;69;908.1;-10.3;81.5;145.0;0.4;8.9
CHD;198202;-;6960;2;53;907.8;-15.1;78.0;26.3;-0.3;11.9
CHD;198203;-;7686;4;64;906.6;-9.3;73.3;126.0;0.9;12.9
CHD;198204;-;13110;0;45;905.7;-6.0;64.4;46.7;5.4;18.7
CHD;198205;-;12912;0;53;909.8;-0.8;67.6;76.3;10.6;23.1
CHD;198206;-;10146;0;68;908.4;5.6;71.9;224.9;14.3;26.0
CHD;198207;-;14664;0;54;909.7;6.9;68.4;124.2;17.2;28.6
CHD;198208;-;10476;0;68;909.0;4.2;72.2;190.4;14.7;27.0
CHD;198209;-;11826;0;49;910.8;3.1;74.8;69.2;13.9;26.7
CHD;198210;-;7314;0;66;905.3;-0.2;77.3;207.1;7.3;17.6
CHD;198211;-;5160;0;58;907.3;-5.1;75.9;45.4;3.8;19.0
CHD;198212;-;3270;3;66;905.8;-9.5;80.3;187.0;0.1;11.0
CHD;198301;-;4488;9;60;917.3;-12.9;76.0;113.8;0.2;9.0
CHD;198302;-;5238;28;59;905.1;-16.1;78.3;66.1;-4.3;11.1
CHD;198303;-;8574;5;54;907.4;-9.4;73.8;46.5;3.0;15.9
CHD;198304;-;6516;0;78;901.8;-4.9;74.8;156.9;6.3;20.2
CHD;198305;-;6942;0;78;902.8;-0.1;75.2;189.5;8.2;21.0
CHD;198306;-;10872;0;65;910.4;2.4;66.9;80.9;14.4;26.4
CHD;198307;-;18666;0;35;910.3;5.9;57.0;30.7;19.8;35.1
CHD;198308;-;9990;0;65;909.3;5.1;69.9;184.1;15.7;25.0
CHD;198309;-;11454;0;51;910.0;1.9;70.4;168.8;12.8;25.0
CHD;198310;-;10290;0;44;912.8;-2.7;75.0;72.9;7.6;20.8
CHD;198311;-;7950;0;40;907.6;-8.4;77.5;135.2;2.0;15.5
CHD;198312;-;5070;0;51;907.0;-12.1;75.1;68.8;-0.6;11.8
CHD;198401;-;2706;20;76;904.7;-14.6;78.9;178.5;-1.3;11.4
CHD;198402;-;5430;49;60;906.6;-16.3;78.8;116.4;-3.5;6.9
CHD;198403;-;10008;45;44;903.0;-15.1;70.9;70.0;-0.6;12.1
CHD;198404;-;12312;2;48;905.9;-6.1;69.0;39.8;4.8;21.2
CHD;198405;-;5628;0;81;899.2;-3.1;73.6;89.7;7.2;19.3
CHD;198406;-;12162;0;56;908.4;0.6;66.9;100.0;13.0;25.0
CHD;198407;-;16236;0;48;910.9;2.6;60.4;86.0;15.8;33.5
CHD;198408;-;10824;0;58;909.5;5.2;68.9;91.5;14.9;27.1
CHD;198409;-;8322;0;66;905.4;1.4;72.7;313.2;10.6;26.2
CHD;198410;-;10236;0;54;909.7;-2.0;72.7;66.8;8.1;19.2
CHD;198411;-;4758;0;63;903.1;-3.4;74.1;104.8;4.8;16.7
CHD;198412;-;4782;3;50;910.7;-12.2;78.3;67.8;-0.1;11.4
CHD;198501;-;3162;19;64;900.1;-25.0;79.2;101.4;-7.0;5.5
CHD;198502;-;4014;26;66;907.4;-19.2;81.1;129.1;-1.8;8.7
CHD;198503;-;6792;17;68;903.1;-13.4;71.2;82.9;0.4;14.0
CHD;198504;-;8640;0;69;904.2;-3.7;67.4;132.3;5.8;19.5
CHD;198505;-;9810;0;70;902.9;-1.4;71.5;161.2;9.9;22.9
CHD;198506;-;10308;0;68;907.5;1.1;67.2;257.2;12.4;24.2
CHD;198507;-;16686;0;43;910.2;6.9;63.0;92.9;17.0;29.1
CHD;198508;-;15360;0;40;909.7;3.8;66.8;157.7;15.1;29.1
CHD;198509;-;14646;0;26;912.8;3.1;76.3;36.9;13.7;23.3
CHD;198510;-;12978;0;36;913.2;-4.8;81.2;9.5;8.2;23.9
CHD;198511;-;3240;4;70;903.5;-12.5;87.0;164.7;-1.1;21.1
CHD;198512;-;4866;0;53;908.4;-11.1;79.0;77.3;0.7;10.6
CHD;198601;-;2538;30;78;902.2;-16.7;84.6;222.0;-1.7;9.4
CHD;198602;-;5904;39;60;897.5;-20.6;83.9;41.6;-5.4;6.4
CHD;198603;-;8640;16;60;905.3;-8.6;77.3;127.5;2.3;13.6
CHD;198604;-;4926;1;85;900.1;-10.0;83.6;130.3;4.1;18.9
CHD;198605;-;11520;0;65;909.3;-1.6;76.9;168.3;12.4;25.9
CHD;198606;-;13716;0;53;908.3;-1.0;74.2;147.7;13.8;29.4
CHD;198607;-;15048;0;49;910.1;3.7;70.7;139.3;15.4;27.7
CHD;198608;-;11310;0;54;906.7;4.1;74.8;199.9;14.9;28.6
CHD;198609;-;11496;0;48;908.1;2.7;81.8;46.8;12.2;25.1
CHD;198610;-;10728;0;48;908.2;-3.4;83.0;159.9;8.6;21.4
CHD;198611;-;8070;0;45;909.1;-7.6;82.8;74.4;2.6;15.0
CHD;198612;-;4254;20;65;907.5;-19.7;85.7;149.6;-1.1;10.4
CHD;198701;-;6606;55;53;901.3;-26.4;88.1;107.3;-6.8;6.5
CHD;198702;-;4770;56;70;900.1;-12.1;88.0;95.4;-1.2;10.1
CHD;198703;-;6324;47;74;902.3;-15.1;80.9;110.3;-1.0;12.9
CHD;198704;-;11712;6;46;904.6;-8.0;71.4;125.9;6.9;20.9
CHD;198705;-;7788;0;74;902.9;-1.5;78.5;148.3;7.4;20.5
CHD;198706;-;8010;0;75;905.2;4.1;76.5;236.0;12.0;28.1
CHD;198707;-;11028;0;64;905.7;2.6;77.7;138.9;15.8;27.6
CHD;198708;-;11970;0;58;906.1;3.7;74.8;96.7;15.5;28.4
CHD;198709;-;12882;0;39;907.9;2.4;74.1;93.6;14.7;30.0
CHD;198710;-;6516;0;68;903.6;0.4;84.6;69.5;9.3;21.8
CHD;198711;-;5484;6;66;903.2;-7.0;88.4;131.7;2.3;14.1
CHD;198712;-;5730;4;53;906.3;-12.1;88.9;68.0;0.5;11.5
CHD;198801;-;4332;4;69;900.6;-11.0;84.8;125.2;1.2;12.4
CHD;198802;-;5790;43;65;901.6;-12.1;80.3;167.7;-1.2;10.1
CHD;198803;-;3852;61;84;901.1;-16.1;84.5;229.7;0.4;14.6
CHD;198804;-;9768;3;63;901.3;-1.1;79.3;41.0;6.9;20.1
CHD;198805;-;7908;0;78;901.5;1.1;80.2;147.2;11.3;23.1
CHD;198806;-;9462;0;68;903.1;2.4;76.6;76.1;12.8;23.4
CHD;198807;-;14214;0;48;906.2;5.6;73.5;145.1;15.4;29.0
CHD;198808;-;12822;0;50;905.6;4.1;77.2;161.8;15.4;28.4
CHD;198809;-;9702;0;56;907.6;1.4;81.4;81.5;11.6;23.9
CHD;198810;-;6768;0;68;905.9;-1.0;82.6;161.5;9.1;23.0
CHD;198811;-;7434;3;50;907.1;-13.4;83.8;45.7;0.7;14.0
CHD;198812;-;5448;16;55;909.7;-12.2;86.0;155.4;-1.0;10.0
CHD;198901;-;10554;22;21;915.4;-11.9;74.9;17.6;-1.8;9.9
CHD;198902;-;7104;29;54;906.5;-8.4;78.2;78.7;1.0;10.6
CHD;198903;-;11166;12;51;904.5;-5.0;70.8;78.4;5.0;21.0
CHD;198904;-;4566;1;79;896.3;-2.4;76.4;143.4;4.9;18.0
CHD;198905;-;13332;0;50;906.3;-3.1;71.6;80.6;11.4;22.5
CHD;198906;-;12084;0;56;905.1;2.0;67.8;72.0;12.9;25.6
CHD;198907;-;12336;0;59;907.9;6.7;70.7;125.4;16.3;29.5
CHD;198908;-;13494;0;48;905.5;2.7;73.6;135.7;15.3;30.0
CHD;198909;-;8910;0;61;906.7;2.7;80.9;50.9;11.8;23.4
CHD;198910;-;11256;0;39;908.6;-2.2;80.3;109.0;7.6;21.0
CHD;198911;-;8010;0;41;903.0;-8.6;82.1;50.6;1.5;16.5
CHD;198912;-;7074;0;38;902.4;-11.5;77.0;93.8;0.4;14.2
CHD;199001;-;9216;1;30;909.2;-9.1;70.1;37.2;-0.8;13.3
CHD;199002;-;6336;2;55;905.5;-6.6;73.8;279.6;3.6;18.4
CHD;199003;-;10644;3;53;912.7;-12.2;76.1;69.6;4.2;20.7
CHD;199004;-;6726;0;74;900.7;-2.4;80.1;114.0;4.7;18.7
CHD;199005;-;11076;0;64;906.2;1.5;73.1;61.3;12.1;22.9
CHD;199006;-;9384;0;69;904.3;1.7;78.8;267.3;12.7;27.0
CHD;199007;-;15804;0;44;907.7;3.4;68.3;76.8;16.2;29.4
CHD;199008;-;15060;0;44;908.7;4.9;68.9;99.9;16.1;29.5
CHD;199009;-;11436;0;54;906.4;0.3;79.4;129.8;11.2;22.0
CHD;199010;-;7908;0;61;902.7;-1.2;85.6;135.4;8.9;22.7
CHD;199011;-;5190;6;69;901.6;-9.1;87.0;121.7;1.5;14.5
CHD;199012;-;5778;32;58;902.7;-15.7;84.7;80.4;-3.5;7.1
CHD;199101;-;6966;16;48;908.8;-13.4;83.4;68.7;-1.9;14.1
CHD;199102;-;7392;31;50;902.0;-19.0;81.4;36.7;-2.6;15.1
CHD;199103;-;6834;3;68;900.7;-5.2;81.6;89.8;5.4;17.0
CHD;199104;-;9726;1;64;902.4;-7.4;78.3;68.3;4.7;17.8
CHD;199105;-;10134;0;60;904.9;-2.0;76.0;89.2;7.2;22.6
CHD;199106;-;8862;0;68;904.9;2.4;76.1;198.2;12.5;26.1
CHD;199107;-;14592;0;45;906.7;5.7;78.4;183.7;16.9;28.4
CHD;199108;-;17034;0;28;908.5;7.1;73.1;18.1;17.3;28.6
CHD;199109;-;10068;0;49;906.3;3.4;80.4;103.5;13.9;26.1
CHD;199110;-;7560;0;51;904.6;-5.7;84.3;88.1;6.1;20.2
CHD;199111;-;5286;1;61;902.9;-7.1;85.0;126.8;2.0;16.3
CHD;199112;-;7542;3;33;912.6;-11.4;80.9;156.0;-2.8;7.6
CHD;199201;-;8334;10;31;912.2;-15.6;82.1;10.9;-3.2;6.1
CHD;199202;-;7938;22;41;910.8;-16.4;80.5;108.8;-0.6;11.9
CHD;199203;-;6990;5;66;904.0;-4.1;78.3;106.1;3.8;14.1
CHD;199204;-;9732;1;61;901.0;-3.1;76.0;92.7;6.5;23.0
CHD;199205;-;11610;0;54;906.3;-1.1;76.2;84.7;11.9;25.6
CHD;199206;-;7278;0;74;902.5;3.1;78.5;135.8;12.9;25.1
CHD;199207;-;12564;0;50;907.5;7.4;78.9;156.3;15.8;28.7
CHD;199208;-;14298;0;40;907.0;7.3;70.9;84.1;17.6;30.8
CHD;199209;-;10140;0;45;908.2;0.8;79.8;91.0;12.0;23.1
CHD;199210;-;3486;0;84;898.1;-5.8;87.7;195.2;5.7;16.3
CHD;199211;-;4248;2;66;906.6;-9.5;85.1;279.2;4.4;16.7
CHD;199212;-;5304;2;50;904.8;-9.9;85.6;112.5;-0.9;10.6
CHD;199301;-;6222;1;48;912.1;-15.0;79.4;63.0;0.8;13.6
CHD;199302;-;9588;14;30;910.7;-19.1;75.7;54.2;-1.8;11.0
CHD;199303;-;11466;16;41;906.2;-11.5;77.5;57.4;1.6;19.5
CHD;199304;-;7002;0;69;900.5;-4.8;73.2;126.3;7.2;20.0
CHD;199305;-;10260;0;60;902.7;1.5;77.0;121.1;11.5;26.5
CHD;199306;-;10632;0;56;906.1;5.5;80.8;150.0;13.7;27.0
CHD;199307;-;10920;0;56;907.6;4.0;75.1;226.8;14.4;29.4
CHD;199308;-;14076;0;41;907.8;3.5;75.9;120.8;15.5;29.6
CHD;199309;-;8124;0;65;902.3;1.7;80.6;180.6;10.9;25.5
CHD;199310;-;4386;0;69;901.9;-1.9;82.4;90.3;6.0;20.4
CHD;199311;-;5712;7;63;904.4;-14.5;86.0;63.7;-0.2;15.1
CHD;199312;-;2496;15;79;902.3;-14.3;84.1;219.9;0.8;11.5
CHD;199401;-;4686;11;64;903.3;-14.1;79.4;132.8;-0.1;10.6
CHD;199402;-;5118;10;68;900.4;-11.6;78.9;26.0;0.6;13.2
CHD;199403;-;8418;0;56;908.1;-2.9;75.0;55.4;6.3;19.1
CHD;199404;-;5922;3;78;899.6;-7.2;81.3;136.3;4.4;21.6
CHD;199405;-;8100;0;66;902.2;2.9;80.1;208.9;11.1;22.3
CHD;199406;-;11142;0;56;908.0;0.5;74.2;116.9;13.9;28.0
CHD;199407;-;13614;0;46;907.8;9.3;74.0;87.8;17.8;31.1
CHD;199408;-;11934;0;55;906.4;7.7;75.6;143.0;16.9;30.0
CHD;199409;-;6144;0;76;904.4;2.0;81.8;167.0;11.6;25.0
CHD;199410;-;8256;0;55;905.0;-1.7;83.0;90.7;7.8;20.8
CHD;199411;-;5544;0;51;907.9;-2.4;86.8;68.6;5.4;18.3
CHD;199412;-;4908;2;58;908.1;-12.1;84.5;135.1;0.9;11.2
CHD;199501;-;5256;36;64;904.9;-20.9;84.5;258.6;-3.0;9.4
CHD;199502;-;5442;20;68;904.7;-8.1;85.0;181.9;2.2;14.5
CHD;199503;-;8844;20;59;903.0;-13.4;76.7;158.2;0.7;16.6
CHD;199504;-;9468;0;54;903.3;-2.5;79.0;54.1;6.3;20.9
CHD;199505;-;9606;0;61;904.1;-2.5;77.9;166.7;9.9;23.9
CHD;199506;-;9312;0;60;904.9;3.0;76.8;70.3;12.4;27.1
CHD;199507;-;13326;0;51;906.3;8.3;73.3;134.5;17.8;30.5
CHD;199508;-;9234;0;59;906.4;0.8;78.6;183.1;14.7;28.1
CHD;199509;-;6360;0;65;903.3;-1.6;81.5;170.3;9.5;20.0
CHD;199510;-;9948;0;35;910.6;0.2;81.3;7.1;10.3;21.5
CHD;199511;-;6102;0;45;905.0;-10.2;81.8;91.6;1.8;18.5
CHD;199512;-;3144;3;63;900.5;-12.0;83.6;109.7;-0.6;10.4
CHD;199601;-;-;9;48;899.5;-8.5;83.8;28.8;0.1;11.7
CHD;199602;-;-;33;70;898.7;-15.3;81.6;73.8;-2.6;8.5
CHD;199603;-;-;26;54;901.0;-13.6;75.5;47.0;0.8;18.5
CHD;199604;-;-;1;61;902.7;-4.5;73.9;58.7;6.9;21.5
CHD;199605;-;-;0;68;901.8;0.1;78.3;131.1;10.2;25.7
CHD;199606;-;-;0;51;908.4;2.5;72.7;95.5;14.4;27.5
CHD;199607;-;-;0;49;907.4;5.1;74.3;129.1;14.9;29.5
CHD;199608;-;-;0;63;905.9;3.5;75.3;185.9;14.8;27.2
CHD;199609;-;-;0;58;903.3;0.8;79.0;77.3;9.0;20.6
CHD;199610;-;-;0;60;906.3;-1.9;81.1;109.6;7.4;21.9
CHD;199611;-;-;10;76;900.6;-9.5;82.8;205.9;2.3;17.6
CHD;199612;-;-;21;60;898.7;-13.6;85.6;69.9;-1.1;10.5
CHD;199701;-;-;20;49;905.4;-10.6;82.0;69.8;-1.7;7.9
CHD;199702;-;-;15;49;910.1;-8.5;74.8;115.4;1.8;12.9
CHD;199703;-;-;0;38;910.6;-5.1;72.0;48.2;5.0;19.2
CHD;199704;-;-;0;35;905.2;-6.0;67.9;76.1;5.6;17.5
CHD;199705;-;-;0;53;903.9;0.0;72.9;86.4;10.9;23.5
CHD;199706;-;-;0;80;901.4;2.9;77.6;158.4;13.3;26.1
CHD;199707;-;-;0;61;907.2;5.5;76.1;244.0;14.3;25.1
CHD;199708;-;-;0;48;907.4;6.2;76.5;123.5;16.9;27.5
CHD;199709;-;-;0;33;909.4;3.7;78.5;87.4;13.6;25.4
CHD;199710;-;-;0;49;905.2;-7.2;79.3;94.5;7.2;23.3
CHD;199711;-;-;0;54;898.2;-6.3;82.3;55.9;2.8;18.8
CHD;199712;-;-;8;69;901.2;-11.4;86.4;165.5;-0.5;10.0
CHD;199801;-;-;12;50;905.1;-14.2;79.3;109.4;-1.6;11.0
CHD;199802;-;-;10;22;911.5;-13.0;73.2;15.2;0.8;15.6
CHD;199803;-;-;2;56;908.6;-10.4;72.0;88.1;3.3;19.0
CHD;199804;-;-;2;78;895.6;-5.8;75.5;107.4;5.8;19.0
CHD;199805;-;-;0;46;903.6;0.4;70.9;59.4;11.3;25.4
CHD;199806;-;-;0;59;906.7;1.5;72.1;145.6;14.4;28.9
CHD;199807;-;-;0;56;905.4;5.1;69.2;117.5;16.4;30.2
CHD;199808;-;-;0;44;907.6;2.7;73.0;55.8;15.8;31.5
CHD;199809;-;-;0;70;902.9;1.9;80.6;168.3;11.3;25.6
CHD;199810;-;-;0;80;904.7;-0.6;78.8;146.6;7.6;20.0
CHD;199811;-;-;11;59;904.6;-16.3;82.6;129.2;-1.2;14.0
CHD;199812;-;-;25;52;908.0;-16.3;80.9;73.6;-2.4;8.5
CHD;199901;-;-;23;52;904.5;-13.1;77.2;111.2;-0.8;11.3
CHD;199902;-;-;72;75;903.5;-17.3;83.0;192.6;-3.1;7.5
CHD;199903;-;-;39;57;900.4;-10.9;76.8;55.8;2.9;15.0
CHD;199904;-;-;1;74;902.6;-6.3;78.1;128.8;5.8;18.7
CHD;199905;-;-;0;70;904.7;4.4;75.9;219.2;12.8;26.5
CHD;199906;-;-;0;60;906.9;2.2;73.6;142.2;13.1;28.0
CHD;199907;-;-;0;50;906.1;6.4;69.2;105.6;16.8;29.4
CHD;199908;-;-;0;68;904.7;8.2;76.1;242.2;16.1;27.7
CHD;199909;-;-;0;56;903.8;5.8;77.9;114.2;14.0;24.6
CHD;199910;-;-;0;60;905.3;-1.4;81.1;89.4;7.9;19.7
CHD;199911;-;-;8;62;906.4;-13.6;83.3;66.4;-0.3;15.0
CHD;199912;-;-;14;71;902.5;-14.6;77.5;187.4;-0.6;15.0
CHD;200001;-;-;29;48;909.9;-16.6;81.6;41.9;-3.7;8.6
CHD;200002;-;-;23;66;909.9;-12.0;77.6;146.2;0.6;14.5
CHD;200003;-;-;4;60;906.7;-6.5;72.4;57.6;3.2;16.1
CHD;200004;-;-;0;66;897.1;-3.0;71.9;64.3;7.4;23.0
CHD;200005;-;-;0;64;905.2;2.0;71.5;86.6;12.1;25.0
CHD;200006;-;-;0;48;908.7;4.0;69.5;70.0;15.7;28.3
CHD;200007;-;-;0;68;904.2;3.4;73.6;190.8;13.8;30.5
CHD;200008;-;-;0;48;908.0;6.0;73.0;89.1;16.2;31.0
CHD;200009;-;-;0;42;905.1;2.0;74.8;83.2;12.8;24.1
CHD;200010;-;-;0;69;904.0;-1.8;82.4;96.1;8.1;18.8
CHD;200011;-;-;1;72;898.1;-8.5;84.4;93.6;2.9;15.5
CHD;200012;-;-;4;68;900.9;-11.4;81.8;56.0;1.3;13.1
CHD;200101;-;-;15;71;900.3;-10.4;86.2;121.7;-0.7;6.9
CHD;200102;-;-;4;59;904.4;-12.6;72.2;30.4;1.1;18.7
CHD;200103;-;-;1;85;896.5;-7.6;78.3;236.4;5.3;18.5
CHD;200104;-;-;1;76;901.7;-6.5;79.3;190.7;4.3;17.6
CHD;200105;-;-;0;64;904.2;1.5;75.4;71.8;12.7;26.9
CHD;200106;-;-;0;49;906.7;0.2;72.7;209.0;12.8;28.9
CHD;200107;-;-;0;56;905.8;5.2;73.2;110.9;16.1;28.0
CHD;200108;-;-;0;45;907.4;5.7;72.5;116.7;17.0;31.0
CHD;200109;-;-;0;74;904.3;0.6;78.1;168.4;9.6;21.0
CHD;200110;-;-;0;36;908.2;1.0;76.8;59.0;11.1;24.6
CHD;200111;-;-;2;59;907.3;-11.6;83.5;115.9;0.3;13.1
CHD;200112;-;-;5;50;907.0;-19.1;82.4;56.9;-3.8;7.9
CHD;200201;-;-;8;39;911.3;-17.3;75.9;25.7;-2.1;13.0
CHD;200202;-;-;3;65;905.0;-12.0;76.5;103.3;2.6;17.0
CHD;200203;-;-;1;54;903.8;-5.4;70.1;97.8;4.8;17.6
CHD;200204;-;-;0;57;901.4;-2.4;69.2;44.0;6.8;20.4
CHD;200205;-;-;0;68;903.1;0.0;76.6;127.2;9.9;26.0
CHD;200206;-;-;0;49;906.3;2.8;67.9;173.7;16.6;32.1
CHD;200207;-;-;0;50;905.1;5.6;72.9;156.1;15.6;27.2
CHD;200208;-;-;0;66;905.4;7.6;77.1;154.9;14.9;28.8
CHD;200209;-;-;0;61;905.7;-0.4;80.7;119.4;11.1;21.0
CHD;200210;-;-;0;57;903.7;-2.0;77.6;144.4;8.1;22.0
CHD;200211;-;-;1;75;899.3;-3.2;88.2;197.2;3.4;14.5
CHD;200212;-;-;0;74;902.6;-7.0;87.7;101.4;1.2;10.0
CHD;200301;-;-;15;68;902.1;-15.2;85.9;120.1;-3.2;13.0
CHD;200302;-;-;56;42;904.6;-20.0;77.0;48.3;-4.3;9.0
CHD;200303;-;-;14;34;908.6;-5.4;74.4;46.8;4.3;18.8
CHD;200304;-;-;1;56;902.6;-8.1;72.4;90.1;7.0;22.1
CHD;200305;-;-;0;62;906.8;-1.5;76.3;98.2;12.0;25.6
CHD;200306;-;-;0;43;907.1;8.0;70.2;70.0;18.8;30.6
CHD;200307;-;-;0;42;907.0;7.4;69.6;143.7;17.5;32.0
CHD;200308;-;-;0;37;908.2;8.9;67.8;113.6;19.5;33.4
CHD;200309;-;-;0;44;908.7;0.0;76.3;72.4;12.1;23.9
CHD;200310;-;-;0;67;901.4;-7.9;84.6;168.4;4.9;20.4
CHD;200311;-;-;2;50;904.3;-5.0;83.8;42.7;3.5;13.5
CHD;200312;-;-;10;47;904.8;-15.0;81.9;68.5;-0.6;15.5
CHD;200401;-;-;21;79;899.4;-15.2;82.6;242.0;-1.1;10.4
CHD;200402;-;-;25;46;905.3;-13.2;75.9;35.6;-0.8;14.8
CHD;200403;-;-;6;59;906.0;-11.2;77.5;55.4;1.8;19.6
CHD;200404;-;-;1;65;900.4;-4.1;74.2;57.2;6.6;19.4
CHD;200405;-;-;0;55;902.6;0.4;73.2;94.3;9.7;24.5
CHD;200406;-;-;0;59;907.5;4.3;73.6;113.7;14.1;27.5
CHD;200407;-;-;0;55;907.1;4.2;71.4;100.0;15.8;27.6
CHD;200408;-;-;0;58;905.4;3.5;76.3;270.1;15.8;29.5
CHD;200409;-;-;0;49;909.3;3.4;76.6;68.7;13.1;25.4
CHD;200410;-;-;0;67;902.3;-0.3;83.4;115.5;9.3;24.0
CHD;200411;-;-;0;65;906.7;-7.4;82.0;16.5;1.5;16.9
CHD;200412;-;-;6;46;905.2;-13.5;80.6;50.1;-1.2;8.6
CHD;200501;-;-;24;49;908.7;-19.1;77.5;93.9;-2.9;13.1
CHD;200502;-;-;57;56;902.3;-16.0;76.4;93.9;-4.8;5.6
CHD;200503;-;-;36;52;903.5;-19.6;73.3;33.7;2.1;18.0
CHD;200504;-;-;1;68;902.0;-1.9;73.5;94.9;6.4;23.6
CHD;200505;-;-;0;64;905.8;0.9;74.5;91.2;11.2;27.5
CHD;200506;-;-;0;45;907.7;1.1;67.9;87.2;16.1;32.1
CHD;200507;-;-;0;59;906.4;5.6;70.9;120.1;15.9;30.7
CHD;200508;-;-;0;63;906.7;4.0;75.5;209.5;14.2;26.5
CHD;200509;-;-;0;53;907.2;1.9;77.6;94.8;13.2;26.1
CHD;200510;-;-;0;39;907.7;1.8;79.1;59.2;9.1;19.0
CHD;200511;-;-;2;50;904.1;-14.4;80.8;24.0;1.4;16.1
CHD;200512;-;-;29;61;903.3;-19.4;85.8;110.4;-5.2;5.2
CHD;200601;-;-;33;43;906.9;-15.1;77.4;27.6;-3.7;10.0
CHD;200602;-;-;31;62;900.2;-14.1;79.1;55.2;-2.0;8.5
CHD;200603;-;-;28;69;899.1;-15.5;78.6;186.2;0.6;19.5
CHD;200604;-;-;0;64;902.9;-3.9;75.0;126.5;6.7;20.3
CHD;200605;-;-;0;72;906.0;-0.3;72.7;188.3;10.9;22.9
CHD;200606;-;-;0;41;908.3;-0.1;66.4;44.9;15.5;29.1
CHD;200607;-;-;0;39;909.2;9.3;68.4;89.4;19.1;31.0
CHD;200608;-;-;0;67;904.2;1.5;74.3;272.6;12.7;27.7
CHD;200609;-;-;0;54;906.0;3.5;77.7;90.8;14.4;25.9
CHD;200610;-;-;0;53;905.3;1.5;75.9;82.3;10.4;22.1
CHD;200611;-;-;0;53;907.7;-6.9;79.7;61.2;4.5;15.1
CHD;200612;-;-;5;37;910.7;-11.1;80.9;108.1;-0.5;12.6
CHD;200701;-;-;6;65;908.5;-14.5;81.6;111.7;1.3;15.0
CHD;200702;-;-;2;58;901.0;-6.5;78.6;93.7;2.1;12.0
CHD;200703;-;-;3;56;902.7;-7.5;74.8;114.0;3.2;15.0
CHD;200704;-;-;0;36;906.2;-2.2;69.9;47.8;10.2;25.2
CHD;200705;-;-;0;71;902.4;-1.5;75.5;228.5;11.2;25.4
CHD;200706;-;-;0;67;904.0;4.6;75.5;206.1;14.1;27.1
CHD;200707;-;-;0;59;906.1;-2.0;74.0;316.6;14.7;31.4
CHD;200708;-;-;0;62;905.3;1.3;74.7;193.2;15.1;29.6
CHD;200709;-;-;0;48;907.7;-1.0;74.8;70.7;10.8;27.0
CHD;200710;-;-;0;51;908.3;-4.9;75.7;28.0;7.2;20.5
CHD;200711;-;-;4;56;905.6;-13.5;81.0;57.1;0.5;12.1
CHD;200712;-;-;22;43;908.8;-15.4;80.5;154.2;-2.8;10.0
CHD;200801;-;-;19;51;907.2;-13.6;78.1;65.7;0.2;10.5
CHD;200802;-;-;9;36;911.4;-11.1;72.9;23.0;1.3;15.5
CHD;200803;-;-;5;76;897.5;-12.5;72.1;123.9;1.8;16.5
CHD;200804;-;-;1;77;899.2;-7.0;73.5;161.7;5.6;19.7
CHD;200805;-;-;0;71;902.6;2.3;72.7;53.1;12.2;26.0
CHD;200806;-;-;0;66;905.8;4.4;72.5;77.8;14.7;29.6
CHD;200807;-;-;0;53;906.2;4.4;69.6;113.3;15.8;28.6
CHD;200808;-;-;0;53;905.8;0.0;71.2;132.5;15.6;26.9
CHD;200809;-;-;0;60;905.5;0.0;78.6;120.0;10.6;25.1
CHD;200810;-;-;1;63;906.2;-2.9;79.6;105.5;8.1;22.0
CHD;200811;-;-;3;66;902.2;-11.6;82.2;57.4;2.0;12.5
CHD;200812;-;-;25;59;902.9;-15.1;82.9;98.1;-2.6;7.7
CHD;200901;-;-;35;41;899.7;-14.9;79.0;63.4;-4.9;7.1
CHD;200902;-;-;55;69;900.2;-15.0;79.2;64.4;-2.3;10.4
CHD;200903;-;-;48;61;902.0;-10.1;74.4;111.1;1.7;14.1
CHD;200904;-;-;4;57;901.4;-0.8;71.5;22.2;8.3;20.1
CHD;200905;-;-;0;60;907.3;-1.0;68.5;81.5;13.0;30.1
CHD;200906;-;-;0;64;905.2;5.2;69.3;198.0;14.3;28.4
CHD;200907;-;-;0;61;906.8;6.9;68.9;166.3;16.6;28.5
CHD;200908;-;-;0;39;908.0;5.0;66.5;43.8;17.8;32.0
CHD;200909;-;-;0;48;907.8;3.0;74.9;71.6;13.4;27.9
CHD;200910;-;-;0;54;905.8;-5.0;72.4;61.4;7.7;27.4
CHD;200911;-;-;0;73;900.7;-3.9;81.9;163.2;4.7;19.7
CHD;200912;-;-;8;80;896.1;-18.4;85.4;135.2;-1.6;7.0
CHD;201001;-;-;15;66;898.5;-13.6;80.3;39.3;-4.6;4.0
CHD;201002;-;-;29;70;893.0;-18.2;77.2;69.1;-2.5;15.7
CHD;201003;-;-;6;58;902.9;-12.5;69.2;64.7;1.8;18.1
CHD;201004;-;-;0;57;904.9;-5.5;68.5;28.9;7.4;24.4
CHD;201005;-;-;0;82;901.7;1.5;75.0;129.1;9.7;25.0
CHD;201006;-;-;0;63;903.9;-1.0;72.4;115.7;14.1;28.5
CHD;201007;-;-;0;52;907.6;6.1;70.2;122.7;17.7;31.3
CHD;201008;-;-;0;68;906.2;5.0;72.2;221.1;14.9;31.0
CHD;201009;-;-;0;58;904.7;1.0;75.1;64.8;11.3;22.4
CHD;201010;-;-;0;57;902.2;-5.0;76.6;44.1;7.0;23.5
CHD;201011;-;-;2;74;895.9;-14.1;83.1;81.6;2.5;16.0
CHD;201012;-;-;11;70;898.1;-15.4;83.6;89.5;-3.1;10.1
CHD;201101;-;-;3;51;904.7;-12.8;79.3;53.9;-1.8;9.5
CHD;201102;-;-;3;46;904.5;-10.1;71.7;41.5;0.7;14.0
CHD;201103;-;-;2;45;906.2;-6.6;72.1;31.5;4.4;18.2
CHD;201104;-;-;0;44;905.7;-2.2;66.8;37.1;9.8;23.9
CHD;201105;-;-;0;49;907.0;1.5;70.9;137.0;12.5;26.5
CHD;201106;-;-;0;70;906.7;1.4;73.5;151.5;13.8;29.8
CHD;201107;-;-;0;62;903.9;3.5;71.7;148.1;14.0;30.0
CHD;201108;-;-;0;43;906.5;4.0;67.7;101.5;16.9;31.0
CHD;201109;-;-;0;-;908.1;3.4;80.2;111.4;14.1;27.1
CHD;201110;-;-;0;-;908.8;-4.4;80.1;118.8;7.2;21.8
CHD;201111;-;-;0;-;907.8;-5.4;74.2;0.0;3.6;15.9
CHD;201112;-;-;25;-;905.8;-10.5;83.5;310.0;0.4;11.1
CHD;201201;-;-;45;-;908.5;-13.1;84.7;142.1;-1.2;6.4
CHD;201202;-;-;62;-;902.7;-21.0;78.1;28.7;-7.3;9.3
CHD;201203;194;14845;24;-;906.5;-7.0;68.8;19.8;4.4;17.9
CHD;201204;182;6821;0;-;889.4;-4.6;74.6;112.1;6.0;24.0
CHD;201205;245;11331;0;-;899.4;-2.7;74.1;87.1;11.0;25.8
CHD;201206;247;11506;0;-;900.1;2.5;77.3;127.2;14.8;29.2
CHD;201207;263;13364;0;-;901.6;4.9;74.9;107.4;15.2;29.6
CHD;201208;245;14897;0;-;902.9;4.6;76.3;176.8;16.5;31.1
CHD;201209;172;10928;0;-;900.7;1.1;83.6;162.1;11.5;23.6
CHD;201210;105;7579;0;-;896.9;-7.0;84.2;137.0;7.9;20.7
CHD;201211;71;6273;1;-;896.3;-8.5;82.2;105.4;3.7;16.3
CHD;201212;43;2691;23;-;897.1;-16.8;86.9;177.2;-1.4;11.9
CHD;201301;70;5892;21;-;895.9;-16.0;85.3;62.8;-2.4;9.8
CHD;201302;111;6344;47;-;893.8;-17.7;86.7;90.9;-4.9;5.9
CHD;201303;137;6552;29;-;888.3;-11.4;80.6;69.3;0.6;11.2
CHD;201304;193;8487;2;-;896.9;-5.5;79.2;93.6;6.3;21.5
CHD;201305;193;6086;0;-;895.5;-1.0;81.7;195.0;7.5;19.7
CHD;201306;239;10041;0;-;901.9;2.6;76.7;88.7;12.8;30.5
CHD;201307;279;15293;0;-;904.0;5.7;79.2;145.8;16.7;31.3
CHD;201308;244;14516;0;-;903.0;5.4;79.0;75.8;15.2;29.3
CHD;201309;172;9799;0;-;901.2;2.6;82.7;135.4;12.1;25.7
CHD;201310;100;6416;0;-;901.0;-0.4;86.1;146.0;9.2;21.1
CHD;201311;65;5436;2;-;897.3;-10.8;83.3;205.0;1.3;16.2
CHD;201312;63;8304;12;-;904.0;-10.9;75.6;44.3;-0.7;12.1
CHD;201401;60;4700;21;-;893.1;-12.2;85.1;66.9;-0.2;13.1
CHD;201402;94;5690;28;-;892.8;-6.8;83.9;94.9;0.5;11.1
CHD;201403;174;12003;7;-;898.7;-7.8;72.5;32.8;3.8;19.1
CHD;201404;203;9936;0;-;897.3;-3.3;75.3;92.1;7.5;19.0
CHD;201405;229;9125;0;-;899.3;-0.6;73.8;116.6;9.4;24.3
CHD;201406;274;13066;0;-;901.1;3.5;72.9;102.9;14.4;30.6
CHD;201407;204;8214;0;-;900.0;4.2;84.3;332.6;14.5;27.1
CHD;201408;200;8567;0;-;900.3;4.1;82.1;180.7;13.5;26.4
CHD;201409;188;12415;0;-;901.9;2.3;83.1;42.9;12.4;24.0
CHD;201410;119;9650;0;-;901.7;-1.8;84.2;90.1;9.8;23.2
CHD;201411;70;6283;0;-;894.8;-2.1;85.1;91.6;5.1;16.9
CHD;201412;46;4094;6;-;901.6;-15.4;85.6;70.1;0.1;10.9
CHD;201501;58;4609;15;-;900.0;-10.7;84.0;120.8;-0.9;13.4
CHD;201502;111;6857;37;-;896.0;-12.8;80.4;36.7;-2.7;9.2
CHD;201503;145;9121;8;-;901.3;-6.0;74.0;117.7;3.4;14.9
CHD;201504;208;11122;0;-;902.4;-5.3;69.6;77.0;7.0;20.5
CHD;201505;217;9985;0;-;900.5;0.0;73.1;214.4;11.0;26.9
CHD;201506;275;12837;0;-;903.3;4.2;76.0;120.8;14.9;27.3
CHD;201507;292;16501;0;-;902.6;5.7;64.4;52.4;19.0;33.8
CHD;201508;217;12249;0;-;901.9;6.0;79.8;105.7;16.3;32.3
CHD;201509;175;10432;0;-;900.8;1.1;81.1;87.1;10.2;24.7
CHD;201510;119;8383;0;-;900.0;-1.1;85.1;64.2;7.0;16.5
CHD;201511;83;8648;5;-;904.7;-11.8;78.2;104.1;4.3;18.4
CHD;201512;65;8839;6;-;910.5;-4.8;78.8;17.2;2.1;9.9
CHD;201601;53;3362;19;-;897.7;-17.5;84.3;161.4;0.0;11.3
CHD;201602;77;3313;11;-;895.3;-9.7;83.0;118.4;1.0;12.4
CHD;201603;168;10074;6;-;895.0;-12.0;75.1;61.9;1.8;18.5
CHD;201604;183;7449;0;-;895.6;-5.0;76.3;118.5;6.1;19.9
CHD;201605;213;8639;0;-;897.4;-0.4;76.1;238.9;9.4;23.4
CHD;201606;218;8221;0;-;900.1;4.9;81.4;182.8;13.5;29.8
CHD;201607;263;13766;0;-;903.8;4.4;76.5;181.4;16.2;29.6
CHD;201608;247;14278;0;-;905.0;4.5;77.3;93.7;16.0;28.0
CHD;201609;185;12191;0;-;903.7;5.5;81.7;63.4;13.6;24.6
CHD;201610;115;8837;0;-;902.1;-3.0;85.4;75.3;6.2;17.0
CHD;201611;62;4493;2;-;897.8;-8.1;84.8;119.7;2.7;16.2
CHD;201612;71;10483;0;-;909.6;-5.6;70.5;1.5;0.1;10.1
CHD;201701;70;7261;27;-;901.6;-16.2;80.1;57.7;-5.1;6.8
CHD;201702;104;7734;26;-;899.4;-6.8;79.8;84.3;1.6;15.5
CHD;201703;156;9851;2;-;900.2;-5.9;77.3;124.9;5.4;18.2
CHD;201704;229;12931;0;-;901.1;-5.7;70.5;45.7;6.0;20.0
CHD;201705;246;11381;0;-;900.8;-2.1;75.6;92.8;11.1;25.8
CHD;201706;288;14170;0;-;901.3;2.9;73.8;113.0;16.4;29.1
CHD;201707;254;12181;0;-;902.0;8.0;74.2;117.6;16.5;29.8
CHD;201708;219;12656;0;-;903.5;5.8;77.3;124.7;16.3;29.5
CHD;201709;158;8287;0;-;901.0;0.7;81.1;59.7;10.0;22.4
CHD;201710;129;10576;0;-;905.8;-2.5;78.7;63.4;8.5;21.0
CHD;201711;67;5124;9;-;899.5;-7.6;84.7;113.0;1.1;14.0
CHD;201712;50;4575;30;-;899.0;-13.3;86.0;156.3;-2.3;8.1
CHD;201801;55;4428;10;-;898.8;-5.6;82.6;261.4;2.1;12.5
CHD;201802;98;5789;3;-;893.5;-16.2;81.4;56.7;-3.5;6.5
CHD;201803;123;4727;2;-;887.0;-8.8;79.5;93.4;1.7;14.3
CHD;201804;231;12679;0;-;897.3;-3.3;67.2;47.8;9.3;22.9
CHD;201805;213;8879;0;-;898.7;2.1;81.9;138.6;11.6;23.6
CHD;201806;280;13364;0;-;900.9;4.9;76.6;105.6;15.2;27.3
CHD;201807;284;15993;0;-;901.6;7.6;69.6;63.9;17.8;29.0
CHD;201808;231;13604;0;-;903.2;6.0;77.8;169.2;16.6;30.8
CHD;201809;198;13517;0;-;905.2;2.0;78.4;51.6;13.7;26.4
CHD;201810;128;11082;0;-;900.4;-1.2;78.4;45.3;8.6;21.6
CHD;201811;70;6215;0;-;898.2;-5.2;87.4;18.3;3.8;15.8
CHD;201812;42;4185;0;-;903.5;-12.7;86.8;190.6;1.0;11.0