stn;time;gre000m0;hto000m0;nto000m0;ure200m0;prestam0;rre150m0;tre200m0;sre000m0;tre200mn;tre200mx
ALT;186401;-;-;-;-;971.4;51.3;-3.8;-;-;-
ALT;186402;-;-;-;-;959.9;46.7;0.5;-;-;-
ALT;186403;-;-;-;-;955.4;39.0;6.4;-;-;-
ALT;186404;-;-;-;-;963.8;194.3;8.3;-;-;-
ALT;186405;-;-;-;-;961.4;128.0;13.5;-;-;-
ALT;186406;-;-;-;-;963.9;208.7;15.3;-;-;-
ALT;186407;-;-;-;-;964.4;204.0;17.6;-;-;-
ALT;186408;-;-;-;-;965.6;89.0;16.3;-;-;-
ALT;186409;-;-;-;-;965.9;81.3;13.9;-;-;-
ALT;186410;-;-;-;-;958.5;31.1;9.9;-;-;-
ALT;186411;-;-;-;-;959.2;86.0;5.0;-;-;-
ALT;186412;-;-;-;-;963.7;7.3;-0.7;-;-;-
ALT;186501;-;-;-;-;954.4;66.7;1.7;-;-;-
ALT;186502;-;-;-;-;959.6;31.6;-0.2;-;-;-
ALT;186503;-;-;-;-;955.7;85.5;0.4;-;-;-
ALT;186504;-;-;-;-;966.8;1.3;13.5;-;-;-
ALT;186505;-;-;-;-;964.2;70.3;17.2;-;-;-
ALT;186506;-;-;-;-;966.6;88.9;16.9;-;-;-
ALT;186507;-;-;-;-;964.8;257.2;19.5;-;-;-
ALT;186508;-;-;-;-;963.3;228.2;16.5;-;-;-
ALT;186509;-;-;-;-;971.8;2.0;16.2;-;-;-
ALT;186510;-;-;-;-;958.0;109.5;10.9;-;-;-
ALT;186511;-;-;-;-;964.1;87.9;6.6;-;-;-
ALT;186512;-;-;-;-;974.1;5.9;-0.3;-;-;-
ALT;186601;-;-;-;-;-;78.4;2.8;-;-;-
ALT;186602;-;-;-;-;-;134.5;5.3;-;-;-
ALT;186603;-;-;-;-;-;143.2;6.0;-;-;-
ALT;186604;-;-;-;-;-;121.9;10.8;-;-;-
ALT;186605;-;-;-;-;-;105.2;11.5;-;-;-
ALT;186606;-;-;-;-;-;70.0;18.1;-;-;-
ALT;186607;-;-;-;-;-;149.8;18.1;-;-;-
ALT;186608;-;-;-;-;-;279.3;15.7;-;-;-
ALT;186609;-;-;-;-;-;117.4;15.7;-;-;-
ALT;186610;-;-;-;-;-;4.0;9.7;-;-;-
ALT;186611;-;-;-;-;-;241.7;4.3;-;-;-
ALT;186612;-;-;-;-;-;119.9;2.6;-;-;-
ALT;186701;-;-;-;-;957.5;179.9;0.8;-;-;-
ALT;186702;-;-;-;-;972.2;105.4;6.6;-;-;-
ALT;186703;-;-;-;-;957.0;130.7;6.1;-;-;-
ALT;186704;-;-;-;-;963.6;201.3;9.9;-;-;-
ALT;186705;-;-;-;-;963.4;117.2;14.0;-;-;-
ALT;186706;-;-;-;-;966.8;157.1;16.4;-;-;-
ALT;186707;-;-;-;-;966.2;54.4;17.2;-;-;-
ALT;186708;-;-;-;-;966.6;86.1;18.3;-;-;-
ALT;186709;-;-;-;-;969.1;71.2;15.6;-;-;-
ALT;186710;-;-;-;-;965.7;220.3;8.0;-;-;-
ALT;186711;-;-;-;-;971.5;20.9;3.7;-;-;-
ALT;186712;-;-;-;-;963.1;200.8;-0.7;-;-;-
ALT;186801;-;-;-;-;964.5;74.2;-1.4;-;-;-
ALT;186802;-;-;-;-;973.3;24.9;3.2;-;-;-
ALT;186803;-;-;-;-;965.7;268.9;3.8;-;-;-
ALT;186804;-;-;-;-;964.1;124.6;8.6;-;-;-
ALT;186805;-;-;-;-;966.1;43.5;17.9;-;-;-
ALT;186806;-;-;-;-;968.0;137.5;17.7;-;-;-
ALT;186807;-;-;-;-;965.6;185.1;18.1;-;-;-
ALT;186808;-;-;-;-;966.0;71.9;18.4;-;-;-
ALT;186809;-;-;-;-;963.5;113.7;16.9;-;-;-
ALT;186810;-;-;-;-;965.9;230.2;9.9;-;-;-
ALT;186811;-;-;-;-;965.4;38.6;2.9;-;-;-
ALT;186812;-;-;-;-;962.2;188.2;6.6;-;-;-
ALT;186901;-;-;-;-;971.3;51.1;0.7;-;-;-
ALT;186902;-;-;-;-;970.7;37.4;6.7;-;-;-
ALT;186903;-;-;-;-;952.6;143.2;2.2;-;-;-
ALT;186904;-;-;-;-;964.2;142.5;10.7;-;-;-
ALT;186905;-;-;-;-;959.6;119.5;15.6;-;-;-
ALT;186906;-;-;-;-;965.4;164.9;14.3;-;-;-
ALT;186907;-;-;-;-;966.6;145.8;20.4;-;-;-
ALT;186908;-;-;-;-;967.4;233.5;16.1;-;-;-
ALT;186909;-;-;-;-;965.4;58.8;15.5;-;-;-
ALT;186910;-;-;-;-;966.5;86.3;7.5;-;-;-
ALT;186911;-;-;-;-;964.2;125.4;5.0;-;-;-
ALT;186912;-;-;-;-;959.9;104.9;0.9;-;-;-
ALT;187001;-;-;-;-;965.5;26.0;-0.2;-;-;-
ALT;187002;-;-;-;-;959.0;20.0;0.7;-;-;-
ALT;187003;-;-;-;-;960.9;69.9;3.4;-;-;-
ALT;187004;-;-;-;-;968.0;63.1;9.1;-;-;-
ALT;187005;-;-;-;-;966.3;37.3;15.1;-;-;-
ALT;187006;-;-;-;-;967.0;87.3;17.3;-;-;-
ALT;187007;-;-;-;-;964.5;67.4;19.9;-;-;-
ALT;187008;-;-;-;-;961.5;208.5;15.7;-;-;-
ALT;187009;-;-;-;-;968.6;98.8;13.3;-;-;-
ALT;187010;-;-;-;-;962.0;283.6;9.0;-;-;-
ALT;187011;-;-;-;-;959.7;177.4;6.2;-;-;-
ALT;187012;-;-;-;-;957.0;88.5;-1.5;-;-;-
ALT;187101;-;-;-;-;959.4;48.4;-2.8;-;-;-
ALT;187102;-;-;-;-;970.1;83.9;2.2;-;-;-
ALT;187103;-;-;-;-;967.8;48.0;6.1;-;-;-
ALT;187104;-;-;-;-;963.6;203.7;9.8;-;-;-
ALT;187105;-;-;-;-;965.2;105.4;12.8;-;-;-
ALT;187106;-;-;-;-;963.6;231.7;13.7;-;-;-
ALT;187107;-;-;-;-;964.8;94.3;18.9;-;-;-
ALT;187108;-;-;-;-;970.4;160.8;17.7;-;-;-
ALT;187109;-;-;-;-;965.5;24.1;16.7;-;-;-
ALT;187110;-;-;-;-;966.8;129.7;7.7;-;-;-
ALT;187111;-;-;-;-;960.7;53.4;2.9;-;-;-
ALT;187112;-;-;-;-;968.5;7.7;-5.6;-;-;-
ALT;187201;-;-;-;-;960.3;31.4;2.3;-;-;-
ALT;187202;-;-;-;-;965.7;64.2;2.1;-;-;-
ALT;187203;-;-;-;-;961.9;90.7;6.8;-;-;-
ALT;187204;-;-;-;-;962.6;163.7;10.4;-;-;-
ALT;187205;-;-;-;-;963.8;254.7;12.9;-;-;-
ALT;187206;-;-;-;-;967.3;173.2;15.7;-;-;-
ALT;187207;-;-;-;-;967.6;164.2;18.6;-;-;-
ALT;187208;-;-;-;-;967.5;207.9;16.0;-;-;-
ALT;187209;-;-;-;-;967.8;54.8;15.1;-;-;-
ALT;187210;-;-;-;-;961.5;240.9;12.3;-;-;-
ALT;187211;-;-;-;-;963.4;63.2;7.9;-;-;-
ALT;187212;-;-;-;-;959.2;127.4;5.7;-;-;-
ALT;187301;-;-;-;-;964.2;21.7;2.4;-;-;-
ALT;187302;-;-;-;-;964.6;24.0;1.7;-;-;-
ALT;187303;-;-;-;-;958.8;57.2;7.9;-;-;-
ALT;187304;-;-;-;-;959.5;130.0;8.2;-;-;-
ALT;187305;-;-;-;-;963.3;145.8;11.2;-;-;-
ALT;187306;-;-;-;-;965.3;68.6;17.1;-;-;-
ALT;187307;-;-;-;-;967.8;219.6;19.9;-;-;-
ALT;187308;-;-;-;-;968.1;190.9;19.0;-;-;-
ALT;187309;-;-;-;-;966.6;137.4;14.2;-;-;-
ALT;187310;-;-;-;-;963.1;212.1;10.2;-;-;-
ALT;187311;-;-;-;-;962.0;76.5;5.8;-;-;-
ALT;187312;-;-;-;-;973.2;55.8;-0.1;-;-;-
ALT;187401;-;-;-;-;970.8;14.4;0.5;-;-;-
ALT;187402;-;-;-;-;966.5;28.9;1.6;-;-;-
ALT;187403;-;-;-;-;970.4;44.7;4.4;-;-;-
ALT;187404;-;-;-;-;960.8;112.9;11.0;-;-;-
ALT;187405;-;-;-;-;960.6;114.3;10.3;-;-;-
ALT;187406;-;-;-;-;967.4;201.9;17.3;-;-;-
ALT;187407;-;-;-;-;967.0;291.4;20.3;-;-;-
ALT;187408;-;-;-;-;966.3;207.5;16.9;-;-;-
ALT;187409;-;-;-;-;967.6;48.9;17.0;-;-;-
ALT;187410;-;-;-;-;966.3;65.5;10.3;-;-;-
ALT;187411;-;-;-;-;962.5;276.6;1.7;-;-;-
ALT;187412;-;-;-;-;954.8;77.8;-0.3;-;-;-
ALT;187501;-;-;-;-;967.9;129.2;1.8;-;-;-
ALT;187502;-;-;-;-;960.8;49.9;-1.0;-;-;-
ALT;187503;-;-;-;-;965.5;50.0;3.4;-;-;-
ALT;187504;-;-;-;-;-;39.9;9.6;-;-;-
ALT;187505;-;-;-;-;-;95.2;15.1;-;-;-
ALT;187506;-;-;-;-;964.2;130.7;17.8;-;-;-
ALT;187507;-;-;-;-;-;190.0;17.4;-;-;-
ALT;187508;-;-;-;-;-;165.0;18.9;-;-;-
ALT;187509;-;-;-;-;-;170.0;16.1;-;-;-
ALT;187510;-;-;-;-;-;200.0;9.0;-;-;-
ALT;187511;-;-;-;-;-;130.0;4.0;-;-;-
ALT;187512;-;-;-;-;-;25.0;-1.5;-;-;-
ALT;187601;-;-;-;-;970.9;59.5;-0.4;-;-;-
ALT;187602;-;-;-;-;961.9;169.6;2.2;-;-;-
ALT;187603;-;-;-;-;954.5;187.6;5.7;-;-;-
ALT;187604;-;-;-;-;960.0;128.1;10.0;-;-;-
ALT;187605;-;-;-;-;962.6;121.7;10.4;-;-;-
ALT;187606;-;-;-;-;962.3;264.3;16.5;-;-;-
ALT;187607;-;-;-;-;967.2;115.9;18.7;-;-;-
ALT;187608;-;-;-;-;964.7;161.8;18.6;-;-;-
ALT;187609;-;-;-;-;962.8;167.8;13.6;-;-;-
ALT;187610;-;-;-;-;963.5;21.1;12.4;-;-;-
ALT;187611;-;-;-;-;962.3;89.5;3.7;-;-;-
ALT;187612;-;-;-;-;955.5;66.5;4.8;-;-;-
ALT;187701;-;-;-;-;965.9;74.4;4.6;-;-;-
ALT;187702;-;-;-;-;964.3;180.7;3.8;-;-;-
ALT;187703;-;-;-;-;956.1;78.0;4.2;-;-;-
ALT;187704;-;-;-;-;-;86.5;9.1;-;-;-
ALT;187705;-;-;-;-;960.0;104.5;11.4;-;-;-
ALT;187706;-;-;-;-;966.4;119.2;19.5;-;-;-
ALT;187707;-;-;-;-;965.7;249.2;17.9;-;-;-
ALT;187708;-;-;-;-;964.7;128.3;19.3;-;-;-
ALT;187709;-;-;-;-;965.0;40.7;13.2;-;-;-
ALT;187710;-;-;-;-;967.0;73.1;7.6;-;-;-
ALT;187711;-;-;-;-;961.8;114.7;6.0;-;-;-
ALT;187712;-;-;-;-;965.7;113.7;1.2;-;-;-
ALT;187801;-;-;-;-;968.4;60.5;-1.6;-;-;-
ALT;187802;-;-;-;-;973.6;16.9;0.9;-;-;-
ALT;187803;-;-;-;-;964.0;159.9;3.8;-;-;-
ALT;187804;-;-;-;-;959.4;96.6;9.6;-;-;-
ALT;187805;-;-;-;-;961.1;97.4;14.7;-;-;-
ALT;187806;-;-;-;-;963.7;151.7;16.4;-;-;-
ALT;187807;-;-;-;-;964.6;202.3;17.3;-;-;-
ALT;187808;-;-;-;-;961.2;137.7;17.9;-;-;-
ALT;187809;-;-;-;-;965.0;112.0;14.5;-;-;-
ALT;187810;-;-;-;-;962.0;99.9;11.3;-;-;-
ALT;187811;-;-;-;-;957.1;98.6;4.7;-;-;-
ALT;187812;-;-;-;-;956.2;70.8;-0.9;-;-;-
ALT;187901;-;-;-;-;962.4;45.0;1.3;-;-;-
ALT;187902;-;-;-;-;951.6;67.5;3.3;-;-;-
ALT;187903;-;-;-;-;963.0;32.7;6.2;-;-;-
ALT;187904;-;-;-;-;952.8;136.5;8.2;-;-;-
ALT;187905;-;-;-;-;961.2;128.0;9.9;-;-;-
ALT;187906;-;-;-;-;963.7;125.5;16.9;-;-;-
ALT;187907;-;-;-;-;963.2;195.1;15.6;-;-;-
ALT;187908;-;-;-;-;964.1;134.8;19.5;-;-;-
ALT;187909;-;-;-;-;965.0;140.3;14.6;-;-;-
ALT;187910;-;-;-;-;967.1;90.2;8.2;-;-;-
ALT;187911;-;-;-;-;966.0;117.8;2.3;-;-;-
ALT;187912;-;-;-;-;972.6;33.1;-4.8;-;-;-
ALT;188001;-;-;-;-;973.9;21.7;-3.2;-;-;-
ALT;188002;-;-;-;-;963.8;25.6;1.9;-;-;-
ALT;188003;-;-;-;-;967.1;50.4;7.0;-;-;-
ALT;188004;-;-;-;-;959.0;105.3;10.2;-;-;-
ALT;188005;-;-;-;-;961.6;37.8;12.2;-;-;-
ALT;188006;-;-;-;-;962.3;151.9;15.1;-;-;-
ALT;188007;-;-;-;-;964.7;144.8;19.0;-;-;-
ALT;188008;-;-;-;-;962.4;139.4;16.8;-;-;-
ALT;188009;-;-;-;-;966.4;115.7;15.2;-;-;-
ALT;188010;-;-;-;-;961.6;187.5;10.7;-;-;-
ALT;188011;-;-;-;-;965.5;44.3;5.9;-;-;-
ALT;188012;-;-;-;-;966.6;108.2;4.9;-;-;-
ALT;188101;-;-;-;-;958.3;28.0;-0.7;-;-;-
ALT;188102;-;-;-;-;960.2;54.4;2.9;-;-;-
ALT;188103;-;-;-;-;962.7;66.7;6.7;-;-;-
ALT;188104;-;-;-;-;959.4;97.9;8.7;-;-;-
ALT;188105;-;-;-;-;965.3;69.4;12.7;-;-;-
ALT;188106;-;-;-;-;963.8;137.1;15.9;-;-;-
ALT;188107;-;-;-;-;966.8;119.3;20.5;-;-;-
ALT;188108;-;-;-;-;963.6;210.4;18.4;-;-;-
ALT;188109;-;-;-;-;964.0;190.1;13.2;-;-;-
ALT;188110;-;-;-;-;961.2;88.9;7.3;-;-;-
ALT;188111;-;-;-;-;970.4;22.8;5.9;-;-;-
ALT;188112;-;-;-;-;967.2;52.5;0.9;-;-;-
ALT;188201;-;-;-;-;978.3;21.7;0.0;-;-;-
ALT;188202;-;-;-;-;973.2;22.3;1.4;-;-;-
ALT;188203;-;-;-;-;966.7;44.5;6.9;-;-;-
ALT;188204;-;-;-;-;959.7;73.6;9.3;-;-;-
ALT;188205;-;-;-;-;962.6;85.4;13.8;-;-;-
ALT;188206;-;-;-;-;962.4;172.9;15.2;-;-;-
ALT;188207;-;-;-;-;961.7;154.0;16.6;-;-;-
ALT;188208;-;-;-;-;961.8;127.4;15.9;-;-;-
ALT;188209;-;-;-;-;958.4;274.8;12.8;-;-;-
ALT;188210;-;-;-;-;959.9;159.7;10.7;-;-;-
ALT;188211;-;-;-;-;957.5;108.7;5.6;-;-;-
ALT;188212;-;-;-;-;956.2;185.3;2.7;-;-;-
ALT;188301;-;-;-;-;962.1;45.5;2.9;-;-;-
ALT;188302;-;-;-;-;969.0;21.1;4.7;-;-;-
ALT;188303;-;-;-;-;954.6;38.1;2.1;-;-;-
ALT;188304;-;-;-;-;958.9;33.3;9.2;-;-;-
ALT;188305;-;-;-;-;959.7;136.0;13.4;-;-;-
ALT;188306;-;-;-;-;961.4;120.8;15.7;-;-;-
ALT;188307;-;-;-;-;962.1;139.8;16.8;-;-;-
ALT;188308;-;-;-;-;965.1;70.7;17.0;-;-;-
ALT;188309;-;-;-;-;960.9;91.6;14.2;-;-;-
ALT;188310;-;-;-;-;964.2;90.0;8.5;-;-;-
ALT;188311;-;-;-;-;962.9;83.6;5.0;-;-;-
ALT;188312;-;-;-;-;965.3;148.0;0.2;-;-;-
ALT;188401;-;-;-;-;968.9;31.3;2.2;-;-;-
ALT;188402;-;-;-;-;962.4;23.8;4.4;-;-;-
ALT;188403;-;-;-;-;959.4;19.1;7.4;-;-;-
ALT;188404;-;-;-;-;951.7;65.8;9.1;-;-;-
ALT;188405;-;-;-;-;961.7;69.0;14.7;-;-;-
ALT;188406;-;-;-;-;960.0;147.0;13.4;-;-;-
ALT;188407;-;-;-;-;962.4;130.9;18.9;-;-;-
ALT;188408;-;-;-;-;962.5;132.2;18.1;-;-;-
ALT;188409;-;-;-;-;964.0;83.7;15.2;-;-;-
ALT;188410;-;-;-;-;963.6;66.5;8.9;-;-;-
ALT;188411;-;-;-;-;965.5;29.9;3.0;-;-;-
ALT;188412;-;-;-;-;959.2;76.4;1.9;-;-;-
ALT;188501;-;-;-;-;959.9;7.3;-1.3;-;-;-
ALT;188502;-;-;-;-;959.4;45.3;6.0;-;-;-
ALT;188503;-;-;-;-;959.3;27.7;5.4;-;-;-
ALT;188504;-;-;-;-;952.8;49.0;10.7;-;-;-
ALT;188505;-;-;-;-;958.4;148.5;10.9;-;-;-
ALT;188506;-;-;-;-;961.4;46.4;18.3;-;-;-
ALT;188507;-;-;-;-;964.6;93.9;19.4;-;-;-
ALT;188508;-;-;-;-;959.7;140.8;17.7;-;-;-
ALT;188509;-;-;-;-;961.9;170.0;14.1;-;-;-
ALT;188510;-;-;-;-;955.5;203.1;8.4;-;-;-
ALT;188511;-;-;-;-;958.9;97.9;5.0;-;-;-
ALT;188512;-;-;-;-;967.0;104.8;0.2;-;-;-
ALT;188601;-;-;-;-;952.9;49.5;0.3;-;-;-
ALT;188602;-;-;-;-;961.2;50.5;-0.6;-;-;-
ALT;188603;-;-;-;-;960.4;31.9;4.1;-;-;-
ALT;188604;-;-;-;-;957.9;101.2;11.0;-;-;-
ALT;188605;-;-;-;-;961.1;109.0;14.3;-;-;-
ALT;188606;-;-;-;-;958.9;205.1;14.7;-;-;-
ALT;188607;-;-;-;-;961.7;147.2;18.7;-;-;-
ALT;188608;-;-;-;-;962.0;176.0;17.6;-;-;-
ALT;188609;-;-;-;-;963.8;48.0;16.7;-;-;-
ALT;188610;-;-;-;-;959.6;82.9;11.1;-;-;-
ALT;188611;-;-;-;-;960.9;138.2;5.3;-;-;-
ALT;188612;-;-;-;-;954.3;105.8;2.5;-;-;-
ALT;188701;-;-;-;-;963.1;12.1;-2.1;-;-;-
ALT;188702;-;-;-;-;968.9;11.2;0.1;-;-;-
ALT;188703;-;-;-;-;960.8;98.9;2.3;-;-;-
ALT;188704;-;-;-;-;957.8;49.9;9.0;-;-;-
ALT;188705;-;-;-;-;959.2;168.2;10.8;-;-;-
ALT;188706;-;-;-;-;964.0;80.2;17.4;-;-;-
ALT;188707;-;-;-;-;963.2;120.1;19.5;-;-;-
ALT;188708;-;-;-;-;961.4;129.8;17.7;-;-;-
ALT;188709;-;-;-;-;960.6;98.4;13.8;-;-;-
ALT;188710;-;-;-;-;961.7;86.5;6.2;-;-;-
ALT;188711;-;-;-;-;953.4;25.4;5.1;-;-;-
ALT;188712;-;-;-;-;957.5;139.7;0.3;-;-;-
ALT;188801;-;-;-;-;968.3;27.7;-0.8;-;-;-
ALT;188802;-;-;-;-;954.2;61.0;0.7;-;-;-
ALT;188803;-;-;-;-;951.2;112.3;4.4;-;-;-
ALT;188804;-;-;-;-;955.7;102.5;7.5;-;-;-
ALT;188805;-;-;-;-;962.4;65.5;14.6;-;-;-
ALT;188806;-;-;-;-;959.8;114.5;16.9;-;-;-
ALT;188807;-;-;-;-;958.6;196.6;16.3;-;-;-
ALT;188808;-;-;-;-;963.9;206.1;16.2;-;-;-
ALT;188809;-;-;-;-;964.8;154.3;14.8;-;-;-
ALT;188810;-;-;-;-;963.6;81.9;6.9;-;-;-
ALT;188811;-;-;-;-;960.8;51.7;6.1;-;-;-
ALT;188812;-;-;-;-;964.4;8.6;2.2;-;-;-
ALT;188901;-;-;-;-;964.5;21.5;-0.6;-;-;-
ALT;188902;-;-;-;-;955.1;152.7;-0.5;-;-;-
ALT;188903;-;-;-;-;958.9;58.9;3.0;-;-;-
ALT;188904;-;-;-;-;952.8;107.1;7.9;-;-;-
ALT;188905;-;-;-;-;956.9;50.1;15.0;-;-;-
ALT;188906;-;-;-;-;959.8;124.6;17.8;-;-;-
ALT;188907;-;-;-;-;961.2;123.3;17.4;-;-;-
ALT;188908;-;-;-;-;962.7;130.8;16.8;-;-;-
ALT;188909;-;-;-;-;961.9;113.4;12.8;-;-;-
ALT;188910;-;-;-;-;956.3;240.0;9.1;-;-;-
ALT;188911;-;-;-;-;969.0;45.2;3.8;-;-;-
ALT;188912;-;-;-;-;967.2;23.4;-1.6;-;-;-
ALT;189001;-;-;-;-;965.4;75.7;2.7;-;-;-
ALT;189002;-;-;-;-;963.6;1.4;-0.8;-;-;-
ALT;189003;-;-;-;-;957.7;41.2;5.2;-;-;-
ALT;189004;-;-;-;-;953.9;90.2;8.8;-;-;-
ALT;189005;-;-;-;-;955.0;67.2;14.8;-;-;-
ALT;189006;-;-;-;-;963.3;146.2;15.3;-;-;-
ALT;189007;-;-;-;-;961.2;137.2;16.2;-;-;-
ALT;189008;-;-;-;-;960.9;307.8;16.9;-;-;-
ALT;189009;-;-;-;-;967.2;39.9;14.3;-;-;-
ALT;189010;-;-;-;-;964.6;131.9;7.8;-;-;-
ALT;189011;-;-;-;-;958.3;67.2;4.4;-;-;-
ALT;189012;-;-;-;-;957.9;13.5;-2.0;-;-;-
ALT;189101;-;-;-;-;963.4;62.5;-4.1;-;-;-
ALT;189102;-;-;-;-;973.4;17.6;-1.2;-;-;-
ALT;189103;-;-;-;-;955.9;90.1;5.2;-;-;-
ALT;189104;-;-;-;-;957.4;78.7;6.6;-;-;-
ALT;189105;-;-;-;-;955.3;106.6;13.2;-;-;-
ALT;189106;-;-;-;-;960.9;121.3;16.5;-;-;-
ALT;189107;-;-;-;-;961.5;236.1;16.9;-;-;-
ALT;189108;-;-;-;-;961.2;130.9;16.3;-;-;-
ALT;189109;-;-;-;-;964.7;96.4;15.2;-;-;-
ALT;189110;-;-;-;-;958.4;96.1;11.6;-;-;-
ALT;189111;-;-;-;-;958.4;87.2;4.5;-;-;-
ALT;189112;-;-;-;-;966.3;191.5;1.8;-;-;-
ALT;189201;-;-;-;-;957.3;81.3;0.3;-;-;-
ALT;189202;-;-;-;-;953.8;125.3;3.7;-;-;-
ALT;189203;-;-;-;-;956.8;31.5;3.2;-;-;-
ALT;189204;-;-;-;-;958.0;66.0;8.9;-;-;-
ALT;189205;-;-;-;-;960.4;45.5;13.7;-;-;-
ALT;189206;-;-;-;-;961.7;187.3;16.4;-;-;-
ALT;189207;-;-;-;-;961.1;181.0;17.4;-;-;-
ALT;189208;-;-;-;-;961.7;142.5;19.2;-;-;-
ALT;189209;-;-;-;-;963.2;130.3;14.9;-;-;-
ALT;189210;-;-;-;-;955.5;107.5;10.4;-;-;-
ALT;189211;-;-;-;-;966.7;32.8;7.1;-;-;-
ALT;189212;-;-;-;-;963.7;42.6;0.0;-;-;-
ALT;189301;-;-;-;-;963.7;80.0;-3.1;-;-;-
ALT;189302;-;-;-;-;961.6;82.4;3.9;-;-;-
ALT;189303;-;-;-;-;968.5;29.8;6.6;-;-;-
ALT;189304;-;-;-;-;965.3;11.3;12.4;-;-;-
ALT;189305;-;-;-;-;964.0;109.7;13.9;-;-;-
ALT;189306;-;-;-;-;963.5;95.1;16.8;-;-;-
ALT;189307;-;-;-;-;963.1;225.3;18.2;-;-;-
ALT;189308;-;-;-;-;966.8;55.0;18.6;-;-;-
ALT;189309;-;-;-;-;963.4;124.2;15.2;-;-;-
ALT;189310;-;-;-;-;965.3;78.9;12.5;-;-;-
ALT;189311;-;-;-;-;961.7;108.0;4.9;-;-;-
ALT;189312;-;-;-;-;968.3;19.5;2.4;-;-;-
ALT;189401;-;-;-;-;965.2;9.9;0.3;-;-;-
ALT;189402;-;-;-;-;969.9;84.9;2.3;-;-;-
ALT;189403;-;-;-;-;963.9;46.7;6.5;-;-;-
ALT;189404;-;-;-;-;960.6;51.1;12.0;-;-;-
ALT;189405;-;-;-;-;960.1;103.6;13.0;-;-;-
ALT;189406;-;-;-;-;965.9;83.7;16.0;-;-;-
ALT;189407;-;-;-;-;964.8;188.7;18.9;-;-;-
ALT;189408;-;-;-;-;966.3;129.5;17.5;-;-;-
ALT;189409;-;-;-;-;965.9;98.7;13.8;-;-;-
ALT;189410;-;-;-;-;962.9;75.6;10.7;-;-;-
ALT;189411;-;-;-;-;967.4;31.8;6.6;-;-;-
ALT;189412;-;-;-;-;966.6;75.5;0.9;-;-;-
ALT;189501;-;-;-;-;952.4;64.0;-1.2;-;-;-
ALT;189502;-;-;-;-;959.1;21.7;-3.3;-;-;-
ALT;189503;-;-;-;-;957.8;90.4;4.5;-;-;-
ALT;189504;-;-;-;-;960.7;57.0;10.6;-;-;-
ALT;189505;-;-;-;-;963.6;100.7;13.8;-;-;-
ALT;189506;-;-;-;-;965.0;137.8;17.2;-;-;-
ALT;189507;-;-;-;-;964.4;129.7;19.4;-;-;-
ALT;189508;-;-;-;-;966.4;115.4;17.9;-;-;-
ALT;189509;-;-;-;-;970.0;9.5;17.6;-;-;-
ALT;189510;-;-;-;-;961.1;86.5;10.9;-;-;-
ALT;189511;-;-;-;-;965.9;42.7;8.2;-;-;-
ALT;189512;-;-;-;-;959.5;122.9;3.3;-;-;-
ALT;189601;-;-;-;-;972.8;27.6;-0.1;-;-;-
ALT;189602;-;-;-;-;972.5;41.5;0.8;-;-;-
ALT;189603;-;-;-;-;961.3;225.4;7.8;-;-;-
ALT;189604;-;-;-;-;966.2;155.7;7.6;-;-;-
ALT;189605;-;-;-;-;963.7;85.0;12.0;-;-;-
ALT;189606;-;-;-;-;963.1;116.9;17.1;-;-;-
ALT;189607;-;-;-;-;965.1;169.3;18.4;-;-;-
ALT;189608;-;-;-;-;964.1;180.2;15.7;-;-;-
ALT;189609;-;-;-;-;962.9;136.6;14.5;-;-;-
ALT;189610;-;-;-;-;959.2;185.9;10.2;-;-;-
ALT;189611;-;-;-;-;963.7;69.4;4.4;-;-;-
ALT;189612;-;-;-;-;960.8;33.3;3.1;-;-;-
ALT;189701;-;-;-;-;957.7;21.1;2.3;-;-;-
ALT;189702;-;-;-;-;969.9;164.3;4.9;-;-;-
ALT;189703;-;-;-;-;960.0;68.8;8.6;-;-;-
ALT;189704;-;-;-;-;960.0;68.9;10.0;-;-;-
ALT;189705;-;-;-;-;960.4;82.3;12.1;-;-;-
ALT;189706;-;-;-;-;965.5;137.7;18.1;-;-;-
ALT;189707;-;-;-;-;964.3;163.5;19.2;-;-;-
ALT;189708;-;-;-;-;964.1;199.3;18.1;-;-;-
ALT;189709;-;-;-;-;965.4;270.1;13.6;-;-;-
ALT;189710;-;-;-;-;968.8;17.7;9.7;-;-;-
ALT;189711;-;-;-;-;971.7;15.9;5.3;-;-;-
ALT;189712;-;-;-;-;967.4;34.5;2.4;-;-;-
ALT;189801;-;-;-;-;975.8;9.0;2.4;-;-;-
ALT;189802;-;-;-;-;963.2;164.5;2.3;-;-;-
ALT;189803;-;-;-;-;956.1;43.4;5.3;-;-;-
ALT;189804;-;-;-;-;961.1;88.8;10.3;-;-;-
ALT;189805;-;-;-;-;959.7;149.0;13.3;-;-;-
ALT;189806;-;-;-;-;964.0;174.0;15.5;-;-;-
ALT;189807;-;-;-;-;966.4;195.7;16.8;-;-;-
ALT;189808;-;-;-;-;967.2;86.1;19.3;-;-;-
ALT;189809;-;-;-;-;967.7;45.9;16.3;-;-;-
ALT;189810;-;-;-;-;961.6;140.1;11.8;-;-;-
ALT;189811;-;-;-;-;961.6;146.3;8.2;-;-;-
ALT;189812;-;-;-;-;971.9;58.0;1.9;-;-;-
ALT;189901;-;-;-;-;963.0;132.7;4.1;-;-;-
ALT;189902;-;-;-;-;964.2;14.6;4.8;-;-;-
ALT;189903;-;-;-;-;965.2;45.5;6.4;-;-;-
ALT;189904;-;-;-;-;961.1;135.0;9.3;-;-;-
ALT;189905;-;-;-;-;963.8;103.2;13.0;-;-;-
ALT;189906;-;-;-;-;963.8;80.4;16.6;-;-;-
ALT;189907;-;-;-;-;967.2;115.8;18.3;-;-;-
ALT;189908;-;-;-;-;966.9;103.1;19.2;-;-;-
ALT;189909;-;-;-;-;963.3;145.1;14.9;-;-;-
ALT;189910;-;-;-;-;968.1;36.8;11.1;-;-;-
ALT;189911;-;-;-;-;972.8;10.3;7.0;-;-;-
ALT;189912;-;-;-;-;961.3;93.8;1.2;-;-;-
ALT;190001;-;-;-;-;962.0;101.4;3.5;-;-;-
ALT;190002;-;-;-;-;954.3;71.8;6.0;-;-;-
ALT;190003;-;-;-;-;959.9;35.5;3.4;-;-;-
ALT;190004;-;-;-;-;963.1;78.7;8.8;-;-;-
ALT;190005;-;-;-;-;961.1;124.9;12.7;-;-;-
ALT;190006;-;-;-;-;963.5;54.4;18.0;-;-;-
ALT;190007;-;-;-;-;966.0;219.2;19.0;-;-;-
ALT;190008;-;-;-;-;964.6;179.1;17.5;-;-;-
ALT;190009;-;-;-;-;968.8;39.1;16.5;-;-;-
ALT;190010;-;-;-;-;966.8;63.8;11.1;-;-;-
ALT;190011;-;-;-;-;958.1;103.6;7.5;-;-;-
ALT;190012;-;-;-;-;966.8;125.0;3.2;-;-;-
ALT;190101;-;-;73;83.2;967.4;62.3;1.2;-;-;-
ALT;190102;-;-;63;79.5;962.5;19.6;-0.8;-;-;-
ALT;190103;-;-;74;68.3;955.6;76.1;5.1;-;-;-
ALT;190104;-;-;64;74.7;962.1;233.1;9.9;-;-;-
ALT;190105;-;-;55;73.8;962.9;45.8;13.3;-;-;-
ALT;190106;-;-;66;77.8;965.3;192.8;16.5;-;-;-
ALT;190107;-;-;62;77.4;963.9;143.0;18.0;-;-;-
ALT;190108;-;-;58;80.9;965.9;157.1;17.0;-;-;-
ALT;190109;-;-;69;80.9;961.4;144.8;15.1;-;-;-
ALT;190110;-;-;72;84.1;962.0;89.0;9.1;-;-;-
ALT;190111;-;-;79;80.2;968.1;22.3;2.9;-;-;-
ALT;190112;-;-;68;83.2;957.2;77.2;1.8;-;-;-
ALT;190201;-;-;63;85.7;970.4;50.6;0.9;-;-;-
ALT;190202;-;-;76;83.1;957.3;30.8;1.8;-;-;-
ALT;190203;-;-;55;76.6;961.2;176.4;4.3;-;-;-
ALT;190204;-;-;65;73.9;960.0;28.2;11.1;-;-;-
ALT;190205;-;-;78;74.4;962.3;121.0;9.3;-;-;-
ALT;190206;-;-;61;74.2;962.4;77.4;15.3;-;-;-
ALT;190207;-;-;51;75.6;965.7;104.9;18.2;-;-;-
ALT;190208;-;-;67;79.2;964.4;121.6;17.0;-;-;-
ALT;190209;-;-;56;84.4;966.1;114.8;14.0;-;-;-
ALT;190210;-;-;79;84.5;963.9;107.7;9.3;-;-;-
ALT;190211;-;-;66;83.7;962.2;6.0;4.7;-;-;-
ALT;190212;-;-;78;91.9;966.3;87.7;0.6;-;-;-
ALT;190301;-;-;62;86.0;968.3;38.7;1.3;-;-;-
ALT;190302;-;-;54;82.8;973.7;23.2;2.8;-;-;-
ALT;190303;-;-;45;68.6;965.7;66.9;6.6;-;-;-
ALT;190304;-;-;75;77.3;958.4;63.5;6.1;-;-;-
ALT;190305;-;-;50;70.1;960.8;75.0;13.5;-;-;-
ALT;190306;-;-;67;77.7;961.6;93.0;15.5;-;-;-
ALT;190307;-;-;66;80.8;964.4;183.2;16.8;-;-;-
ALT;190308;-;-;53;80.7;965.6;111.8;17.1;-;-;-
ALT;190309;-;-;44;79.9;966.7;86.8;13.9;-;-;-
ALT;190310;-;-;60;78.1;961.7;126.7;10.6;-;-;-
ALT;190311;-;-;80;86.3;965.3;92.1;4.6;-;-;-
ALT;190312;-;-;80;88.5;957.7;46.3;1.0;-;-;-
ALT;190401;-;-;88;94.6;966.2;29.8;-0.3;-;-;-
ALT;190402;-;-;80;80.5;955.0;71.9;3.3;-;-;-
ALT;190403;-;-;72;81.0;959.8;43.9;5.3;-;-;-
ALT;190404;-;-;64;79.3;963.2;90.6;10.6;-;-;-
ALT;190405;-;-;54;78.5;965.1;135.5;14.1;-;-;-
ALT;190406;-;-;58;78.8;964.6;160.4;17.0;-;-;-
ALT;190407;-;-;41;77.6;966.2;83.3;19.8;-;-;-
ALT;190408;-;-;50;80.0;966.2;122.9;18.2;-;-;-
ALT;190409;-;-;75;84.5;965.0;88.5;12.9;-;-;-
ALT;190410;-;-;69;85.6;966.2;61.9;9.4;-;-;-
ALT;190411;-;-;57;86.3;966.0;56.3;3.4;-;-;-
ALT;190412;-;-;75;84.2;964.8;24.5;1.8;-;-;-
ALT;190501;-;-;68;80.7;972.4;60.5;-1.4;-;-;-
ALT;190502;-;-;51;83.4;968.9;24.7;0.6;-;-;-
ALT;190503;-;-;66;74.6;960.3;55.5;6.1;-;-;-
ALT;190504;-;-;70;74.8;959.2;111.0;9.1;-;-;-
ALT;190505;-;-;63;76.5;963.1;120.1;11.8;-;-;-
ALT;190506;-;-;61;75.4;962.1;68.9;17.1;-;-;-
ALT;190507;-;-;49;77.2;966.0;158.2;19.9;-;-;-
ALT;190508;-;-;58;81.5;964.0;259.1;17.4;-;-;-
ALT;190509;-;-;68;83.5;963.6;140.4;14.7;-;-;-
ALT;190510;-;-;69;80.3;963.6;110.5;5.1;-;-;-
ALT;190511;-;-;72;78.9;957.0;80.7;5.4;-;-;-
ALT;190512;-;-;77;84.2;971.8;38.5;0.5;-;-;-
ALT;190601;-;-;67;74.6;967.9;56.0;0.5;-;-;-
ALT;190602;-;-;71;67.3;958.3;56.5;0.5;-;-;-
ALT;190603;-;-;63;67.9;962.1;61.7;3.7;-;-;-
ALT;190604;-;-;54;63.4;963.7;48.9;8.8;-;-;-
ALT;190605;-;-;62;72.6;960.3;135.0;12.9;-;-;-
ALT;190606;-;-;67;74.6;965.3;161.8;15.2;-;-;-
ALT;190607;-;-;60;77.0;965.4;162.9;17.8;-;-;-
ALT;190608;-;-;44;72.9;967.1;78.0;18.0;-;-;-
ALT;190609;-;-;52;77.0;968.4;46.6;13.0;-;-;-
ALT;190610;-;-;44;75.5;963.3;32.4;11.5;-;-;-
ALT;190611;-;-;72;76.1;964.2;133.2;6.1;-;-;-
ALT;190612;-;-;75;75.4;961.1;101.4;-1.3;-;-;-
ALT;190701;-;-;76;77.5;972.1;117.0;-0.1;-;-;-
ALT;190702;-;-;70;72.1;962.6;40.5;-1.6;-;-;-
ALT;190703;-;-;48;69.0;968.9;123.8;2.8;-;-;-
ALT;190704;-;-;68;69.3;955.5;69.8;7.6;-;-;-
ALT;190705;-;-;55;60.4;961.7;79.8;14.5;-;-;-
ALT;190706;-;-;62;71.5;964.0;78.7;15.9;-;-;-
ALT;190707;-;-;61;72.9;965.0;203.3;16.0;-;-;-
ALT;190708;-;-;47;73.3;967.3;133.5;17.6;-;-;-
ALT;190709;-;-;51;75.5;967.5;49.5;15.1;-;-;-
ALT;190710;-;-;59;72.4;958.9;113.9;12.3;-;-;-
ALT;190711;-;-;71;85.4;964.5;23.3;6.3;-;-;-
ALT;190712;-;-;63;88.4;961.0;90.6;2.8;-;-;-
ALT;190801;-;-;85;91.9;969.4;43.0;-1.3;-;-;-
ALT;190802;-;-;71;83.4;967.0;97.9;0.8;-;-;-
ALT;190803;-;-;65;77.3;961.1;46.7;3.9;-;-;-
ALT;190804;-;-;69;68.9;958.5;72.4;7.1;-;-;-
ALT;190805;-;-;55;63.6;966.1;146.4;14.7;-;-;-
ALT;190806;-;-;48;62.6;964.8;60.3;18.1;-;-;-
ALT;190807;-;-;63;70.2;965.2;208.2;16.9;-;-;-
ALT;190808;-;-;62;69.3;964.8;100.9;15.9;-;-;-
ALT;190809;-;-;58;76.6;967.6;127.7;12.6;-;-;-
ALT;190810;-;-;45;77.5;969.0;15.5;8.9;-;-;-
ALT;190811;-;-;75;75.6;966.7;57.8;3.4;-;-;-
ALT;190812;-;-;72;70.5;963.5;29.9;1.3;-;-;-
ALT;190901;-;-;79;73.9;968.8;40.0;-1.6;-;-11.4;8.0
ALT;190902;-;-;65;64.4;964.0;15.1;-1.2;-;-9.7;9.9
ALT;190903;-;-;67;61.1;952.2;35.2;3.9;-;-7.5;16.4
ALT;190904;-;-;42;59.8;964.0;74.0;10.0;-;-3.8;24.3
ALT;190905;-;-;54;65.9;965.6;93.8;11.8;-;-0.6;28.3
ALT;190906;-;-;75;66.3;962.5;198.4;14.8;-;5.0;30.1
ALT;190907;-;-;69;72.1;964.2;167.7;15.4;-;6.5;31.1
ALT;190908;-;-;57;71.8;965.2;170.4;16.5;-;8.6;29.0
ALT;190909;-;-;58;72.8;964.0;77.1;13.4;-;5.5;29.3
ALT;190910;-;-;56;76.2;964.2;86.3;10.4;-;0.5;20.5
ALT;190911;-;-;65;72.7;961.9;54.7;2.7;-;-7.5;16.5
ALT;190912;-;-;73;69.0;958.2;89.6;4.0;-;-4.1;17.9
ALT;191001;-;-;78;73.6;963.4;127.6;0.7;-;-8.3;12.0
ALT;191002;-;-;63;61.6;960.0;72.5;2.8;-;-7.8;14.7
ALT;191003;-;-;53;62.2;965.6;16.1;5.1;-;-2.6;19.5
ALT;191004;-;-;67;61.7;959.2;140.8;8.8;-;-2.6;21.4
ALT;191005;-;-;68;61.8;958.9;81.4;12.0;-;1.4;30.2
ALT;191006;-;-;65;65.1;961.6;210.3;16.6;-;8.6;32.4
ALT;191007;-;-;62;70.5;962.4;146.5;15.6;-;8.5;32.0
ALT;191008;-;-;60;73.8;964.9;172.7;16.3;-;7.5;27.8
ALT;191009;-;-;68;79.1;967.4;153.8;11.3;-;1.9;20.2
ALT;191010;-;-;60;84.6;965.5;54.8;10.4;-;2.4;20.8
ALT;191011;-;-;75;74.0;956.6;127.2;4.7;-;-5.7;15.4
ALT;191012;-;-;72;73.5;960.1;72.8;5.1;-;-6.2;16.6
ALT;191101;-;-;74;82.5;971.5;19.3;-3.0;-;-9.4;4.7
ALT;191102;-;-;56;70.8;970.9;55.7;0.8;-;-10.7;11.9
ALT;191103;-;-;63;65.0;959.3;93.5;6.1;-;-4.2;21.6
ALT;191104;-;-;55;69.7;962.3;61.6;8.0;-;-2.4;23.7
ALT;191105;-;-;67;72.9;960.8;76.7;13.3;-;3.7;26.7
ALT;191106;-;-;67;73.5;965.5;186.1;16.1;-;7.0;30.0
ALT;191107;-;-;41;70.6;968.1;59.3;19.7;-;12.0;34.5
ALT;191108;-;-;37;69.5;965.1;103.7;20.0;-;12.3;32.7
ALT;191109;-;-;50;77.3;966.8;109.0;15.9;-;5.4;27.2
ALT;191110;-;-;55;80.6;963.9;88.9;9.7;-;0.2;19.6
ALT;191111;-;-;57;77.3;960.9;58.8;7.0;-;-0.4;16.9
ALT;191112;-;-;70;76.8;963.8;63.4;4.1;-;-3.7;13.8
ALT;191201;-;-;76;83.9;963.1;67.9;2.2;-;-5.1;14.5
ALT;191202;-;-;61;71.2;959.2;59.2;5.5;-;-9.5;17.3
ALT;191203;-;-;64;68.7;961.7;73.4;7.5;-;-1.2;21.7
ALT;191204;-;-;67;68.9;964.0;48.5;7.9;-;-3.1;23.7
ALT;191205;-;-;67;72.7;963.6;155.1;13.9;-;2.3;31.5
ALT;191206;-;-;69;71.3;962.3;159.7;16.5;-;6.9;33.5
ALT;191207;-;-;62;78.3;963.2;122.5;17.0;-;8.6;29.6
ALT;191208;-;-;78;76.8;962.1;188.4;15.2;-;6.7;26.5
ALT;191209;-;-;77;80.6;966.7;87.6;9.9;-;1.5;20.0
ALT;191210;-;-;74;81.2;964.2;139.8;8.3;-;1.3;22.3
ALT;191211;-;-;74;74.9;964.2;65.6;2.8;-;-3.6;13.1
ALT;191212;-;-;67;87.2;969.9;64.0;1.8;-;-5.3;12.0
ALT;191301;-;-;80;82.8;963.7;60.9;2.4;-;-3.6;8.9
ALT;191302;-;-;48;72.8;968.5;18.3;1.1;-;-6.4;11.3
ALT;191303;-;-;54;63.7;965.6;42.8;7.5;-;-3.1;20.6
ALT;191304;-;-;65;71.7;959.0;96.3;8.6;-;-5.8;26.0
ALT;191305;-;-;60;69.1;961.7;127.3;13.2;-;3.6;30.5
ALT;191306;-;-;68;75.3;967.4;157.1;15.7;-;6.1;30.9
ALT;191307;-;-;73;78.8;963.3;189.2;15.0;-;8.0;30.1
ALT;191308;-;-;56;81.8;964.6;166.3;15.8;-;8.0;25.5
ALT;191309;-;-;60;82.1;963.4;100.0;13.6;-;5.2;23.3
ALT;191310;-;-;48;74.5;963.8;40.9;11.6;-;2.5;22.6
ALT;191311;-;-;75;83.4;966.4;100.7;7.3;-;-0.5;18.5
ALT;191312;-;-;72;79.9;966.5;115.3;1.5;-;-5.6;13.9
ALT;191401;-;-;79;78.8;966.3;148.2;-3.3;-;-10.8;9.3
ALT;191402;-;-;69;77.9;963.0;64.5;3.1;-;-8.7;15.7
ALT;191403;-;-;75;73.5;958.0;145.6;5.7;-;-2.1;17.6
ALT;191404;-;-;50;68.2;966.0;40.0;10.8;-;1.5;24.0
ALT;191405;-;-;76;76.1;964.3;139.6;11.8;-;1.3;31.5
ALT;191406;-;-;69;74.3;963.0;176.8;14.7;-;3.9;29.0
ALT;191407;-;-;69;75.2;962.5;189.3;16.6;-;8.7;29.6
ALT;191408;-;-;45;82.0;965.8;172.9;17.0;-;7.8;30.3
ALT;191409;-;-;50;80.7;966.8;98.2;13.2;-;3.1;24.5
ALT;191410;-;-;68;82.0;962.6;121.3;9.3;-;1.1;17.4
ALT;191411;-;-;61;75.8;961.2;56.1;4.5;-;-6.8;17.3
ALT;191412;-;-;59;71.3;960.3;27.7;4.3;-;-4.9;17.6
ALT;191501;-;-;82;73.2;953.1;97.4;1.0;-;-10.8;10.4
ALT;191502;-;-;63;71.9;957.8;43.0;1.9;-;-9.1;10.9
ALT;191503;-;-;72;76.4;959.9;118.3;3.5;-;-5.2;15.3
ALT;191504;-;-;57;75.4;962.1;74.4;7.3;-;-0.8;20.7
ALT;191505;-;-;60;73.6;961.4;77.2;15.4;-;7.7;24.5
ALT;191506;-;-;67;71.5;963.3;81.0;18.2;-;9.4;31.9
ALT;191507;-;-;62;78.7;964.7;210.1;16.7;-;8.7;29.3
ALT;191508;-;-;59;79.5;965.4;146.5;15.8;-;8.6;29.0
ALT;191509;-;-;58;84.3;964.7;149.5;12.2;-;5.5;29.1
ALT;191510;-;-;65;85.2;963.1;21.2;7.1;-;0.1;14.4
ALT;191511;-;-;71;77.6;961.1;23.4;2.3;-;-10.1;13.2
ALT;191512;-;-;69;81.3;960.3;65.2;5.0;-;-6.3;19.1
ALT;191601;-;-;56;79.0;973.5;87.2;2.2;-;-5.7;10.9
ALT;191602;-;-;68;65.2;959.5;91.6;3.7;-;-4.1;14.3
ALT;191603;-;-;74;69.1;952.0;68.9;6.3;-;-2.8;19.0
ALT;191604;-;-;55;70.3;959.5;115.0;8.9;-;-0.8;21.6
ALT;191605;-;-;59;67.8;962.6;77.8;14.1;-;4.8;27.9
ALT;191606;-;-;79;77.3;962.3;124.1;13.9;-;5.5;29.5
ALT;191607;-;-;69;79.9;964.4;121.7;16.6;-;7.8;28.8
ALT;191608;-;-;56;77.8;964.2;117.5;16.5;-;8.9;26.9
ALT;191609;-;-;61;83.6;963.0;113.5;12.0;-;4.2;21.3
ALT;191610;-;-;52;81.8;966.1;148.2;9.0;-;0.0;18.4
ALT;191611;-;-;73;75.0;961.1;87.6;5.7;-;-3.2;19.5
ALT;191612;-;-;78;83.2;954.8;124.8;3.0;-;-5.4;12.7
ALT;191701;-;-;86;75.2;955.9;53.9;-0.6;-;-12.5;9.0
ALT;191702;-;-;66;75.6;963.9;17.5;-1.0;-;-11.5;7.4
ALT;191703;-;-;76;70.1;956.2;57.4;3.4;-;-4.3;14.4
ALT;191704;-;-;71;70.6;960.4;135.9;5.6;-;-1.7;17.9
ALT;191705;-;-;57;60.8;962.4;61.2;16.5;-;6.1;30.0
ALT;191706;-;-;52;72.1;966.3;122.0;17.9;-;9.0;30.8
ALT;191707;-;-;62;77.9;966.4;157.0;17.3;-;8.0;29.5
ALT;191708;-;-;61;77.6;962.6;126.8;16.6;-;10.2;27.5
ALT;191709;-;-;37;80.0;968.4;49.3;15.3;-;8.9;24.6
ALT;191710;-;-;65;81.0;961.6;239.1;7.2;-;-1.1;20.2
ALT;191711;-;-;57;82.3;968.7;94.0;3.1;-;-3.9;13.5
ALT;191712;-;-;70;78.1;965.3;28.9;-1.8;-;-11.2;10.3
ALT;191801;-;-;63;74.8;967.4;63.9;1.0;-;-11.9;14.7
ALT;191802;-;-;60;78.0;972.9;35.3;0.8;-;-6.3;9.6
ALT;191803;-;-;48;68.5;962.6;83.1;5.2;-;-1.0;15.8
ALT;191804;-;-;69;66.3;956.3;63.7;10.0;-;-0.7;21.5
ALT;191805;-;-;54;69.0;963.3;55.3;14.2;-;5.0;26.5
ALT;191806;-;-;68;72.1;964.5;216.5;13.8;-;4.5;26.2
ALT;191807;-;-;57;72.7;964.7;57.3;17.7;-;9.7;34.2
ALT;191808;-;-;51;75.9;966.2;146.4;16.6;-;5.4;29.2
ALT;191809;-;-;57;82.3;963.0;146.8;13.8;-;6.2;23.5
ALT;191810;-;-;67;83.7;964.0;44.5;7.9;-;1.0;21.2
ALT;191811;-;-;72;78.9;965.4;49.6;5.1;-;-3.8;21.5
ALT;191812;-;-;76;85.5;964.2;280.0;3.0;-;-4.6;12.1
ALT;191901;-;-;75;72.1;959.2;91.4;1.3;-;-6.8;12.0
ALT;191902;-;-;75;75.7;957.4;61.5;0.5;-;-14.2;13.7
ALT;191903;-;-;65;70.1;958.6;83.4;5.3;-;-3.9;16.5
ALT;191904;-;-;76;76.0;960.7;128.8;5.7;-;-0.1;19.4
ALT;191905;-;-;51;66.8;964.7;79.8;12.1;-;1.5;26.6
ALT;191906;-;-;58;69.9;967.3;82.1;16.1;-;5.5;31.9
ALT;191907;-;-;72;77.2;964.4;74.3;14.7;-;5.5;28.0
ALT;191908;-;-;40;72.0;966.8;29.0;18.5;-;7.0;29.0
ALT;191909;-;-;36;76.3;965.5;32.2;15.5;-;4.4;25.8
ALT;191910;-;-;63;80.9;965.6;30.6;6.2;-;-2.8;21.5
ALT;191911;-;-;76;75.3;957.1;128.5;3.4;-;-5.0;16.7
ALT;191912;-;-;82;85.7;962.9;209.4;1.2;-;-11.5;9.6
ALT;192001;-;-;63;76.9;965.0;86.0;3.0;-;-3.7;16.6
ALT;192002;-;-;44;69.0;972.6;25.0;3.3;-;-4.7;14.3
ALT;192003;-;-;49;64.0;963.6;46.1;7.3;-;-3.7;19.2
ALT;192004;-;-;70;68.2;959.6;81.6;9.8;-;0.4;22.5
ALT;192005;-;-;62;70.6;966.8;85.7;15.5;-;0.7;30.1
ALT;192006;-;-;70;74.3;963.7;55.6;15.7;-;7.9;28.9
ALT;192007;-;-;54;70.6;965.8;81.5;17.5;-;9.4;34.0
ALT;192008;-;-;64;76.0;965.8;72.9;15.6;-;7.4;27.5
ALT;192009;-;-;62;80.3;965.7;90.4;14.3;-;7.5;25.8
ALT;192010;-;-;68;84.2;963.0;3.4;9.6;-;-0.5;21.6
ALT;192011;-;-;70;78.9;968.0;6.3;4.2;-;-3.0;18.4
ALT;192012;-;-;86;82.6;963.8;43.0;1.0;-;-8.3;10.6
ALT;192101;-;-;63;78.9;967.9;52.4;3.7;-;-2.5;13.3
ALT;192102;-;-;51;72.3;968.6;19.6;1.3;-;-4.2;11.3
ALT;192103;-;-;39;64.5;968.1;39.7;6.4;-;-2.0;19.7
ALT;192104;-;-;65;69.3;961.4;53.9;8.2;-;0.5;20.3
ALT;192105;-;-;59;71.8;961.7;49.6;14.3;-;1.5;26.0
ALT;192106;-;-;64;69.6;965.2;164.5;16.2;-;7.0;30.0
ALT;192107;-;-;50;64.6;965.9;37.3;20.1;-;10.6;37.9
ALT;192108;-;-;52;67.7;963.3;148.1;18.1;-;6.7;34.7
ALT;192109;-;-;44;83.2;967.5;82.1;15.1;-;6.0;24.6
ALT;192110;-;-;36;82.9;970.4;38.7;10.4;-;0.8;21.5
ALT;192111;-;-;82;84.2;965.2;117.6;2.1;-;-5.0;13.6
ALT;192112;-;-;80;82.8;967.4;54.4;1.7;-;-6.4;13.0
ALT;192201;-;-;80;81.0;959.2;192.7;-0.4;-;-9.9;10.3
ALT;192202;-;-;74;77.3;964.6;77.3;1.4;-;-9.1;13.4
ALT;192203;-;-;64;75.0;958.7;80.7;5.2;-;-3.5;19.5
ALT;192204;-;-;76;71.1;956.7;167.0;7.3;-;-0.2;24.9
ALT;192205;-;-;42;64.0;967.7;42.5;14.9;-;1.9;33.8
ALT;192206;-;-;65;70.6;963.7;153.5;16.8;-;9.0;34.7
ALT;192207;-;-;58;72.7;965.2;164.2;16.3;-;7.3;32.0
ALT;192208;-;-;53;74.5;964.5;196.1;16.9;-;9.4;28.7
ALT;192209;-;-;70;82.6;963.0;198.3;11.5;-;4.5;22.4
ALT;192210;-;-;76;84.7;961.0;92.1;7.9;-;1.6;18.8
ALT;192211;-;-;68;76.9;968.6;144.4;2.7;-;-3.6;12.4
ALT;192212;-;-;73;78.5;964.0;120.7;0.7;-;-8.1;11.4
ALT;192301;-;-;78;77.9;969.5;69.8;-0.4;-;-9.5;5.6
ALT;192302;-;-;74;77.5;957.1;82.4;3.4;-;-2.3;12.9
ALT;192303;-;-;61;68.6;963.2;21.3;5.9;-;-0.6;22.5
ALT;192304;-;-;57;69.5;956.1;83.8;9.0;-;1.7;24.4
ALT;192305;-;-;59;67.0;963.2;131.5;13.0;-;4.1;30.7
ALT;192306;-;-;76;74.1;966.1;102.7;12.7;-;4.3;30.4
ALT;192307;-;-;50;67.9;966.2;103.5;19.8;-;10.0;35.0
ALT;192308;-;-;45;70.8;965.3;182.4;17.9;-;9.3;33.1
ALT;192309;-;-;50;76.7;967.3;91.2;13.8;-;5.5;27.0
ALT;192310;-;-;68;78.7;962.0;95.4;11.3;-;2.3;24.3
ALT;192311;-;-;74;81.9;958.0;101.4;4.7;-;-3.2;16.5
ALT;192312;-;-;90;78.1;961.4;182.7;1.6;-;-4.2;9.4
ALT;192401;-;-;74;83.2;964.9;40.8;-1.3;-;-10.2;7.6
ALT;192402;-;-;76;73.5;959.5;44.9;-0.6;-;-8.8;8.0
ALT;192403;-;-;51;67.0;959.0;16.1;4.8;-;-4.3;17.5
ALT;192404;-;-;73;71.0;959.8;99.0;9.0;-;1.0;23.8
ALT;192405;-;-;67;73.9;964.0;187.2;14.0;-;2.4;29.0
ALT;192406;-;-;64;77.8;963.9;177.3;15.7;-;8.7;30.5
ALT;192407;-;-;59;77.2;963.7;159.9;17.5;-;8.0;35.1
ALT;192408;-;-;75;82.6;963.3;217.3;14.0;-;4.8;31.2
ALT;192409;-;-;58;81.3;963.5;113.2;14.0;-;5.2;28.8
ALT;192410;-;-;54;82.4;965.0;85.7;9.3;-;2.0;19.0
ALT;192411;-;-;78;81.9;966.8;22.8;5.2;-;-3.7;17.2
ALT;192412;-;-;78;83.0;968.5;48.4;1.2;-;-5.1;16.0
ALT;192501;-;-;74;85.7;976.6;38.4;1.4;-;-4.4;14.5
ALT;192502;-;-;53;63.8;960.5;99.2;3.8;-;-2.0;14.5
ALT;192503;-;-;79;75.2;962.8;50.0;2.1;-;-6.2;13.7
ALT;192504;-;-;68;68.0;958.6;79.3;9.1;-;1.6;26.0
ALT;192505;-;-;64;68.4;960.3;89.9;13.3;-;3.1;32.2
ALT;192506;-;-;54;69.3;963.6;89.3;16.7;-;8.6;31.8
ALT;192507;-;-;69;74.7;963.1;108.6;17.5;-;8.9;36.7
ALT;192508;-;-;57;80.2;965.0;188.2;16.5;-;7.9;35.5
ALT;192509;-;-;61;79.3;964.9;157.9;12.1;-;3.9;27.8
ALT;192510;-;-;58;80.6;963.9;48.1;9.8;-;-0.4;19.9
ALT;192511;-;-;93;84.2;959.8;62.4;3.5;-;-7.9;15.7
ALT;192512;-;-;78;78.0;961.6;100.6;1.1;-;-12.0;13.5
ALT;192601;-;-;76;79.9;963.9;94.8;0.6;-;-9.1;11.3
ALT;192602;-;-;59;75.3;962.8;55.2;6.3;-;-1.5;18.6
ALT;192603;-;-;78;75.7;964.0;95.2;6.0;-;-3.4;19.3
ALT;192604;-;-;57;65.7;960.7;43.0;10.5;-;2.7;25.6
ALT;192605;-;-;70;71.0;958.9;185.8;11.6;-;1.0;27.2
ALT;192606;-;-;74;78.1;961.9;239.1;13.7;-;5.9;32.5
ALT;192607;-;-;66;78.0;964.4;148.9;16.9;-;8.4;35.5
ALT;192608;-;-;43;77.1;967.3;76.1;17.0;-;7.7;32.2
ALT;192609;-;-;45;80.0;968.5;54.1;16.2;-;7.5;31.3
ALT;192610;-;-;60;76.8;961.0;115.5;10.7;-;-0.5;19.9
ALT;192611;-;-;63;71.1;958.5;116.8;8.6;-;-2.5;20.6
ALT;192612;-;-;79;84.8;968.2;70.0;-0.2;-;-10.0;13.7
ALT;192701;-;-;84;82.4;962.2;93.4;0.8;-;-6.2;7.0
ALT;192702;-;-;63;73.7;966.8;77.7;1.0;-;-8.1;12.4
ALT;192703;-;-;66;71.6;959.9;132.5;5.6;-;-1.0;21.5
ALT;192704;-;-;72;71.9;962.6;128.2;8.9;-;-0.9;29.4
ALT;192705;-;-;62;64.2;963.0;70.1;14.6;-;3.3;30.0
ALT;192706;-;-;64;71.7;963.5;169.2;16.2;-;6.0;33.3
ALT;192707;-;-;68;77.9;962.8;213.7;17.7;-;7.5;34.9
ALT;192708;-;-;58;77.7;964.7;205.8;16.7;-;5.9;35.0
ALT;192709;-;-;68;82.4;961.9;147.0;14.4;-;5.7;28.9
ALT;192710;-;-;60;82.2;966.8;21.4;8.9;-;2.4;19.6
ALT;192711;-;-;69;77.6;963.0;58.4;6.3;-;-5.7;21.8
ALT;192712;-;-;82;82.9;958.2;49.2;0.9;-;-14.6;11.3
ALT;192801;-;-;68;77.8;966.7;60.5;2.6;-;-5.3;13.2
ALT;192802;-;-;49;74.1;970.4;123.5;2.8;-;-4.9;12.8
ALT;192803;-;-;66;68.8;958.4;56.0;6.5;-;-2.9;18.6
ALT;192804;-;-;62;67.2;957.0;109.4;9.4;-;-0.4;25.9
ALT;192805;-;-;65;73.9;958.7;137.9;10.9;-;0.0;30.6
ALT;192806;-;-;63;69.3;964.7;145.5;16.5;-;5.0;35.0
ALT;192807;-;-;46;67.6;967.5;82.7;20.7;-;12.7;36.2
ALT;192808;-;-;56;73.2;965.1;164.9;18.5;-;9.4;36.0
ALT;192809;-;-;67;84.2;965.8;97.0;14.0;-;1.4;29.3
ALT;192810;-;-;48;80.3;963.9;230.8;9.2;-;-0.4;22.2
ALT;192811;-;-;75;78.9;959.9;157.3;6.4;-;-1.1;15.1
ALT;192812;-;-;77;84.3;964.4;88.1;-0.2;-;-8.8;8.8
ALT;192901;-;-;87;81.5;968.0;29.7;-3.2;-;-11.2;5.6
ALT;192902;-;-;68;76.8;962.9;19.4;-5.3;-;-18.2;8.6
ALT;192903;-;-;47;72.8;970.3;25.4;4.0;-;-10.1;21.6
ALT;192904;-;-;74;70.9;959.7;187.1;6.1;-;-6.8;24.0
ALT;192905;-;-;63;69.0;962.5;83.0;13.5;-;4.5;27.1
ALT;192906;-;-;71;73.6;964.7;128.7;17.0;-;7.0;31.8
ALT;192907;-;-;55;70.0;966.6;108.2;18.9;-;8.9;37.4
ALT;192908;-;-;58;78.8;965.6;101.6;17.2;-;10.0;32.6
ALT;192909;-;-;38;73.0;967.8;61.1;16.6;-;5.4;32.6
ALT;192910;-;-;64;74.4;962.0;136.4;10.4;-;1.3;28.9
ALT;192911;-;-;64;78.1;961.4;38.8;6.1;-;-1.9;16.8
ALT;192912;-;-;64;71.9;964.2;122.8;4.6;-;-8.5;17.7
ALT;193001;-;-;71;75.9;963.0;23.6;4.2;-;-5.0;13.5
ALT;193002;-;-;63;70.1;961.3;15.3;1.3;-;-8.0;12.7
ALT;193003;-;-;63;69.1;960.0;52.2;6.5;-;-2.1;17.7
ALT;193004;-;-;72;69.2;954.5;124.0;10.1;-;0.8;28.6
ALT;193005;-;-;77;72.4;962.1;197.0;12.3;-;4.5;31.1
ALT;193006;-;-;54;67.9;963.2;71.1;19.1;-;12.5;31.6
ALT;193007;-;-;70;73.4;962.0;174.0;17.1;-;6.8;37.4
ALT;193008;-;-;57;76.7;965.9;155.9;17.2;-;7.8;33.4
ALT;193009;-;-;69;80.2;964.4;169.8;15.0;-;7.4;33.8
ALT;193010;-;-;68;79.8;963.7;160.6;9.8;-;0.0;22.0
ALT;193011;-;-;67;75.9;965.2;132.9;7.1;-;-1.0;17.7
ALT;193012;-;-;74;77.7;962.4;35.9;1.6;-;-5.4;13.9
ALT;193101;-;-;63;74.8;961.3;133.1;0.1;-;-9.7;14.9
ALT;193102;-;-;77;76.2;959.7;119.8;-0.5;-;-9.9;6.5
ALT;193103;-;-;60;72.9;958.9;107.2;2.2;-;-8.3;18.3
ALT;193104;-;-;62;67.1;959.6;79.8;8.1;-;-3.1;24.3
ALT;193105;-;-;58;61.5;960.6;99.2;15.5;-;2.4;34.6
ALT;193106;-;-;61;72.2;966.1;109.7;18.3;-;7.4;37.8
ALT;193107;-;-;64;75.2;963.3;229.5;17.0;-;7.0;35.6
ALT;193108;-;-;66;78.3;962.1;133.2;15.9;-;8.0;32.0
ALT;193109;-;-;68;80.7;965.9;58.5;10.7;-;1.6;23.0
ALT;193110;-;-;48;80.6;966.9;52.9;8.1;-;0.2;21.0
ALT;193111;-;-;65;78.5;962.9;26.9;6.6;-;-0.5;17.2
ALT;193112;-;-;72;77.6;970.9;52.1;-0.5;-;-9.4;10.0
ALT;193201;-;-;76;84.9;974.2;120.7;0.6;-;-10.5;12.6
ALT;193202;-;-;53;70.4;968.7;5.5;-2.9;-;-12.3;5.8
ALT;193203;-;-;69;72.6;960.7;96.8;3.2;-;-6.6;16.7
ALT;193204;-;-;66;63.1;958.3;86.3;8.0;-;-1.9;22.0
ALT;193205;-;-;67;68.7;960.8;147.8;12.7;-;2.8;33.5
ALT;193206;-;-;62;70.5;963.5;124.5;15.3;-;5.7;31.0
ALT;193207;-;-;70;76.7;962.0;153.2;17.4;-;8.9;34.1
ALT;193208;-;-;48;73.1;967.7;108.1;19.9;-;10.8;36.0
ALT;193209;-;-;54;80.1;964.1;69.9;17.1;-;10.4;30.7
ALT;193210;-;-;74;80.6;960.0;146.4;9.5;-;1.4;22.5
ALT;193211;-;-;71;85.6;967.0;36.3;4.9;-;-1.8;11.8
ALT;193212;-;-;70;85.1;968.8;10.3;2.0;-;-5.8;14.7
ALT;193301;-;-;81;75.5;966.6;39.5;-1.6;-;-10.2;10.5
ALT;193302;-;-;70;74.5;962.8;99.2;1.0;-;-7.6;11.8
ALT;193303;-;-;46;68.4;964.5;45.6;5.7;-;-2.5;24.4
ALT;193304;-;-;70;71.5;964.8;71.5;9.2;-;-0.7;25.0
ALT;193305;-;-;76;73.1;962.1;204.1;11.6;-;3.8;28.3
ALT;193306;-;-;75;75.6;959.4;291.1;13.7;-;5.4;28.8
ALT;193307;-;-;51;74.3;967.5;140.0;18.3;-;7.0;33.5
ALT;193308;-;-;51;76.0;966.5;82.8;18.0;-;8.2;33.2
ALT;193309;-;-;59;79.2;964.7;169.3;14.8;-;5.7;26.4
ALT;193310;-;-;55;78.4;962.5;84.3;10.4;-;-0.6;23.3
ALT;193311;-;-;80;75.4;957.5;45.5;5.7;-;-2.8;19.5
ALT;193312;-;-;81;79.0;962.1;10.9;-2.4;-;-10.0;5.1
ALT;193401;-;-;90;77.5;970.3;65.3;0.3;-;-5.9;9.7
ALT;193402;-;-;56;71.9;971.9;13.1;0.3;-;-6.0;13.6
ALT;193403;-;-;71;71.7;954.8;45.8;5.3;-;-2.9;17.4
ALT;193404;-;-;53;59.8;957.1;59.3;12.0;-;1.9;33.0
ALT;193405;-;-;60;65.4;964.3;44.4;15.1;-;6.9;29.5
ALT;193406;-;-;64;70.4;963.4;216.5;16.2;-;7.6;33.5
ALT;193407;-;-;53;71.6;964.3;110.4;18.9;-;10.9;33.5
ALT;193408;-;-;69;78.3;962.6;201.1;16.4;-;7.5;29.9
ALT;193409;-;-;47;80.1;966.9;97.8;15.2;-;6.0;29.2
ALT;193410;-;-;49;77.3;966.6;79.9;8.7;-;0.7;22.0
ALT;193411;-;-;72;73.6;963.3;74.5;5.4;-;-2.5;17.5
ALT;193412;-;-;78;83.1;959.2;65.8;4.6;-;-1.2;16.3
ALT;193501;-;-;81;73.4;966.2;79.4;-1.4;-;-8.4;7.4
ALT;193502;-;-;80;69.2;958.9;215.1;2.2;-;-10.2;12.6
ALT;193503;-;-;55;64.3;966.8;106.9;4.2;-;-8.2;19.0
ALT;193504;-;-;79;69.3;959.2;130.6;8.2;-;-0.2;25.4
ALT;193505;-;-;66;64.4;960.8;92.2;11.8;-;0.7;26.3
ALT;193506;-;-;55;67.1;965.3;103.9;18.2;-;7.0;34.4
ALT;193507;-;-;52;68.7;966.4;106.6;18.9;-;10.4;32.0
ALT;193508;-;-;60;78.8;963.9;188.7;16.5;-;8.4;32.4
ALT;193509;-;-;54;76.1;965.3;83.5;14.6;-;6.5;27.2
ALT;193510;-;-;84;83.5;961.9;294.3;9.5;-;1.8;21.5
ALT;193511;-;-;67;73.4;960.1;87.8;6.8;-;-1.5;16.9
ALT;193512;-;-;79;72.1;953.8;135.3;1.8;-;-10.1;15.7
ALT;193601;-;-;74;69.7;956.2;77.4;5.7;-;-3.1;14.6
ALT;193602;-;-;75;74.1;955.0;62.4;1.9;-;-9.1;14.2
ALT;193603;-;-;56;60.7;958.9;53.6;8.0;-;-2.1;20.4
ALT;193604;-;-;74;69.0;957.3;98.8;8.5;-;-0.8;21.0
ALT;193605;-;-;64;73.9;958.8;78.2;13.2;-;4.7;27.5
ALT;193606;-;-;69;75.1;963.7;130.0;15.7;-;4.0;34.0
ALT;193607;-;-;74;78.6;963.9;229.1;16.9;-;9.9;33.4
ALT;193608;-;-;51;78.5;967.3;112.8;16.9;-;11.0;30.4
ALT;193609;-;-;69;78.4;965.5;146.7;14.4;-;3.5;30.8
ALT;193610;-;-;65;77.9;965.2;67.0;6.2;-;0.8;16.0
ALT;193611;-;-;79;78.0;963.2;25.3;5.3;-;-2.8;15.6
ALT;193612;-;-;72;82.5;970.2;122.8;1.9;-;-4.1;9.3
ALT;193701;-;-;63;77.3;963.0;75.9;2.0;-;-4.6;13.0
ALT;193702;-;-;83;71.6;956.7;156.5;3.9;-;-2.6;13.8
ALT;193703;-;-;72;68.4;953.0;103.4;4.7;-;-5.4;15.5
ALT;193704;-;-;70;69.3;958.8;87.1;8.9;-;0.6;23.2
ALT;193705;-;-;54;65.8;964.0;80.1;15.1;-;3.7;31.9
ALT;193706;-;-;66;69.8;964.4;145.4;17.4;-;8.1;36.6
ALT;193707;-;-;64;74.5;964.3;231.5;17.9;-;9.5;32.0
ALT;193708;-;-;64;79.2;964.2;147.3;17.0;-;10.0;30.6
ALT;193709;-;-;64;79.2;962.5;113.3;13.6;-;3.2;28.9
ALT;193710;-;-;64;74.6;962.8;78.4;11.0;-;2.0;22.5
ALT;193711;-;-;69;79.6;962.6;42.1;4.2;-;-2.8;18.5
ALT;193712;-;-;78;71.8;959.0;65.9;0.6;-;-7.2;13.5
ALT;193801;-;-;80;75.2;964.0;107.8;0.7;-;-12.5;11.1
ALT;193802;-;-;64;78.7;969.5;56.8;-0.1;-;-9.2;10.0
ALT;193803;-;-;36;65.2;972.5;46.7;6.5;-;-2.9;20.0
ALT;193804;-;-;56;62.5;965.7;42.5;5.8;-;-2.6;25.0
ALT;193805;-;-;70;67.3;961.0;108.0;11.9;-;0.2;31.0
ALT;193806;-;-;56;70.9;966.1;128.4;17.3;-;5.9;35.4
ALT;193807;-;-;66;73.4;964.9;187.4;17.4;-;10.0;33.0
ALT;193808;-;-;62;74.8;962.8;146.2;17.1;-;6.4;31.6
ALT;193809;-;-;55;74.5;964.6;99.4;14.8;-;8.5;25.5
ALT;193810;-;-;61;81.5;964.3;59.9;9.1;-;0.6;22.0
ALT;193811;-;-;53;75.2;965.0;19.0;6.0;-;-1.1;15.5
ALT;193812;-;-;79;68.1;959.5;67.3;1.0;-;-11.2;16.4
ALT;193901;-;-;74;68.6;957.5;54.1;3.1;-;-9.6;17.0
ALT;193902;-;-;73;75.5;968.4;23.5;1.8;-;-4.5;15.0
ALT;193903;-;-;79;70.0;960.5;147.0;2.1;-;-5.1;14.4
ALT;193904;-;-;65;65.8;960.8;119.4;10.3;-;1.5;26.7
ALT;193905;-;-;87;77.1;959.6;208.5;10.4;-;5.1;22.0
ALT;193906;-;-;63;74.6;962.5;104.8;16.0;-;6.3;31.1
ALT;193907;-;-;65;71.1;964.6;152.9;17.1;-;7.9;32.8
ALT;193908;-;-;61;77.6;964.0;143.0;17.3;-;10.0;29.5
ALT;193909;-;-;71;81.1;963.4;84.8;13.5;-;4.0;27.8
ALT;193910;-;-;83;77.2;958.6;168.2;9.1;-;-1.7;24.1
ALT;193911;-;-;76;78.5;964.7;207.2;6.6;-;-5.4;16.0
ALT;193912;-;-;88;78.8;962.1;54.5;0.4;-;-12.7;11.4
ALT;194001;-;-;93;77.4;961.3;97.1;-3.6;-;-11.4;4.5
ALT;194002;-;-;84;78.9;960.6;90.5;0.5;-;-11.9;10.0
ALT;194003;-;-;69;65.3;962.3;95.3;5.1;-;-4.9;19.1
ALT;194004;-;-;63;63.5;960.7;106.5;9.3;-;0.3;28.3
ALT;194005;-;-;66;67.1;960.4;151.6;12.8;-;3.4;29.3
ALT;194006;-;-;64;69.8;962.7;101.3;15.8;-;7.3;31.4
ALT;194007;-;-;68;72.7;963.9;222.6;16.6;-;9.3;31.0
ALT;194008;-;-;54;75.1;967.4;127.4;15.8;-;5.2;32.1
ALT;194009;-;-;62;79.2;965.0;197.9;13.7;-;4.9;27.5
ALT;194010;-;-;76;82.5;960.1;63.5;8.9;-;-0.5;20.0
ALT;194011;-;-;73;76.6;962.1;114.3;5.4;-;-1.9;21.6
ALT;194012;-;-;81;76.1;966.0;67.4;-3.2;-;-12.7;7.2
ALT;194101;-;-;85;72.5;954.7;53.5;-1.2;-;-9.6;11.7
ALT;194102;-;-;69;64.0;953.3;45.1;2.7;-;-6.8;13.7
ALT;194103;-;-;51;69.2;960.2;44.7;5.3;-;-2.8;17.8
ALT;194104;-;-;70;65.9;958.7;63.5;7.8;-;-2.3;24.4
ALT;194105;-;-;76;67.3;959.9;146.8;10.1;-;2.5;24.0
ALT;194106;-;-;58;66.3;964.9;95.4;17.3;-;6.0;32.0
ALT;194107;-;-;63;65.8;964.2;98.9;19.7;-;11.5;34.2
ALT;194108;-;-;67;73.5;963.3;187.7;16.1;-;9.4;31.7
ALT;194109;-;-;47;75.9;969.2;69.6;13.2;-;4.8;26.9
ALT;194110;-;-;78;82.6;966.4;154.3;7.6;-;-4.1;20.0
ALT;194111;-;-;82;76.2;963.3;55.4;4.7;-;-3.0;20.5
ALT;194112;-;-;73;74.7;971.2;59.0;0.2;-;-14.9;11.5
ALT;194201;-;-;89;74.6;960.5;93.3;-3.3;-;-12.8;5.8
ALT;194202;-;-;86;69.9;959.3;43.5;-2.1;-;-11.7;8.7
ALT;194203;-;-;68;73.6;960.7;60.5;6.1;-;-5.1;18.8
ALT;194204;-;-;65;68.1;960.5;62.4;8.8;-;1.2;23.4
ALT;194205;-;-;67;65.2;962.7;110.4;13.7;-;0.2;32.2
ALT;194206;-;-;66;69.2;964.5;101.4;16.5;-;7.5;31.8
ALT;194207;-;-;66;71.1;964.7;118.7;17.8;-;10.3;34.0
ALT;194208;-;-;54;74.2;964.6;137.8;17.6;-;10.2;32.0
ALT;194209;-;-;55;74.4;964.3;149.5;16.2;-;5.2;30.5
ALT;194210;-;-;54;74.5;965.4;103.3;11.8;-;4.8;26.3
ALT;194211;-;-;79;75.0;967.3;42.4;3.5;-;-8.2;19.4
ALT;194212;-;-;61;72.7;965.8;28.0;3.0;-;-5.2;16.2
ALT;194301;-;-;73;77.1;960.9;79.5;1.1;-;-10.5;11.1
ALT;194302;-;-;63;74.4;971.0;55.8;2.2;-;-4.3;13.3
ALT;194303;-;-;47;64.0;964.5;62.3;7.3;-;-0.9;17.6
ALT;194304;-;-;55;63.5;968.1;76.8;10.2;-;0.4;26.4
ALT;194305;-;-;61;67.0;964.9;57.9;14.2;-;4.2;30.6
ALT;194306;-;-;73;71.4;967.1;153.3;15.4;-;7.5;30.7
ALT;194307;-;-;61;70.6;963.8;122.0;17.8;-;9.3;32.8
ALT;194308;-;-;45;66.3;965.1;60.9;19.4;-;11.0;35.5
ALT;194309;-;-;72;75.6;964.0;152.0;15.7;-;5.0;30.3
ALT;194310;-;-;54;76.2;963.8;0.6;11.9;-;4.7;19.6
ALT;194311;-;-;82;76.6;962.2;81.5;4.1;-;-4.5;17.1
ALT;194312;-;-;77;78.5;967.1;23.5;2.0;-;-3.9;13.9
ALT;194401;-;-;71;79.9;973.0;77.7;0.9;-;-8.7;9.4
ALT;194402;-;-;90;74.0;959.6;153.6;-1.4;-;-8.8;9.8
ALT;194403;-;-;79;70.1;962.6;102.1;1.6;-;-6.2;17.0
ALT;194404;-;-;60;59.6;964.4;50.0;10.8;-;0.2;26.4
ALT;194405;-;-;62;66.2;965.1;66.6;13.0;-;3.5;33.0
ALT;194406;-;-;76;73.5;961.3;136.4;15.1;-;7.5;31.3
ALT;194407;-;-;71;73.3;962.7;135.6;17.9;-;10.0;33.5
ALT;194408;-;-;59;68.8;963.9;48.2;20.7;-;12.6;33.5
ALT;194409;-;-;62;78.3;966.4;116.8;13.8;-;4.1;27.0
ALT;194410;-;-;79;78.8;958.1;105.2;8.8;-;0.0;20.4
ALT;194411;-;-;77;77.5;960.5;219.4;4.0;-;-3.1;14.9
ALT;194412;-;-;77;73.1;963.6;72.6;0.8;-;-7.8;9.8
ALT;194501;-;-;83;70.6;958.0;40.2;-4.4;-;-14.3;6.5
ALT;194502;-;-;68;81.5;972.3;112.2;2.9;-;-2.2;11.5
ALT;194503;-;-;56;70.1;972.7;159.4;6.1;-;-1.6;21.5
ALT;194504;-;-;51;67.9;964.9;123.2;10.2;-;0.9;26.0
ALT;194505;-;-;51;58.8;961.8;101.2;15.6;-;1.4;34.5
ALT;194506;-;-;60;66.2;966.9;140.6;18.1;-;7.0;34.8
ALT;194507;-;-;55;70.5;964.8;95.4;19.0;-;8.5;37.4
ALT;194508;-;-;59;74.7;961.0;252.9;16.7;-;10.0;30.0
ALT;194509;-;-;54;80.1;966.6;163.5;14.3;-;5.1;29.0
ALT;194510;-;-;56;73.3;967.6;77.5;9.6;-;2.4;20.9
ALT;194511;-;-;77;81.8;963.4;53.8;3.4;-;-3.1;20.5
ALT;194512;-;-;82;74.7;960.2;121.1;2.2;-;-8.8;13.2
ALT;194601;-;-;79;78.5;968.5;63.3;-1.2;-;-10.4;10.1
ALT;194602;-;-;83;66.3;964.8;134.7;4.1;-;-2.8;14.1
ALT;194603;-;-;59;69.6;960.2;44.1;6.4;-;-2.1;21.9
ALT;194604;-;-;49;63.3;963.4;37.0;11.8;-;2.5;33.0
ALT;194605;-;-;65;64.6;958.5;65.9;14.9;-;5.8;28.7
ALT;194606;-;-;74;73.6;964.8;210.9;15.4;-;5.6;28.6
ALT;194607;-;-;55;74.0;966.4;152.0;18.4;-;9.7;34.6
ALT;194608;-;-;63;74.2;963.4;155.4;17.2;-;7.5;34.0
ALT;194609;-;-;46;77.1;966.1;63.0;14.6;-;8.2;25.9
ALT;194610;-;-;68;77.2;963.4;55.4;9.2;-;1.0;22.3
ALT;194611;-;-;74;79.6;960.8;44.0;4.1;-;-3.4;15.4
ALT;194612;-;-;90;79.8;961.7;33.2;0.4;-;-6.2;8.7
ALT;194701;-;-;80;74.5;963.6;89.4;-2.1;-;-11.8;6.6
ALT;194702;-;-;77;69.0;951.3;25.9;1.2;-;-5.8;14.5
ALT;194703;-;-;75;66.6;955.9;113.1;6.9;-;-4.1;18.0
ALT;194704;-;-;52;64.9;968.2;37.2;11.1;-;1.5;26.0
ALT;194705;-;-;62;66.8;962.5;60.0;15.3;-;6.7;29.5
ALT;194706;-;-;55;71.4;964.7;107.7;18.2;-;8.6;37.5
ALT;194707;-;-;50;74.5;964.5;108.7;19.7;-;11.5;37.5
ALT;194708;-;-;40;73.8;964.7;137.9;19.6;-;11.3;38.0
ALT;194709;-;-;39;72.6;966.6;55.9;16.5;-;7.4;31.7
ALT;194710;-;-;62;87.2;967.1;29.3;9.7;-;2.0;23.0
ALT;194711;-;-;77;86.6;963.3;249.1;6.6;-;-1.8;13.7
ALT;194712;-;-;87;81.8;961.4;118.3;2.0;-;-9.4;14.4
ALT;194801;-;-;82;75.5;955.2;121.3;4.6;-;-3.5;13.8
ALT;194802;-;-;76;69.2;967.6;109.1;3.1;-;-6.1;14.7
ALT;194803;-;-;33;70.8;974.1;42.2;7.5;-;-1.1;20.9
ALT;194804;-;-;52;67.3;960.5;42.3;10.5;-;1.2;26.4
ALT;194805;-;-;56;68.0;960.3;38.1;15.0;-;5.6;28.2
ALT;194806;-;-;68;78.6;963.3;168.8;15.6;-;8.5;31.0
ALT;194807;-;-;76;86.0;965.0;233.5;15.0;-;7.8;30.5
ALT;194808;-;-;65;83.6;963.5;97.7;17.4;-;10.0;30.0
ALT;194809;-;-;46;83.5;966.1;130.0;14.1;-;7.2;27.0
ALT;194810;-;-;66;87.1;966.0;41.9;10.0;-;2.7;23.6
ALT;194811;-;-;80;91.2;971.7;23.2;4.8;-;-1.7;17.9
ALT;194812;-;-;79;83.3;969.9;41.0;1.6;-;-5.7;15.5
ALT;194901;-;-;76;85.1;971.0;117.9;0.9;-;-6.6;10.0
ALT;194902;-;-;44;74.8;974.9;26.3;0.9;-;-10.6;11.3
ALT;194903;-;-;59;67.8;964.5;60.8;3.5;-;-11.8;20.5
ALT;194904;-;-;57;71.2;965.8;106.7;11.6;-;0.2;26.0
ALT;194905;-;-;80;78.9;960.5;90.5;12.0;-;3.7;28.5
ALT;194906;-;-;64;69.4;965.2;93.6;16.6;-;6.0;30.5
ALT;194907;-;-;48;68.2;966.0;82.4;19.4;-;10.0;35.1
ALT;194908;-;-;54;75.4;967.1;117.7;17.9;-;8.0;33.0
ALT;194909;-;-;47;82.1;966.2;95.2;17.1;-;10.6;30.9
ALT;194910;-;-;55;84.4;967.4;37.9;11.4;-;0.9;21.8
ALT;194911;-;-;79;82.5;957.6;82.2;5.3;-;-1.6;17.7
ALT;194912;-;-;75;82.7;963.6;71.8;3.3;-;-4.4;12.7
ALT;195001;-;-;74;80.1;966.6;124.6;0.5;-;-5.4;7.5
ALT;195002;-;-;75;74.0;961.9;110.5;3.8;-;-2.4;12.5
ALT;195003;-;-;54;73.1;966.5;33.8;5.9;-;-2.8;19.0
ALT;195004;-;-;72;74.5;957.4;122.7;7.8;-;-0.7;22.0
ALT;195005;-;-;59;71.4;963.2;89.1;15.0;-;6.4;30.5
ALT;195006;-;-;54;74.2;965.9;108.8;18.5;-;11.9;31.0
ALT;195007;-;-;55;73.2;964.8;143.1;20.1;-;11.3;36.3
ALT;195008;-;-;65;83.9;963.0;136.9;17.9;-;10.0;30.0
ALT;195009;-;-;75;84.8;963.9;127.6;14.0;-;6.4;24.3
ALT;195010;-;-;61;85.7;967.0;15.3;9.2;-;-1.3;20.9
ALT;195011;-;-;80;81.1;959.6;244.2;5.8;-;-1.1;17.7
ALT;195012;-;-;86;79.8;955.1;29.4;0.5;-;-6.8;13.5
ALT;195101;-;-;86;84.0;959.4;133.5;2.2;-;-3.0;10.6
ALT;195102;-;-;81;74.8;955.8;186.4;3.8;-;-1.5;13.0
ALT;195103;-;-;76;71.5;956.4;118.4;4.4;-;-3.8;19.0
ALT;195104;-;-;62;68.1;963.1;85.6;9.0;-;1.7;24.4
ALT;195105;-;-;69;73.8;958.4;123.7;12.8;-;2.5;25.8
ALT;195106;-;-;75;79.2;964.0;130.0;15.9;-;9.4;31.0
ALT;195107;-;-;57;81.0;966.0;113.2;17.9;-;11.2;30.6
ALT;195108;-;-;56;82.8;963.6;164.6;17.3;-;10.0;30.4
ALT;195109;-;-;56;86.0;965.3;58.2;15.1;-;6.5;27.5
ALT;195110;-;-;69;86.0;964.5;52.0;9.1;-;1.9;19.5
ALT;195111;-;-;78;74.6;958.3;159.6;8.3;-;-0.5;20.0
ALT;195112;-;-;67;87.2;967.6;45.7;1.4;-;-3.6;15.6
ALT;195201;-;-;82;78.9;960.8;84.6;-0.1;-;-10.6;8.9
ALT;195202;-;-;87;82.5;964.4;131.4;-0.7;-;-7.5;6.1
ALT;195203;-;-;75;77.6;959.3;120.3;5.9;-;-2.3;18.1
ALT;195204;-;-;66;69.2;963.3;44.6;11.1;-;-0.9;23.0
ALT;195205;-;-;63;65.6;963.7;58.1;14.6;-;5.8;26.0
ALT;195206;-;-;62;76.9;966.2;102.0;17.5;-;10.5;29.6
ALT;195207;-;-;54;74.0;965.5;148.1;20.1;-;11.9;34.0
ALT;195208;-;-;53;76.6;963.7;104.3;18.6;-;10.0;30.9
ALT;195209;-;-;74;82.6;962.2;103.7;12.1;-;3.7;22.8
ALT;195210;-;-;83;85.8;962.3;133.7;9.0;-;2.0;18.2
ALT;195211;-;-;80;80.8;959.6;215.6;3.9;-;-6.8;11.7
ALT;195212;-;-;92;83.2;959.9;122.7;1.4;-;-2.5;14.1
ALT;195301;-;-;90;79.1;965.6;50.1;-1.8;-;-7.0;4.3
ALT;195302;-;-;80;76.1;963.5;25.7;-0.5;-;-6.8;6.5
ALT;195303;-;-;38;66.8;973.5;14.3;5.4;-;-4.4;21.6
ALT;195304;-;-;61;73.3;961.0;103.2;10.3;-;2.0;22.0
ALT;195305;-;-;57;71.6;963.4;110.9;14.3;-;1.0;30.5
ALT;195306;-;-;82;80.0;959.9;205.1;15.1;-;5.3;25.6
ALT;195307;-;-;68;77.9;964.6;146.3;18.2;-;10.5;28.0
ALT;195308;-;-;53;81.2;967.5;86.3;17.1;-;9.9;29.5
ALT;195309;-;-;65;80.8;964.8;79.4;15.7;-;8.5;27.3
ALT;195310;-;-;71;83.2;965.5;98.6;11.2;-;1.7;22.0
ALT;195311;-;-;74;86.0;972.3;26.4;4.3;-;-0.1;14.6
ALT;195312;-;-;81;85.5;969.0;40.3;3.8;-;-6.2;16.5
ALT;195401;-;-;90;79.2;963.0;142.5;-1.3;-;-8.6;7.4
ALT;195402;-;-;86;79.4;957.5;62.6;0.2;-;-8.6;9.5
ALT;195403;-;-;63;69.2;957.3;21.9;6.9;-;-1.7;18.0
ALT;195404;-;-;84;79.1;964.5;116.4;6.8;-;0.1;17.2
ALT;195405;-;-;69;75.2;961.6;106.5;11.9;-;4.5;24.9
ALT;195406;-;-;72;77.8;963.5;128.4;16.2;-;9.0;29.0
ALT;195407;-;-;77;79.6;963.7;191.0;15.5;-;8.5;27.5
ALT;195408;-;-;68;79.8;963.1;211.2;16.0;-;8.0;29.8
ALT;195409;-;-;63;82.6;966.1;142.0;14.5;-;3.7;25.0
ALT;195410;-;-;59;84.6;967.0;88.3;9.3;-;2.4;19.3
ALT;195411;-;-;66;76.1;963.7;46.6;6.4;-;-3.9;16.7
ALT;195412;-;-;85;83.3;964.4;236.6;3.1;-;-2.4;16.0
ALT;195501;-;-;90;84.0;958.2;123.2;2.2;-;-5.9;13.0
ALT;195502;-;-;84;76.3;952.7;128.6;1.9;-;-7.4;14.5
ALT;195503;-;-;76;69.7;960.3;45.2;3.7;-;-5.6;22.9
ALT;195504;-;-;56;69.8;967.7;73.2;8.8;-;-0.6;26.8
ALT;195505;-;-;64;70.8;964.6;120.9;12.0;-;2.0;26.5
ALT;195506;-;-;72;77.1;964.0;150.3;16.0;-;5.3;26.6
ALT;195507;-;-;78;84.9;964.4;180.6;17.1;-;8.0;29.9
ALT;195508;-;-;66;83.7;965.5;155.9;16.2;-;7.5;26.5
ALT;195509;-;-;61;84.1;966.0;97.7;13.4;-;4.4;22.5
ALT;195510;-;-;65;81.1;963.5;71.7;8.4;-;-1.2;18.6
ALT;195511;-;-;78;81.1;966.5;19.9;3.6;-;-7.3;14.0
ALT;195512;-;-;85;85.5;961.9;84.5;4.0;2754;-3.0;13.7
ALT;195601;-;-;77;78.5;961.7;77.7;2.6;2532;-3.1;12.4
ALT;195602;-;-;91;70.9;961.7;17.6;-6.8;3780;-18.9;6.6
ALT;195603;-;-;74;64.8;962.7;158.7;6.0;7794;-6.1;17.1
ALT;195604;-;-;75;73.5;958.5;100.6;7.4;8844;-3.0;21.7
ALT;195605;-;-;60;76.7;967.4;108.3;13.1;11628;3.3;29.8
ALT;195606;-;-;79;82.8;966.0;166.1;13.4;7878;5.2;26.3
ALT;195607;-;-;68;83.1;964.5;163.2;17.3;11988;9.5;28.3
ALT;195608;-;-;77;85.4;962.2;194.3;15.7;9030;8.2;27.0
ALT;195609;-;-;52;82.3;965.8;115.5;15.3;9504;9.0;26.6
ALT;195610;-;-;66;88.7;968.6;112.8;7.3;6282;0.5;20.9
ALT;195611;-;-;87;86.0;965.4;45.8;3.2;1926;-1.6;10.3
ALT;195612;-;-;71;85.1;969.9;19.2;0.7;3144;-9.4;8.8
ALT;195701;-;-;80;84.3;969.7;33.2;-0.3;2664;-7.4;11.8
ALT;195702;-;-;77;76.9;960.3;134.1;5.3;4542;-1.8;14.3
ALT;195703;-;-;59;78.0;964.0;52.8;8.1;9510;-2.3;19.5
ALT;195704;-;-;73;77.4;963.2;58.4;8.8;8238;-0.5;21.0
ALT;195705;-;-;80;79.7;962.0;119.5;10.0;7386;-0.5;23.3
ALT;195706;-;-;65;79.9;964.4;148.2;16.4;11310;7.0;29.0
ALT;195707;-;-;67;83.5;964.5;176.4;17.1;9120;9.5;32.3
ALT;195708;-;-;72;83.4;964.4;145.9;16.1;10572;8.4;27.8
ALT;195709;-;-;66;85.1;965.0;121.3;13.2;7014;5.5;23.7
ALT;195710;-;-;62;87.0;966.8;24.7;8.4;6978;1.1;21.0
ALT;195711;-;-;91;82.5;964.5;51.5;6.0;1548;1.0;17.2
ALT;195712;-;-;76;75.4;962.9;67.1;2.5;2874;-5.7;13.9
ALT;195801;-;-;82;79.1;962.4;63.6;0.7;3306;-6.9;13.2
ALT;195802;-;-;85;80.9;961.8;165.6;3.9;3402;-5.0;16.0
ALT;195803;-;-;78;77.0;957.5;74.9;1.8;6210;-7.5;14.8
ALT;195804;-;-;72;76.2;961.3;128.8;6.4;8328;-3.0;18.3
ALT;195805;-;-;62;72.5;964.6;84.5;15.0;11022;4.4;27.0
ALT;195806;-;-;69;77.6;962.2;133.9;15.4;10074;7.4;27.4
ALT;195807;-;-;69;81.7;964.2;148.4;17.7;11658;9.4;30.0
ALT;195808;-;-;64;81.4;963.6;159.6;17.7;11688;8.9;27.9
ALT;195809;-;-;58;81.9;965.8;75.8;15.6;10152;6.2;24.8
ALT;195810;-;-;79;87.7;968.8;233.9;8.5;3060;-1.5;22.6
ALT;195811;-;-;88;92.4;966.1;78.9;4.3;1908;-1.8;10.0
ALT;195812;-;-;74;79.4;956.1;76.5;3.9;1818;-6.4;15.7
ALT;195901;-;2;74;80.4;962.1;96.7;1.0;2178;-8.5;15.2
ALT;195902;-;0;41;84.8;976.1;22.4;1.2;6810;-5.4;13.2
ALT;195903;-;0;58;74.0;962.3;57.3;8.9;6966;-1.0;18.7
ALT;195904;-;0;50;70.9;958.9;97.7;10.3;10782;-2.5;24.2
ALT;195905;-;0;59;72.3;961.4;60.9;14.3;12450;1.5;24.7
ALT;195906;-;0;69;77.6;966.0;156.8;16.5;7740;6.8;27.0
ALT;195907;-;0;50;76.5;965.1;143.5;19.3;13686;10.0;30.0
ALT;195908;-;0;63;89.1;965.0;79.0;17.0;9522;8.8;28.8
ALT;195909;-;0;48;88.9;965.8;38.8;15.5;9414;6.8;24.7
ALT;195910;-;0;42;89.0;965.7;125.5;9.3;8430;0.1;19.8
ALT;195911;-;0;71;87.7;961.6;63.6;3.9;3138;-3.5;16.7
ALT;195912;-;0;69;82.9;956.3;90.9;4.1;2100;-6.0;15.0
ALT;196001;-;3;68;81.5;962.6;58.3;0.8;2424;-15.0;15.8
ALT;196002;-;0;71;84.1;958.9;50.9;3.1;4158;-7.8;16.0
ALT;196003;-;0;66;72.4;957.8;69.9;8.2;6696;-2.8;18.2
ALT;196004;-;0;67;80.9;963.5;66.6;8.8;8256;0.0;20.0
ALT;196005;-;0;59;76.9;963.8;78.7;14.5;12342;0.8;26.7
ALT;196006;-;0;64;80.3;965.7;219.2;17.2;11496;6.7;28.0
ALT;196007;-;0;78;84.0;963.8;169.8;15.8;8844;7.0;27.1
ALT;196008;-;0;57;83.0;962.5;172.8;17.1;10848;8.5;30.0
ALT;196009;-;0;61;87.3;962.9;183.0;13.0;7758;3.6;23.4
ALT;196010;-;0;69;77.0;956.2;116.6;10.8;5520;-1.3;24.3
ALT;196011;-;0;66;81.9;960.3;112.8;7.2;4104;-1.5;20.0
ALT;196012;-;2;72;87.1;957.1;69.6;1.2;1986;-9.6;14.7
ALT;196101;-;1;79;88.2;962.5;52.3;1.1;1278;-6.7;10.6
ALT;196102;-;0;55;75.6;970.6;95.6;5.1;5982;-2.3;17.6
ALT;196103;-;0;38;73.8;971.8;45.5;6.0;10392;-4.0;18.0
ALT;196104;-;0;60;75.3;958.9;75.4;11.9;9234;2.3;22.8
ALT;196105;-;0;73;76.9;962.3;140.9;11.8;8592;0.2;24.7
ALT;196106;-;0;64;76.2;964.5;139.6;17.0;11892;6.0;30.9
ALT;196107;-;0;66;76.7;964.7;176.8;16.8;11382;7.7;29.0
ALT;196108;-;0;54;78.5;967.2;161.8;16.8;12096;6.7;28.0
ALT;196109;-;0;43;75.6;966.4;32.9;17.6;11436;7.7;29.5
ALT;196110;-;0;48;79.5;962.9;81.1;11.0;8346;0.0;23.9
ALT;196111;-;0;72;81.5;959.7;23.3;5.1;2934;-1.5;17.6
ALT;196112;-;0;75;82.4;962.0;134.1;2.9;1998;-9.5;17.7
ALT;196201;-;0;67;77.3;966.2;117.9;2.1;2988;-11.0;14.5
ALT;196202;-;2;68;74.6;966.7;109.5;1.1;4590;-10.8;9.6
ALT;196203;-;0;71;68.6;956.2;65.0;3.1;6492;-7.8;18.5
ALT;196204;-;0;61;62.3;962.0;53.6;9.6;9702;-1.3;24.0
ALT;196205;-;0;72;72.6;963.3;130.3;11.4;8820;-0.5;27.6
ALT;196206;-;0;56;68.1;967.7;93.7;15.4;12606;0.8;29.0
ALT;196207;-;0;67;73.2;964.8;129.3;17.1;10536;5.6;31.7
ALT;196208;-;0;42;74.2;966.2;111.8;18.5;14946;8.8;29.2
ALT;196209;-;0;53;76.3;965.0;46.6;14.3;9750;2.5;29.8
ALT;196210;-;0;54;81.7;967.0;12.1;10.0;7632;-0.4;22.0
ALT;196211;-;0;69;72.8;959.6;47.6;4.7;2664;-7.8;22.0
ALT;196212;-;2;93;82.7;961.9;163.7;-1.6;618;-13.0;10.5
ALT;196301;-;18;89;78.8;962.8;86.5;-3.7;2196;-19.0;15.8
ALT;196302;-;14;83;78.4;955.4;40.6;-2.7;3696;-15.0;10.5
ALT;196303;-;1;63;75.1;962.6;101.1;3.5;6864;-8.6;15.4
ALT;196304;-;0;73;68.8;959.5;84.4;10.1;7296;-0.7;20.5
ALT;196305;-;0;68;75.4;963.2;91.8;12.2;9384;0.8;23.7
ALT;196306;-;0;62;74.7;961.8;156.5;16.1;9792;7.8;30.0
ALT;196307;-;0;56;76.0;965.9;105.7;18.5;12126;8.5;28.4
ALT;196308;-;0;63;79.1;961.4;125.2;16.4;9612;6.6;30.6
ALT;196309;-;0;64;82.2;965.5;75.2;14.3;7746;4.0;24.0
ALT;196310;-;0;52;81.1;967.8;66.1;9.4;8370;0.5;18.4
ALT;196311;-;0;62;73.2;958.5;110.1;8.5;4008;-0.5;20.3
ALT;196312;-;0;74;81.9;963.6;8.2;-0.9;1962;-9.8;16.3
ALT;196401;-;0;83;82.9;975.2;19.7;-1.5;1362;-7.3;12.2
ALT;196402;-;1;63;75.8;963.7;48.4;3.3;5070;-7.2;18.6
ALT;196403;-;0;79;81.8;957.9;80.6;3.9;3888;-5.0;16.9
ALT;196404;-;0;66;71.2;962.0;124.6;10.0;8196;1.0;21.5
ALT;196405;-;0;60;69.9;965.1;131.8;14.7;12012;4.5;26.7
ALT;196406;-;0;59;70.9;964.0;127.4;18.0;11730;7.9;29.0
ALT;196407;-;0;46;69.9;966.2;80.0;19.6;14682;8.6;31.8
ALT;196408;-;0;53;76.5;964.0;118.6;17.0;10548;8.0;29.1
ALT;196409;-;0;50;77.4;967.7;91.9;15.1;9666;2.1;28.4
ALT;196410;-;0;79;84.1;962.9;77.1;8.5;4608;-0.4;21.2
ALT;196411;-;0;91;86.9;966.4;131.8;5.6;1410;0.0;11.7
ALT;196412;-;7;77;81.4;961.6;34.0;-0.2;1566;-9.8;13.2
ALT;196501;-;1;76;75.9;959.7;70.6;2.1;2232;-9.0;16.3
ALT;196502;-;10;61;72.3;966.8;44.7;-2.4;5874;-12.5;8.0
ALT;196503;-;0;64;71.7;963.1;84.8;4.7;6864;-9.7;18.4
ALT;196504;-;0;73;72.3;959.6;150.9;7.3;6804;-0.5;20.2
ALT;196505;-;0;70;77.6;962.5;135.7;12.2;9210;3.0;25.5
ALT;196506;-;0;66;80.3;963.8;166.0;16.4;9894;5.5;30.2
ALT;196507;-;0;70;80.4;963.1;194.1;16.3;9408;5.4;28.7
ALT;196508;-;0;64;79.6;964.0;218.1;16.2;9774;8.6;32.1
ALT;196509;-;0;58;77.9;961.2;185.6;13.1;8424;3.0;24.6
ALT;196510;-;0;58;87.6;967.6;7.0;8.8;5496;0.6;21.5
ALT;196511;-;1;84;82.1;957.1;112.7;4.8;1476;-8.2;15.6
ALT;196512;-;0;82;82.3;957.6;166.9;3.1;1482;-4.6;11.8
ALT;196601;-;3;70;77.8;960.7;48.1;-0.6;3186;-15.5;13.6
ALT;196602;-;0;72;71.7;956.3;128.7;6.8;3690;-2.0;17.2
ALT;196603;-;0;63;73.5;966.3;102.0;3.8;7302;-3.6;16.1
ALT;196604;-;0;63;71.6;958.9;87.7;10.4;9156;0.1;21.5
ALT;196605;-;0;56;71.6;964.5;136.7;13.4;12138;2.5;26.5
ALT;196606;-;0;55;68.8;964.0;117.8;17.5;12516;7.0;29.5
ALT;196607;-;0;70;79.2;962.6;197.5;15.9;8844;8.0;27.7
ALT;196608;-;0;69;80.2;963.3;141.7;15.8;8238;4.6;29.1
ALT;196609;-;0;53;82.5;965.6;28.9;15.2;9156;6.6;25.9
ALT;196610;-;0;62;77.6;957.5;48.3;13.0;5952;2.0;26.6
ALT;196611;-;1;76;73.2;961.1;120.5;4.6;3072;-5.5;21.5
ALT;196612;-;0;76;81.7;961.0;123.8;1.7;1368;-5.8;14.0
ALT;196701;-;11;72;86.2;967.0;115.3;-0.3;3162;-13.8;10.4
ALT;196702;-;0;57;71.0;965.3;59.7;3.7;5730;-7.4;18.5
ALT;196703;-;0;69;75.2;966.7;167.3;6.1;5994;-1.1;19.5
ALT;196704;-;0;67;70.8;961.1;77.6;7.7;9264;-1.8;21.8
ALT;196705;-;0;59;64.7;961.2;121.9;13.7;11424;-0.5;30.4
ALT;196706;-;0;61;72.6;966.7;85.8;15.5;11766;3.7;32.1
ALT;196707;-;0;52;72.4;966.4;125.9;19.6;14208;7.2;30.0
ALT;196708;-;0;66;77.3;964.7;127.8;17.6;10932;7.7;28.8
ALT;196709;-;0;61;82.2;963.3;126.6;13.5;7254;6.5;26.0
ALT;196710;-;0;36;78.2;964.6;39.6;11.3;9990;-0.6;25.0
ALT;196711;-;0;80;83.2;964.3;26.7;6.0;1938;-2.8;19.1
ALT;196712;-;4;82;80.5;964.3;63.7;-0.5;1680;-12.0;8.5
ALT;196801;-;23;82;82.9;964.1;223.2;-0.7;2112;-13.0;8.0
ALT;196802;-;5;77;82.6;958.7;46.3;2.5;3582;-6.8;13.0
ALT;196803;-;0;55;70.4;963.9;63.1;5.3;8856;-5.5;22.2
ALT;196804;-;0;56;62.7;961.9;70.3;10.7;11310;-2.0;26.5
ALT;196805;-;0;71;69.5;962.0;153.3;12.7;10116;0.8;24.6
ALT;196806;-;0;65;69.2;964.2;102.6;16.3;11370;5.7;29.2
ALT;196807;-;0;64;72.9;966.1;154.6;17.4;11448;7.5;29.7
ALT;196808;-;0;70;80.9;962.3;203.4;15.7;8124;6.2;25.5
ALT;196809;-;0;63;82.1;963.3;153.5;13.2;8568;2.5;23.2
ALT;196810;-;0;57;81.3;967.4;28.2;11.0;7320;2.2;24.5
ALT;196811;-;1;77;85.3;960.6;113.7;4.4;2484;-5.4;22.0
ALT;196812;-;3;87;84.1;958.5;104.7;0.1;1314;-11.0;10.6
ALT;196901;-;7;73;80.2;962.3;56.7;1.5;2442;-8.7;11.5
ALT;196902;-;6;71;69.7;955.6;47.7;0.6;5082;-11.0;15.5
ALT;196903;-;0;72;73.6;957.3;21.6;4.8;5010;-2.2;15.5
ALT;196904;-;0;73;68.6;961.6;104.5;8.2;7104;-2.5;23.0
ALT;196905;-;0;59;65.4;961.0;112.8;14.4;12462;3.0;31.2
ALT;196906;-;0;70;74.9;962.0;284.2;13.9;7740;3.0;24.5
ALT;196907;-;0;54;73.2;968.5;126.1;18.6;14046;7.8;29.0
ALT;196908;-;0;62;76.7;963.7;204.6;16.3;10128;5.1;27.4
ALT;196909;-;0;60;79.8;964.6;25.4;15.2;8724;6.6;23.8
ALT;196910;-;0;48;82.3;969.3;27.8;9.7;8250;2.5;17.8
ALT;196911;-;0;60;73.2;958.9;78.7;5.8;4476;-5.2;20.4
ALT;196912;-;5;83;78.0;959.8;84.0;-2.5;1590;-9.0;6.4
ALT;197001;-;1;76;75.5;956.9;54.7;2.1;2352;-9.9;16.0
ALT;197002;-;5;84;76.1;957.8;246.1;1.4;1422;-6.8;11.5
ALT;197003;-;5;68;72.0;958.8;71.0;2.2;6066;-7.6;15.0
ALT;197004;-;0;80;71.7;962.0;173.0;6.3;6588;-5.0;22.8
ALT;197005;-;0;70;69.1;962.9;100.2;11.7;9486;0.8;23.0
ALT;197006;-;0;61;69.9;964.4;123.8;17.4;11856;6.0;27.5
ALT;197007;-;0;63;73.4;964.4;139.3;17.2;12582;5.5;27.9
ALT;197008;-;0;65;79.2;963.5;231.3;17.2;8892;9.0;29.6
ALT;197009;-;0;43;79.4;966.8;74.1;14.9;10764;5.6;28.8
ALT;197010;-;0;60;76.8;967.1;114.6;9.3;7386;0.0;26.9
ALT;197011;-;0;73;78.2;963.4;58.2;6.7;2658;-1.6;19.8
ALT;197012;-;1;77;82.0;967.0;36.1;-0.2;2058;-10.7;9.8
ALT;197101;-;6;73;79.4;960.2;9.9;-0.2;1932;-14.7;15.0
ALT;197102;-;3;76;81.7;965.9;67.9;0.3;3468;-6.8;9.5
ALT;197103;-;0;74;67.8;959.4;47.1;1.7;6984;-12.0;15.2
ALT;197104;-;0;56;66.3;958.0;37.1;11.0;11424;0.4;23.0
ALT;197105;-;0;71;68.3;958.8;68.8;15.0;9732;5.0;28.0
ALT;197106;-;0;75;80.0;961.2;246.1;14.2;8448;6.5;24.7
ALT;197107;-;0;48;68.9;965.4;52.3;19.0;15924;6.7;30.0
ALT;197108;-;0;55;74.6;963.7;166.6;18.5;12150;9.7;35.6
ALT;197109;-;0;55;79.5;968.4;74.0;13.5;10866;2.5;23.2
ALT;197110;-;0;51;83.3;972.2;25.3;9.9;9204;0.2;21.0
ALT;197111;-;0;73;86.0;961.1;117.3;3.5;2904;-7.8;18.5
ALT;197112;-;6;83;91.7;972.3;48.9;0.5;1830;-6.5;7.8
ALT;197201;-;0;76;83.8;959.9;18.4;1.3;1986;-5.0;12.2
ALT;197202;-;0;76;69.4;957.8;8.5;6.3;4578;-5.4;18.6
ALT;197203;-;0;60;72.4;960.3;24.5;7.0;9372;-2.1;17.0
ALT;197204;-;0;84;80.5;958.0;101.2;7.9;4926;0.0;22.1
ALT;197205;-;0;75;76.2;960.7;110.2;12.1;8328;1.2;24.5
ALT;197206;-;0;68;76.5;962.6;135.4;14.9;9876;4.6;26.5
ALT;197207;-;0;75;82.7;964.7;142.9;16.8;8664;8.0;30.2
ALT;197208;-;0;66;81.7;964.9;134.3;16.2;9810;7.2;33.1
ALT;197209;-;0;56;81.7;964.7;59.2;11.2;8610;1.8;23.0
ALT;197210;-;0;70;83.0;965.4;98.0;8.1;5838;-0.2;20.6
ALT;197211;-;0;71;86.0;965.8;213.0;4.4;2622;-6.3;15.4
ALT;197212;-;0;66;83.8;970.2;15.6;1.4;2100;-6.2;15.4
ALT;197301;-;0;84;84.7;968.0;46.4;0.7;1404;-6.6;11.8
ALT;197302;-;2;71;79.0;962.3;40.2;0.3;3888;-7.8;8.4
ALT;197303;-;0;61;74.1;968.8;23.8;3.4;7944;-7.2;16.8
ALT;197304;-;0;75;73.1;961.5;88.8;5.6;8058;-2.6;21.4
ALT;197305;-;0;65;70.7;964.0;63.7;14.6;10374;2.8;24.4
ALT;197306;-;0;71;80.6;965.5;200.0;16.3;10368;2.2;28.6
ALT;197307;-;0;74;83.1;962.4;193.1;17.0;9156;8.8;27.8
ALT;197308;-;0;61;81.1;966.5;118.5;19.0;11730;11.5;31.4
ALT;197309;-;0;59;81.7;965.0;77.4;15.2;9474;5.2;27.0
ALT;197310;-;0;68;85.4;966.4;110.9;8.3;5040;-0.2;26.2
ALT;197311;-;1;70;84.3;968.9;68.6;4.0;2760;-7.6;19.4
ALT;197312;-;3;80;76.9;963.1;77.0;2.3;1548;-14.4;15.6
ALT;197401;-;1;73;83.2;967.8;80.0;3.4;2292;-2.5;14.4
ALT;197402;-;0;84;79.9;957.8;80.4;4.3;3714;-3.4;15.0
ALT;197403;-;0;78;69.4;960.8;40.7;7.9;7650;-4.2;22.3
ALT;197404;-;0;66;72.3;958.4;38.2;8.9;9558;-1.6;19.4
ALT;197405;-;0;66;76.2;961.1;122.6;11.8;8946;1.5;24.7
ALT;197406;-;0;73;76.6;962.2;104.4;14.6;8790;4.3;24.8
ALT;197407;-;0;60;75.2;965.6;137.2;17.3;11898;9.2;29.8
ALT;197408;-;0;64;76.0;964.8;122.8;18.4;11592;9.4;29.8
ALT;197409;-;0;58;76.5;962.5;91.0;14.1;9486;3.2;27.0
ALT;197410;-;0;90;84.1;960.1;152.3;5.6;2358;-1.6;14.8
ALT;197411;-;0;66;77.3;963.3;120.2;5.6;3228;-1.2;18.2
ALT;197412;-;0;68;81.6;971.0;135.6;3.8;2286;-5.6;13.1
ALT;197501;-;0;66;74.2;967.5;110.5;4.8;2706;-3.9;15.2
ALT;197502;-;0;53;79.6;969.3;28.7;2.2;7266;-4.2;14.5
ALT;197503;-;1;79;77.0;955.2;78.2;4.4;5208;-4.8;16.2
ALT;197504;-;2;69;73.9;962.2;131.8;7.7;9420;-1.7;22.4
ALT;197505;-;0;64;72.8;961.1;68.4;12.8;10770;3.5;27.0
ALT;197506;-;0;71;76.2;964.0;176.0;14.4;8646;4.5;27.2
ALT;197507;-;0;54;76.2;965.0;143.1;17.4;12456;7.0;30.2
ALT;197508;-;0;64;78.6;965.3;147.9;17.5;9762;8.8;28.9
ALT;197509;-;0;59;73.5;965.0;111.1;17.1;8568;8.0;32.4
ALT;197510;-;0;64;83.8;968.1;90.9;8.0;6312;0.8;20.4
ALT;197511;-;0;66;81.7;963.6;136.3;4.9;3078;-5.8;14.5
ALT;197512;-;1;79;84.7;969.7;8.6;0.5;1968;-5.4;13.6
ALT;197601;-;2;70;76.6;966.8;61.1;1.5;2880;-11.2;12.8
ALT;197602;-;1;65;75.3;966.0;16.5;2.2;4818;-4.6;13.2
ALT;197603;-;0;60;72.7;964.4;24.0;4.2;8628;-9.1;18.8
ALT;197604;-;0;56;71.2;960.8;132.3;8.3;10878;-1.2;21.3
ALT;197605;-;0;54;71.3;963.4;92.4;13.6;11472;1.7;27.6
ALT;197606;-;0;48;69.0;966.5;124.0;17.8;14454;5.4;28.6
ALT;197607;-;0;64;78.5;964.0;229.0;18.5;10086;9.4;30.0
ALT;197608;-;0;64;78.7;965.7;75.6;16.0;9990;8.2;25.0
ALT;197609;-;0;59;79.2;963.3;102.9;13.3;7104;4.2;26.7
ALT;197610;-;0;63;80.3;956.7;113.2;11.8;6102;3.0;23.2
ALT;197611;-;0;69;77.4;964.4;77.1;5.5;2844;-3.4;17.0
ALT;197612;-;4;80;80.9;957.9;98.0;0.4;1890;-9.8;12.4
ALT;197701;-;5;75;76.2;960.5;48.0;2.2;2136;-7.8;14.2
ALT;197702;-;0;66;67.7;958.6;115.8;5.5;3936;-5.1;15.8
ALT;197703;-;0;69;66.6;966.0;83.5;7.7;6978;-2.4;18.8
ALT;197704;-;0;81;72.4;962.4;211.9;6.6;5898;-1.5;20.6
ALT;197705;-;0;70;63.5;961.0;46.7;12.8;8298;2.2;26.0
ALT;197706;-;0;70;63.7;961.9;77.3;15.9;9450;6.6;32.4
ALT;197707;-;0;60;77.4;962.2;216.5;17.0;10686;9.7;27.8
ALT;197708;-;0;69;83.7;961.7;139.1;16.0;7926;8.8;26.0
ALT;197709;-;0;58;82.7;968.9;61.4;13.1;8538;4.0;24.4
ALT;197710;-;0;63;81.2;966.6;94.6;10.8;5748;2.3;23.7
ALT;197711;-;0;64;78.3;961.5;120.1;5.4;3894;-6.5;19.6
ALT;197712;-;0;81;85.0;967.5;70.6;2.0;1098;-6.2;16.5
ALT;197801;-;2;73;77.7;960.4;85.3;1.4;1614;-8.1;10.6
ALT;197802;-;7;83;74.1;954.7;127.2;1.7;2694;-7.1;17.7
ALT;197803;-;0;80;73.3;961.3;122.6;6.3;4686;-1.3;18.6
ALT;197804;-;0;74;73.5;956.2;38.0;8.0;8334;-4.2;19.2
ALT;197805;-;0;80;78.2;960.9;169.3;11.4;7278;3.4;24.2
ALT;197806;-;0;71;76.4;962.8;139.5;14.8;9630;4.5;29.0
ALT;197807;-;0;68;78.8;964.6;132.8;16.7;10194;8.8;29.0
ALT;197808;-;0;66;79.7;965.9;185.5;15.9;10458;5.6;27.2
ALT;197809;-;0;58;80.4;967.1;94.5;13.7;9162;6.4;24.6
ALT;197810;-;0;58;84.0;969.5;82.3;8.6;5712;-3.5;18.8
ALT;197811;-;0;69;84.1;973.7;9.3;3.0;2928;-7.0;12.4
ALT;197812;-;0;81;80.1;955.9;49.4;3.3;1518;-8.2;17.5
ALT;197901;-;4;81;78.8;960.5;37.7;-1.0;1794;-12.5;14.2
ALT;197902;-;0;84;78.1;957.5;49.3;3.5;3540;-6.2;15.4
ALT;197903;-;0;76;73.5;958.1;178.6;5.7;4776;-3.8;17.5
ALT;197904;-;0;74;69.5;960.0;73.5;7.1;7152;-2.5;19.3
ALT;197905;-;0;59;64.6;964.9;72.8;12.8;13272;-0.6;29.6
ALT;197906;-;0;71;77.7;966.0;173.3;15.7;8856;6.0;29.9
ALT;197907;-;0;70;71.7;967.5;48.4;17.1;8502;6.7;29.3
ALT;197908;-;0;65;79.3;963.8;168.3;15.3;8886;5.2;27.3
ALT;197909;-;0;54;80.9;967.9;96.0;13.6;9084;3.9;24.7
ALT;197910;-;0;65;76.9;961.5;101.5;11.5;5328;1.5;27.3
ALT;197911;-;0;76;81.1;965.0;137.1;3.8;3354;-4.9;14.6
ALT;197912;-;1;74;79.8;963.0;120.1;3.8;2172;-3.8;12.7
ALT;198001;-;12;84;79.4;962.9;81.4;-0.4;1554;-8.6;13.2
ALT;198002;-;0;59;74.7;968.0;80.1;4.0;5856;-3.6;11.4
ALT;198003;-;0;74;72.3;957.9;57.9;5.5;5724;-4.0;14.8
ALT;198004;-;0;71;70.8;964.2;85.7;6.3;6750;-3.0;18.8
ALT;198005;-;0;76;73.6;959.5;38.5;10.8;6744;1.5;23.6
ALT;198006;-;0;78;79.2;962.8;160.1;13.9;6474;5.6;30.7
ALT;198007;-;0;70;79.9;963.1;157.8;14.8;7482;6.4;27.8
ALT;198008;-;0;59;75.7;965.4;117.3;17.7;11022;6.7;28.6
ALT;198009;-;0;45;75.5;968.8;46.7;14.7;10776;5.2;27.1
ALT;198010;-;0;69;75.5;961.9;137.4;9.4;5988;0.1;23.0
ALT;198011;-;0;76;82.9;963.8;22.5;3.6;2382;-3.3;16.0
ALT;198012;-;8;69;82.1;968.3;62.4;-0.8;2886;-12.0;6.7
ALT;198101;32;10;85;81.7;969.3;112.8;-1.2;1998;-12.3;7.7
ALT;198102;69;6;65;77.7;966.5;25.5;-1.1;5068;-9.0;7.3
ALT;198103;105;0;73;74.6;960.0;134.7;7.6;6071;-3.0;21.5
ALT;198104;162;0;70;69.7;963.1;17.9;9.9;8834;-1.8;22.4
ALT;198105;188;0;73;69.1;960.6;96.8;12.8;8707;2.5;27.7
ALT;198106;215;0;66;69.7;965.7;103.1;16.1;10119;5.9;28.9
ALT;198107;187;0;69;75.4;966.2;193.6;16.2;8703;7.1;28.2
ALT;198108;194;0;48;74.4;966.9;97.3;17.3;12498;6.8;28.1
ALT;198109;100;0;78;79.9;965.1;222.0;14.6;4944;2.9;27.1
ALT;198110;76;0;75;77.3;962.3;173.9;9.8;4583;-0.5;25.0
ALT;198111;51;0;58;79.6;972.5;62.8;4.3;4340;-5.1;15.3
ALT;198112;31;4;85;78.4;952.0;146.8;2.0;1682;-10.4;14.7
ALT;198201;30;1;88;88.9;966.6;149.9;1.1;1195;-5.5;13.7
ALT;198202;72;2;69;83.7;967.0;22.1;1.5;4228;-9.4;15.8
ALT;198203;118;0;68;71.3;964.8;51.2;4.7;6412;-3.0;18.9
ALT;198204;188;0;63;66.5;964.0;47.3;7.7;9857;-1.6;20.2
ALT;198205;236;0;53;66.5;967.0;53.4;13.3;12277;1.0;27.6
ALT;198206;206;0;69;71.7;964.2;144.6;17.0;9113;8.4;30.2
ALT;198207;218;0;58;72.2;965.4;111.9;19.4;12174;10.2;30.5
ALT;198208;154;0;66;77.5;965.1;142.5;16.9;7711;7.9;28.4
ALT;198209;146;0;49;75.8;967.2;88.8;16.3;10540;7.0;29.8
ALT;198210;88;0;66;77.9;962.1;67.7;10.0;6179;1.7;20.2
ALT;198211;50;0;60;75.9;965.3;45.2;6.8;4351;-2.6;18.0
ALT;198212;31;1;75;80.5;964.0;66.5;3.0;2226;-4.7;16.1
ALT;198301;39;1;68;81.6;976.0;110.0;2.4;2769;-7.5;11.6
ALT;198302;74;9;78;76.7;964.5;58.1;-0.5;3120;-8.6;10.8
ALT;198303;127;0;61;72.7;965.3;37.1;6.0;7767;-2.8;16.9
ALT;198304;168;0;79;63.9;958.6;88.8;10.4;7326;0.2;21.2
ALT;198305;173;0;81;70.7;959.6;207.0;11.4;6789;2.3;25.2
ALT;198306;210;0;66;69.9;966.9;93.6;16.9;9562;4.9;30.1
ALT;198307;243;0;44;61.0;965.5;32.3;22.2;15583;9.3;33.8
ALT;198308;163;0;65;73.9;965.4;110.9;18.1;9044;8.6;31.7
ALT;198309;129;0;65;74.6;966.5;102.3;14.8;7404;5.9;29.0
ALT;198310;95;0;59;77.2;970.7;51.9;10.2;7658;0.0;21.5
ALT;198311;39;0;79;83.9;966.1;106.5;4.2;2541;-3.9;19.1
ALT;198312;33;0;73;77.5;966.3;61.4;2.2;2673;-6.5;13.1
ALT;198401;36;1;80;74.3;962.2;80.6;1.5;1548;-7.2;13.2
ALT;198402;69;4;79;74.8;965.8;79.8;0.5;4129;-9.1;9.5
ALT;198403;137;0;48;67.4;961.4;31.5;3.0;9793;-6.4;16.6
ALT;198404;192;0;59;65.5;963.7;47.6;7.9;10577;-1.2;22.2
ALT;198405;172;0;84;69.6;955.1;97.6;11.0;6153;0.1;21.4
ALT;198406;216;0;64;67.7;964.1;95.5;15.6;9778;5.8;27.2
ALT;198407;209;0;55;66.7;966.4;121.9;18.2;11524;7.5;34.7
ALT;198408;161;0;60;74.0;965.5;120.8;17.0;9182;9.4;28.7
ALT;198409;118;0;70;77.3;961.2;218.4;12.9;6841;5.1;26.6
ALT;198410;89;0;56;76.2;967.0;77.2;10.3;6333;0.4;21.3
ALT;198411;48;0;66;73.4;959.4;47.7;8.4;3761;-2.5;20.9
ALT;198412;27;0;75;83.7;969.8;58.5;2.5;1812;-5.9;16.3
ALT;198501;37;13;78;77.7;959.1;69.5;-3.4;2392;-18.9;14.0
ALT;198502;61;13;83;83.2;966.8;87.2;0.1;2062;-11.1;10.3
ALT;198503;115;1;74;69.6;961.1;44.4;4.1;6483;-5.7;16.5
ALT;198504;161;0;66;64.9;961.1;73.4;8.9;7906;-0.5;20.7
ALT;198505;201;0;69;67.5;959.1;104.9;13.2;9577;-0.3;27.6
ALT;198506;193;0;74;71.2;963.7;145.9;14.5;8039;5.7;27.9
ALT;198507;222;0;54;68.8;965.9;106.7;19.5;12513;10.8;31.5
ALT;198508;193;0;50;68.8;965.6;161.5;17.4;12639;6.3;32.8
ALT;198509;156;0;39;74.0;969.7;59.3;15.3;11276;6.3;24.2
ALT;198510;91;0;64;77.7;971.1;2.4;10.8;7345;2.0;23.8
ALT;198511;38;1;85;75.5;961.6;72.2;2.8;1805;-5.9;21.7
ALT;198512;38;0;51;77.8;966.4;17.0;3.7;3804;-4.5;19.4
ALT;198601;34;1;76;72.4;959.3;135.5;1.9;1836;-10.9;12.1
ALT;198602;70;6;75;76.8;957.1;34.6;-2.6;3483;-12.6;12.6
ALT;198603;117;2;66;75.0;963.4;76.9;4.3;6684;-4.1;18.7
ALT;198604;134;0;83;73.1;957.4;154.2;7.4;5741;-1.6;19.6
ALT;198605;198;0;66;69.9;966.0;97.6;14.9;9914;3.5;27.0
ALT;198606;237;0;56;71.5;964.6;149.1;16.1;12143;3.8;28.7
ALT;198607;201;0;59;72.6;966.2;148.9;17.8;11168;7.8;30.3
ALT;198608;179;0;64;73.9;964.4;122.1;17.7;10562;7.8;33.9
ALT;198609;139;0;61;77.6;968.0;45.1;14.6;8981;6.0;29.3
ALT;198610;98;0;51;79.1;968.1;73.2;11.0;8206;-0.7;20.5
ALT;198611;54;0;48;80.1;970.7;55.7;5.8;4866;-4.1;19.8
ALT;198612;27;9;84;85.2;968.7;100.5;1.3;1403;-11.4;14.4
ALT;198701;35;16;88;80.2;964.4;106.0;-2.8;1588;-17.1;7.6
ALT;198702;59;9;88;87.1;961.6;87.2;1.3;2168;-8.0;12.5
ALT;198703;110;2;78;75.7;964.1;69.9;2.1;4840;-8.7;16.6
ALT;198704;184;0;51;66.6;965.4;98.7;9.8;10657;-2.4;23.3
ALT;198705;188;0;71;75.9;963.1;156.2;10.2;6609;0.8;23.6
ALT;198706;184;0;78;73.3;964.7;185.9;14.5;7156;5.8;29.6
ALT;198707;198;0;66;74.5;964.6;186.1;18.2;9701;7.2;29.3
ALT;198708;166;0;59;74.8;965.0;172.7;17.0;8822;7.8;28.7
ALT;198709;132;0;64;73.0;966.9;76.5;16.7;7752;6.4;27.2
ALT;198710;80;0;70;73.2;963.6;37.4;12.0;4954;2.5;24.6
ALT;198711;43;0;76;79.0;964.1;69.3;5.8;2454;0.2;16.7
ALT;198712;27;0;73;84.6;968.3;53.5;2.8;2160;-4.6;14.6
ALT;198801;39;0;63;70.7;961.1;56.0;5.1;3275;-4.1;16.5
ALT;198802;71;2;69;69.0;962.7;73.1;2.6;4206;-4.7;12.5
ALT;198803;91;3;88;74.1;961.6;211.6;3.6;3761;-9.3;14.6
ALT;198804;174;0;71;68.5;961.7;52.1;9.9;8491;-2.4;23.7
ALT;198805;202;0;70;65.4;960.6;73.8;15.3;8918;4.8;25.3
ALT;198806;206;0;71;73.8;962.6;84.7;15.9;7870;6.2;28.2
ALT;198807;216;0;58;73.0;965.0;157.1;18.5;11378;10.0;31.1
ALT;198808;171;0;60;75.9;964.3;90.1;18.1;9932;7.4;29.0
ALT;198809;128;0;69;78.3;967.4;64.5;14.7;7483;6.7;27.3
ALT;198810;80;0;70;81.7;965.9;127.4;11.6;5470;1.4;26.3
ALT;198811;45;1;69;83.6;969.5;61.2;3.0;3185;-8.4;14.2
ALT;198812;26;1;80;84.6;971.8;149.7;2.5;1708;-3.6;16.0
ALT;198901;33;0;74;86.1;978.9;8.5;0.3;2327;-5.8;9.3
ALT;198902;62;0;71;82.8;968.2;57.7;2.9;3267;-5.8;13.5
ALT;198903;137;0;54;67.9;964.9;58.9;8.2;9314;-1.5;22.7
ALT;198904;146;0;84;72.5;956.6;149.2;8.8;5921;1.3;19.6
ALT;198905;235;0;50;68.3;966.5;57.8;14.4;13046;2.1;26.2
ALT;198906;218;0;66;70.2;965.0;69.8;15.4;9753;5.5;28.4
ALT;198907;196;0;66;75.4;967.3;156.9;18.7;9298;10.4;29.3
ALT;198908;189;0;58;77.9;964.7;156.5;17.5;11531;6.7;32.4
ALT;198909;122;0;66;81.7;966.9;109.8;14.1;7008;6.7;23.6
ALT;198910;96;0;43;78.9;969.1;86.5;10.2;8444;1.8;23.8
ALT;198911;49;0;65;82.3;964.9;43.3;3.8;4480;-5.4;19.9
ALT;198912;26;0;78;75.2;963.9;31.8;3.1;1412;-6.5;21.3
ALT;199001;38;0;65;81.2;971.7;11.2;0.4;2620;-7.5;14.9
ALT;199002;70;0;53;67.9;965.3;147.5;6.3;5606;-3.9;19.0
ALT;199003;128;0;55;70.4;974.7;49.6;7.0;7963;-4.2;21.5
ALT;199004;147;0;78;74.4;961.6;71.6;7.9;5915;-0.8;21.5
ALT;199005;228;0;65;73.0;966.2;95.3;14.8;11503;5.6;24.0
ALT;199006;197;0;73;78.9;963.7;138.3;15.4;8450;7.5;31.1
ALT;199007;215;0;51;73.0;967.2;128.1;18.2;12114;8.6;30.1
ALT;199008;193;0;48;72.1;967.9;67.3;18.7;12840;9.2;30.7
ALT;199009;135;0;68;79.1;966.3;82.5;13.8;7391;5.8;21.1
ALT;199010;89;0;64;76.2;962.2;93.7;12.6;5897;2.4;26.4
ALT;199011;48;3;70;81.1;962.7;183.5;4.9;3376;-3.3;16.0
ALT;199012;37;14;71;80.2;965.4;81.1;-0.1;2912;-11.7;11.8
ALT;199101;39;0;73;79.7;971.6;47.2;1.7;2694;-5.5;15.8
ALT;199102;89;2;50;76.4;964.2;25.8;-0.1;6302;-12.2;12.6
ALT;199103;112;0;81;73.1;961.5;71.2;8.2;4947;-1.9;20.4
ALT;199104;194;0;60;67.5;963.3;108.6;8.0;10341;-1.7;18.4
ALT;199105;194;0;70;71.5;965.8;121.8;10.2;8649;2.1;23.9
ALT;199106;203;0;70;75.9;964.0;176.1;15.1;8510;6.0;27.4
ALT;199107;240;0;53;75.5;965.2;160.2;19.9;14020;9.8;31.0
ALT;199108;200;0;46;73.5;967.6;31.6;19.5;12355;10.5;29.5
ALT;199109;140;0;58;74.1;965.3;154.3;17.0;8574;6.3;26.8
ALT;199110;91;0;60;82.1;965.1;40.7;8.9;6292;-0.9;24.2
ALT;199111;40;0;75;79.6;963.8;33.6;4.8;2428;-3.4;17.5
ALT;199112;27;0;68;81.0;975.7;190.0;0.0;2400;-8.4;11.2
ALT;199201;38;1;73;81.8;976.1;12.6;-0.5;2577;-9.9;14.5
ALT;199202;74;1;64;80.6;973.3;97.1;1.4;4387;-10.5;13.1
ALT;199203;113;0;66;73.4;964.5;164.5;6.2;6358;-1.9;17.5
ALT;199204;164;0;70;72.1;961.5;90.0;8.6;7778;-1.2;25.5
ALT;199205;219;0;56;64.8;965.7;34.4;15.4;11632;3.5;27.7
ALT;199206;193;0;71;74.9;961.7;84.4;16.1;8056;6.5;29.2
ALT;199207;206;0;61;77.5;966.2;119.6;19.0;11184;11.0;30.5
ALT;199208;193;0;48;71.0;965.0;166.5;20.6;13246;9.9;33.7
ALT;199209;131;0;58;74.8;968.0;87.9;15.2;8584;4.9;26.5
ALT;199210;58;0;84;83.0;957.6;83.5;8.9;2992;-2.3;18.1
ALT;199211;33;0;83;86.9;966.9;180.1;6.3;1353;-2.2;17.0
ALT;199212;23;0;80;82.0;966.9;59.7;2.3;1120;-3.1;15.3
ALT;199301;40;0;61;79.2;974.1;58.7;2.8;3846;-7.9;17.4
ALT;199302;59;1;70;81.9;974.1;29.2;-0.4;3129;-11.2;8.3
ALT;199303;123;0;59;69.3;968.4;35.2;4.6;7960;-6.1;20.1
ALT;199304;164;0;64;62.6;960.3;112.8;11.3;9189;-1.1;24.5
ALT;199305;223;0;61;66.5;962.1;75.6;15.6;11591;4.3;28.7
ALT;199306;202;0;66;74.5;965.2;159.5;17.0;9115;8.4;31.0
ALT;199307;179;0;69;77.7;966.8;179.9;17.0;8300;7.8;32.7
ALT;199308;173;0;58;76.8;966.9;125.6;18.1;11017;6.4;30.3
ALT;199309;126;0;65;78.2;961.5;165.1;14.0;7363;4.5;26.1
ALT;199310;60;0;85;78.1;962.3;174.3;9.7;2852;0.3;22.5
ALT;199311;39;0;79;82.6;966.4;32.7;3.0;2282;-6.7;12.7
ALT;199312;32;1;74;77.6;961.8;104.3;3.8;2567;-6.2;20.1
ALT;199401;39;0;73;77.4;964.4;134.8;3.3;3329;-6.4;13.7
ALT;199402;69;0;69;68.4;961.8;35.5;3.9;3625;-5.9;17.1
ALT;199403;114;0;71;70.7;968.3;64.7;9.3;6426;-2.1;21.3
ALT;199404;154;0;75;72.1;960.1;93.6;8.0;6870;-2.0;24.0
ALT;199405;177;0;71;75.0;961.8;171.3;14.0;7663;4.5;24.8
ALT;199406;211;0;59;69.5;967.4;125.5;17.2;10529;5.3;31.4
ALT;199407;219;0;49;72.1;965.3;110.8;21.0;12829;12.2;31.5
ALT;199408;175;0;59;74.7;963.9;169.9;19.6;10476;11.4;32.0
ALT;199409;121;0;78;79.4;962.9;122.0;15.0;6820;4.9;28.5
ALT;199410;86;0;61;78.9;964.4;35.3;10.1;6271;1.5;20.7
ALT;199411;42;0;73;84.0;968.0;50.0;8.4;2670;0.2;22.0
ALT;199412;29;0;70;83.4;969.4;114.4;3.1;2095;-4.3;13.9
ALT;199501;37;6;70;76.0;965.3;161.9;0.8;2676;-13.3;14.7
ALT;199502;67;0;65;78.5;964.4;96.8;4.9;4280;-3.1;15.6
ALT;199503;121;0;66;68.9;963.0;107.4;3.9;6981;-5.1;16.9
ALT;199504;160;0;73;69.5;963.2;145.0;9.5;7383;0.0;21.6
ALT;199505;199;0;65;67.7;963.0;114.1;13.5;10038;0.2;27.0
ALT;199506;191;0;70;76.8;964.1;122.1;14.7;8401;5.4;29.4
ALT;199507;228;0;50;72.3;964.2;130.0;20.6;13500;12.2;31.8
ALT;199508;153;0;69;79.8;964.7;209.3;17.5;7636;7.1;28.8
ALT;199509;121;0;76;78.2;962.1;113.3;12.7;6004;2.2;24.6
ALT;199510;103;0;43;80.3;970.2;1.4;12.2;9464;1.7;23.0
ALT;199511;53;0;55;74.8;965.6;81.2;5.6;4391;-5.5;20.8
ALT;199512;27;2;78;81.7;961.8;152.4;1.9;1855;-7.2;17.0
ALT;199601;32;0;81;79.7;960.5;3.7;2.7;1908;-4.8;17.2
ALT;199602;74;1;65;73.3;959.8;44.2;1.1;4494;-9.3;13.5
ALT;199603;123;0;60;67.2;961.8;61.9;4.1;8045;-6.2;19.0
ALT;199604;164;0;68;66.3;962.9;33.4;10.1;9001;-1.6;23.6
ALT;199605;192;0;71;73.9;960.8;187.2;13.1;8955;2.8;28.3
ALT;199606;235;0;59;70.9;967.2;86.1;17.5;11245;7.8;29.5
ALT;199607;213;0;58;74.6;965.9;199.1;17.5;10983;8.0;27.7
ALT;199608;172;0;66;81.7;964.4;166.7;17.1;8697;8.3;27.6
ALT;199609;133;0;68;77.8;962.7;43.1;11.9;6549;4.5;22.8
ALT;199610;78;0;69;78.9;966.3;113.4;10.3;5328;0.4;23.0
ALT;199611;45;1;73;76.6;960.5;153.0;5.8;2867;-5.3;18.0
ALT;199612;27;0;83;82.7;959.7;36.5;1.9;1223;-8.3;15.1
ALT;199701;30;0;91;86.5;967.7;8.5;0.1;711;-7.5;18.0
ALT;199702;84;0;58;71.1;971.0;84.0;4.1;6094;-4.9;17.8
ALT;199703;130;0;58;71.5;971.4;58.1;7.2;7696;-2.2;16.6
ALT;199704;194;0;53;64.2;965.8;107.9;8.2;10982;-2.5;21.0
ALT;199705;224;0;56;64.8;963.1;59.7;14.3;11553;1.7;28.2
ALT;199706;181;0;79;77.4;959.7;188.3;16.0;6339;6.9;30.2
ALT;199707;190;0;65;79.5;966.0;239.8;16.8;8373;9.3;26.5
ALT;199708;191;0;54;76.0;965.3;106.7;19.3;11679;8.3;29.4
ALT;199709;165;0;45;80.0;968.8;40.6;15.7;11566;6.8;26.1
ALT;199710;81;0;68;80.3;965.0;73.9;9.8;5325;-2.3;24.0
ALT;199711;51;0;65;76.6;958.0;43.2;6.0;3657;-2.0;21.8
ALT;199712;32;0;76;77.0;961.8;126.1;4.1;1988;-4.8;16.2
ALT;199801;49;0;59;73.2;966.1;47.0;2.5;4107;-6.7;14.5
ALT;199802;95;0;41;73.0;973.3;19.9;3.4;7715;-6.5;20.8
ALT;199803;116;0;69;68.8;969.9;62.9;5.8;5710;-4.4;20.2
ALT;199804;169;0;70;66.3;954.7;90.7;9.6;7941;-1.4;22.8
ALT;199805;226;0;55;60.6;962.7;32.0;15.4;11582;4.8;28.4
ALT;199806;229;0;64;68.4;965.5;178.0;17.9;10478;6.6;32.0
ALT;199807;195;0;67;72.5;963.4;111.4;18.9;8931;9.7;31.2
ALT;199808;190;0;59;73.0;966.2;116.7;18.8;11226;7.1;32.1
ALT;199809;112;0;78;77.1;961.3;168.9;14.4;5178;5.7;25.3
ALT;199810;70;0;78;78.2;964.0;118.2;10.2;3872;2.1;22.7
ALT;199811;48;0;68;76.8;965.9;79.3;2.7;3360;-7.4;15.7
ALT;199812;32;2;69;76.8;969.4;20.1;1.5;2149;-8.8;12.7
ALT;199901;42;1;62;74.4;965.0;84.2;2.4;3463;-7.3;13.9
ALT;199902;61;11;76;78.2;964.7;218.8;-0.3;3135;-12.7;8.4
ALT;199903;125;2;64;67.1;960.8;77.4;6.6;7670;-3.4;17.2
ALT;199904;170;1;71;70.8;962.3;109.1;9.1;8196;0.1;24.1
ALT;199905;199;0;65;69.5;963.6;188.8;15.8;9827;6.6;29.2
ALT;199906;206;0;69;73.4;966.2;167.3;15.7;8762;4.5;31.6
ALT;199907;203;0;61;72.6;964.5;78.6;19.1;10137;11.1;30.9
ALT;199908;161;0;72;78.3;963.0;161.3;18.3;7653;10.5;29.1
ALT;199909;144;0;56;73.6;962.0;121.7;17.2;9638;9.5;27.7
ALT;199910;88;0;66;74.5;965.5;38.7;11.2;6301;1.9;24.3
ALT;199911;42;3;74;81.6;968.3;77.0;2.9;2673;-7.4;18.4
ALT;199912;32;1;73;75.2;962.8;106.7;2.0;2243;-8.2;13.3
ALT;200001;42;2;67;79.3;972.4;36.0;0.1;3462;-10.8;10.9
ALT;200002;68;0;63;72.8;970.8;75.9;4.2;4151;-3.8;15.6
ALT;200003;112;0;67;71.2;967.7;111.2;6.3;6384;-3.2;18.0
ALT;200004;170;0;63;59.2;956.5;53.1;11.4;8877;0.1;24.5
ALT;200005;202;0;63;64.5;963.9;63.7;15.9;10278;6.0;28.9
ALT;200006;230;0;49;64.7;967.7;75.4;18.8;12229;8.4;30.9
ALT;200007;187;0;73;76.1;962.7;180.1;16.5;8827;6.7;31.8
ALT;200008;186;0;52;72.1;966.4;145.6;19.5;11781;11.9;33.6
ALT;200009;148;0;48;75.1;963.8;131.3;15.3;10062;5.6;25.8
ALT;200010;68;0;75;79.6;963.7;92.3;10.9;3601;2.3;20.0
ALT;200011;51;0;65;73.2;958.1;143.1;6.6;3358;-4.4;18.7
ALT;200012;34;0;73;73.6;961.0;15.4;5.1;2342;-5.2;19.0
ALT;200101;43;0;64;70.6;961.3;57.6;3.5;3164;-6.4;16.1
ALT;200102;78;1;65;67.8;965.8;96.0;4.1;5142;-6.8;16.8
ALT;200103;101;0;83;72.5;955.5;133.5;8.3;4296;-2.0;22.3
ALT;200104;156;0;82;69.8;961.7;163.8;7.7;6712;-0.5;20.6
ALT;200105;215;0;61;66.9;963.3;65.4;16.1;10949;5.6;28.8
ALT;200106;213;0;61;72.5;965.7;222.7;15.6;10785;4.4;29.3
ALT;200107;216;0;56;72.4;964.2;126.0;18.9;11869;10.9;31.1
ALT;200108;195;0;51;73.7;965.8;107.8;19.4;12470;8.7;31.6
ALT;200109;106;0;78;79.2;963.4;148.3;12.0;4362;3.7;22.7
ALT;200110;103;0;41;77.2;967.8;42.6;13.1;9053;4.0;24.8
ALT;200111;41;0;80;79.9;969.1;100.6;3.7;2704;-3.3;14.6
ALT;200112;32;2;75;75.7;969.5;72.9;0.1;2099;-10.9;12.2
ALT;200201;48;1;53;76.8;973.6;22.9;0.3;4449;-11.0;13.4
ALT;200202;64;0;73;70.6;964.9;93.9;5.9;3054;-4.9;19.7
ALT;200203;134;0;55;60.3;965.3;79.5;8.2;8933;-2.5;20.1
ALT;200204;175;0;63;64.7;961.7;86.3;9.9;9457;0.8;21.3
ALT;200205;205;0;64;65.3;962.5;317.6;14.0;10007;2.6;28.8
ALT;200206;232;0;56;68.0;964.7;113.7;19.4;12634;9.6;33.4
ALT;200207;198;0;60;74.5;963.8;157.7;18.5;10303;9.0;29.0
ALT;200208;170;0;66;78.3;963.6;200.8;17.9;8852;10.2;27.9
ALT;200209;123;0;72;79.2;965.6;171.4;13.6;6281;3.8;25.9
ALT;200210;88;0;62;74.3;962.9;81.1;10.7;6362;0.0;22.6
ALT;200211;39;0;73;79.0;958.9;342.7;7.6;2214;-0.9;17.4
ALT;200212;27;0;82;79.4;963.5;106.8;4.5;820;-3.8;15.8
ALT;200301;38;3;76;76.4;963.7;94.5;0.7;2396;-8.4;15.5
ALT;200302;94;10;52;68.7;966.9;43.6;-0.4;6290;-11.5;13.8
ALT;200303;155;0;44;60.8;969.9;22.7;7.3;11465;-3.0;19.6
ALT;200304;196;0;57;58.3;962.9;60.9;10.5;11415;-5.9;24.6
ALT;200305;202;0;69;66.1;966.1;65.4;15.7;9952;2.7;30.3
ALT;200306;256;0;44;63.1;964.7;86.8;22.2;14216;12.9;33.8
ALT;200307;211;0;52;67.4;965.3;114.2;20.3;11397;12.1;35.3
ALT;200308;214;0;40;60.8;965.8;79.8;22.7;14736;10.4;36.5
ALT;200309;153;0;49;70.4;968.3;51.0;15.1;10420;7.0;27.9
ALT;200310;79;0;70;75.4;961.0;149.1;8.4;5184;-3.3;23.6
ALT;200311;50;0;64;75.7;964.8;61.7;6.9;3330;-1.0;19.2
ALT;200312;37;1;61;68.2;966.2;42.7;3.5;2804;-8.9;18.9
ALT;200401;36;2;84;74.2;959.9;141.3;2.2;1683;-6.1;14.2
ALT;200402;77;1;66;68.1;967.1;32.8;2.6;4726;-6.8;16.5
ALT;200403;136;0;60;65.3;967.5;30.3;5.4;7901;-4.9;20.0
ALT;200404;189;0;67;63.4;960.4;63.7;10.3;9784;0.3;21.7
ALT;200405;206;0;61;70.0;962.3;122.7;12.4;10027;1.8;25.8
ALT;200406;201;0;72;76.2;966.5;266.5;16.3;9219;9.0;29.3
ALT;200407;205;0;62;73.5;965.7;121.2;18.4;10080;9.0;29.2
ALT;200408;176;0;64;75.5;963.2;101.2;18.8;9723;10.3;29.5
ALT;200409;146;0;53;79.1;968.7;86.2;15.4;9437;6.0;26.6
ALT;200410;86;0;68;80.0;961.2;91.6;12.5;6114;2.7;23.6
ALT;200411;41;0;70;79.8;968.2;24.1;4.6;2736;-4.1;13.1
ALT;200412;29;0;81;82.3;967.1;51.6;1.3;1714;-5.7;12.8
ALT;200501;44;4;60;79.5;971.1;84.6;-0.3;3222;-11.3;11.6
ALT;200502;86;12;65;74.9;964.4;55.3;-1.1;5381;-10.2;8.4
ALT;200503;146;2;56;69.6;964.3;18.5;5.6;9199;-12.2;19.4
ALT;200504;178;0;67;63.7;961.9;72.3;10.6;8901;0.5;25.3
ALT;200505;204;0;64;70.4;965.1;124.0;14.3;10746;3.1;29.7
ALT;200506;245;0;52;65.5;966.5;105.2;18.9;13495;4.7;32.2
ALT;200507;177;0;67;75.1;964.8;110.5;18.6;8273;8.5;30.9
ALT;200508;154;0;73;81.1;965.7;292.6;16.2;7855;8.1;26.6
ALT;200509;148;0;61;74.7;966.4;52.2;16.5;9633;5.7;28.3
ALT;200510;105;0;41;79.1;967.5;47.9;10.9;9206;3.4;22.1
ALT;200511;49;1;66;78.2;965.4;19.6;4.7;3386;-8.2;19.6
ALT;200512;34;5;73;75.8;965.3;89.4;0.2;2405;-12.6;14.1
ALT;200601;41;4;71;80.9;969.6;26.0;-0.7;2287;-8.1;13.1
ALT;200602;59;1;80;76.4;961.7;64.3;1.3;2322;-6.9;12.6
ALT;200603;110;2;75;74.0;959.4;97.1;3.7;5221;-11.8;21.9
ALT;200604;163;0;68;73.8;962.9;81.8;9.3;7811;-0.7;22.2
ALT;200605;185;0;71;71.0;965.2;158.5;14.0;8200;3.6;25.8
ALT;200606;237;0;55;69.2;968.0;112.8;18.0;12402;4.0;32.0
ALT;200607;240;0;39;68.5;967.3;89.5;22.2;14769;13.4;31.9
ALT;200608;132;0;77;80.0;962.6;248.1;15.2;5238;7.8;27.9
ALT;200609;149;0;55;74.2;964.5;132.8;17.4;9588;6.2;27.8
ALT;200610;100;0;51;72.6;964.1;34.2;13.8;8151;4.4;27.5
ALT;200611;53;0;54;70.6;968.1;45.7;8.4;4106;-1.8;21.0
ALT;200612;35;0;62;81.8;973.0;67.4;2.4;3050;-5.9;17.8
ALT;200701;40;0;70;80.4;969.4;46.3;3.7;2828;-5.9;18.4
ALT;200702;75;0;57;74.0;961.2;57.1;4.7;4826;-4.0;14.7
ALT;200703;134;0;54;72.1;963.4;109.7;6.0;8487;-3.3;17.2
ALT;200704;223;0;33;58.7;965.8;20.3;14.4;14995;1.2;26.7
ALT;200705;193;0;65;69.1;960.6;179.5;15.1;9445;3.5;28.0
ALT;200706;213;0;66;75.4;962.1;134.4;17.6;9813;8.5;30.6
ALT;200707;206;0;61;72.8;964.4;203.5;18.2;10471;8.1;34.1
ALT;200708;165;0;70;78.9;963.8;212.9;17.3;8635;9.6;29.7
ALT;200709;149;0;58;76.6;967.7;94.7;13.5;9642;6.0;23.8
ALT;200710;100;0;65;76.8;969.4;34.2;10.1;7932;-1.1;21.7
ALT;200711;45;1;74;77.0;967.0;90.3;4.2;2863;-7.8;17.5
ALT;200712;29;0;86;82.6;970.9;86.2;1.3;1699;-5.2;12.7
ALT;200801;48;0;60;71.2;968.5;70.8;4.0;4134;-5.9;14.5
ALT;200802;88;0;45;72.4;973.5;31.0;3.8;7158;-4.9;15.6
ALT;200803;114;0;80;70.0;957.4;84.4;5.3;5558;-6.7;18.2
ALT;200804;161;0;76;70.3;959.1;146.3;8.8;7370;-3.2;22.2
ALT;200805;221;0;64;57.7;961.4;18.0;16.7;11008;5.1;30.2
ALT;200806;204;0;68;73.9;964.6;87.0;17.8;8552;7.5;31.0
ALT;200807;209;0;61;71.5;964.8;184.2;18.5;10794;9.1;30.7
ALT;200808;182;0;63;77.0;964.2;172.6;18.1;10100;8.9;27.1
ALT;200809;134;0;69;78.2;965.3;152.6;13.6;7880;4.2;28.7
ALT;200810;82;1;67;81.7;966.4;141.9;10.1;5301;-0.7;19.6
ALT;200811;51;1;71;75.0;962.9;66.8;6.0;3567;-4.5;20.5
ALT;200812;30;0;79;81.6;965.7;64.9;2.2;2193;-6.2;13.1
ALT;200901;35;0;80;80.6;962.6;31.2;-0.3;1973;-5.9;12.5
ALT;200902;73;3;75;73.3;962.3;61.2;2.2;3671;-9.1;14.1
ALT;200903;117;0;76;73.6;963.7;107.1;4.7;5406;-4.8;14.3
ALT;200904;202;0;54;61.9;961.7;67.5;12.0;10498;1.6;21.4
ALT;200905;235;0;57;65.5;967.4;63.3;16.2;11293;2.5;31.3
ALT;200906;211;0;67;76.1;964.9;171.1;16.6;8624;7.3;28.2
ALT;200907;198;0;66;75.2;965.8;188.6;18.8;8420;9.6;29.6
ALT;200908;197;0;51;77.5;967.1;133.1;19.6;11103;8.6;29.9
ALT;200909;160;0;57;80.6;968.4;58.8;15.8;9859;6.6;27.4
ALT;200910;92;0;66;76.1;966.8;93.2;10.4;6175;-1.4;25.0
ALT;200911;53;0;67;79.9;961.4;131.4;7.7;3681;-1.2;20.0
ALT;200912;34;3;84;75.8;957.5;61.0;2.1;2081;-11.9;16.8
ALT;201001;42;4;81;80.7;961.6;26.3;-0.8;2625;-10.0;8.2
ALT;201002;85;3;67;65.9;954.3;16.8;2.5;4599;-13.1;14.3
ALT;201003;134;2;68;65.7;965.3;57.8;5.5;7177;-8.4;20.1
ALT;201004;186;0;65;68.5;966.3;20.0;9.9;8990;-2.1;24.9
ALT;201005;159;0;82;78.2;962.4;185.2;12.2;4294;4.8;26.7
ALT;201006;215;0;63;74.5;963.7;98.3;17.2;9144;6.1;28.5
ALT;201007;225;0;53;75.2;967.0;214.2;19.8;11747;8.9;33.0
ALT;201008;155;0;75;80.9;965.5;259.0;17.2;6485;6.4;28.4
ALT;201009;149;0;64;79.9;965.3;110.5;13.5;7710;3.9;22.0
ALT;201010;89;0;70;74.6;963.2;41.8;10.4;6052;-0.9;24.2
ALT;201011;50;0;74;79.0;956.8;77.1;6.0;3204;-7.3;20.3
ALT;201012;35;1;83;74.7;960.4;45.7;1.4;2159;-10.4;16.9
ALT;201101;50;1;67;75.0;967.5;37.5;2.3;4147;-7.2;16.6
ALT;201102;83;0;57;76.5;966.8;20.9;2.7;5961;-5.3;14.2
ALT;201103;133;0;57;69.1;968.5;25.7;7.1;8415;-3.4;19.6
ALT;201104;216;0;43;64.1;966.5;34.2;12.2;12562;-0.3;23.7
ALT;201105;227;0;53;67.5;967.5;101.7;15.3;11674;3.6;29.4
ALT;201106;196;0;71;74.4;966.3;151.0;17.2;6939;8.3;30.9
ALT;201107;203;0;69;74.8;963.2;150.0;17.0;8103;8.8;32.6
ALT;201108;209;0;51;73.4;965.5;103.4;19.5;12095;9.0;31.0
ALT;201109;158;0;55;80.4;967.5;90.3;16.5;10228;7.0;27.1
ALT;201110;115;0;44;80.7;969.6;117.1;9.9;9798;-1.7;21.6
ALT;201111;56;0;59;82.6;969.4;0.0;5.5;4264;-3.8;23.1
ALT;201112;26;1;82;82.6;966.8;177.4;3.5;1563;-7.3;16.9
ALT;201201;33;0;76;82.0;970.6;137.4;2.3;1756;-8.5;12.8
ALT;201202;85;1;69;72.4;972.7;25.3;-2.2;5583;-14.4;11.6
ALT;201203;161;0;33;69.2;973.7;27.8;7.2;11982;-3.2;19.2
ALT;201204;172;0;76;67.6;955.1;61.2;10.2;6554;-1.9;26.6
ALT;201205;232;0;62;68.4;964.3;88.4;14.5;10787;1.0;27.9
ALT;201206;215;0;65;77.8;964.1;161.1;17.5;8802;6.9;32.8
ALT;201207;213;0;62;76.6;965.7;112.6;18.3;9279;7.3;30.9
ALT;201208;209;0;50;76.5;966.7;150.1;19.6;11775;9.2;31.0
ALT;201209;152;0;58;79.3;965.6;131.5;14.8;8930;3.6;25.8
ALT;201210;85;0;62;80.4;962.2;103.3;11.1;5895;-2.3;28.6
ALT;201211;52;0;80;83.9;962.7;58.2;6.2;3451;-2.5;20.3
ALT;201212;33;5;76;79.7;963.7;135.4;2.6;1966;-13.3;17.4
ALT;201301;43;1;81;82.4;963.4;50.5;1.4;2661;-7.9;13.4
ALT;201302;78;4;80;77.4;962.0;69.6;-0.1;3569;-14.3;9.2
ALT;201303;115;0;78;69.1;955.3;16.3;4.9;4857;-8.4;18.4
ALT;201304;170;0;70;73.6;963.0;84.6;9.4;6803;-3.8;23.6
ALT;201305;183;0;77;76.9;960.8;189.6;11.7;5911;3.8;23.7
ALT;201306;211;0;67;73.9;966.7;123.2;16.4;8007;7.4;34.6
ALT;201307;256;0;48;74.6;967.9;112.4;20.0;13720;8.3;33.2
ALT;201308;199;0;55;75.5;967.1;103.8;18.6;10622;8.7;31.2
ALT;201309;137;0;64;81.6;965.7;120.0;14.7;7343;5.8;27.0
ALT;201310;90;0;69;80.1;966.1;68.1;12.9;5720;4.2;24.6
ALT;201311;46;0;72;82.3;964.5;93.5;4.6;3008;-5.8;18.0
ALT;201312;40;0;47;82.1;971.6;43.7;1.7;4152;-7.0;15.1
ALT;201401;45;0;72;79.4;959.6;49.9;3.7;3043;-5.1;14.4
ALT;201402;89;0;65;69.9;959.2;52.5;5.5;5736;-3.4;14.9
ALT;201403;154;0;51;70.1;965.2;32.3;7.1;9969;-3.0;21.0
ALT;201404;192;0;67;68.2;962.8;65.7;11.4;8956;-0.6;20.9
ALT;201405;207;0;72;70.8;964.9;119.9;13.2;7621;2.3;26.9
ALT;201406;247;0;61;72.1;965.4;161.9;17.7;11430;6.8;31.7
ALT;201407;186;0;74;79.4;963.9;211.5;18.2;7440;8.0;29.8
ALT;201408;161;0;77;80.1;964.5;164.3;16.8;6061;7.6;30.3
ALT;201409;145;0;61;81.5;966.7;71.5;15.1;7577;5.8;24.4
ALT;201410;105;0;61;79.1;966.8;109.9;12.9;7782;0.4;25.3
ALT;201411;59;0;73;84.4;960.7;134.3;7.9;4579;-1.1;20.2
ALT;201412;27;1;81;82.3;968.8;60.4;3.8;1413;-7.2;14.8
ALT;201501;43;2;75;78.7;966.9;99.4;2.7;2467;-7.5;14.5
ALT;201502;71;2;71;78.8;964.3;22.7;0.8;3056;-8.9;11.1
ALT;201503;131;0;65;70.5;968.0;88.7;6.8;8041;-3.8;20.1
ALT;201504;193;0;59;67.1;968.5;69.5;9.8;9928;-3.0;21.1
ALT;201505;190;0;77;73.8;965.6;150.9;14.2;7596;5.1;27.7
ALT;201506;230;0;67;73.3;967.5;110.1;18.3;10049;8.9;29.2
ALT;201507;238;0;53;66.9;965.7;51.1;21.8;12367;9.2;33.4
ALT;201508;207;0;55;74.7;965.4;71.5;19.9;11549;9.4;32.3
ALT;201509;119;0;77;78.5;966.3;95.8;13.9;5430;4.2;27.0
ALT;201510;94;0;75;82.8;966.2;52.2;10.0;5587;1.1;21.6
ALT;201511;62;0;49;83.1;970.5;80.3;6.3;5664;-6.2;23.4
ALT;201512;42;0;41;89.1;977.7;16.3;2.4;4365;-5.5;11.1
ALT;201601;42;1;74;84.5;964.2;92.6;2.6;2642;-13.1;10.9
ALT;201602;72;0;76;75.5;961.6;98.8;5.1;4154;-3.1;15.7
ALT;201603;141;0;61;69.5;962.0;42.4;5.7;7491;-3.5;20.6
ALT;201604;173;0;75;70.8;961.4;96.7;10.1;7238;-1.4;21.2
ALT;201605;207;0;72;67.8;962.5;183.3;13.8;8941;0.9;25.8
ALT;201606;213;0;76;81.2;964.4;193.5;16.6;7710;8.1;30.8
ALT;201607;223;0;59;77.3;967.7;130.7;19.2;10581;6.7;31.7
ALT;201608;199;0;56;78.7;969.1;137.1;18.4;10641;9.0;30.3
ALT;201609;164;0;55;79.3;968.0;85.9;16.7;10556;7.1;26.5
ALT;201610;87;0;72;81.6;968.6;67.8;9.9;5127;0.7;23.1
ALT;201611;46;0;83;74.3;964.3;35.6;7.6;2251;-4.1;19.8
ALT;201612;37;0;60;88.7;978.1;3.6;0.4;3395;-6.4;12.8
ALT;201701;40;6;86;78.8;970.4;77.6;-1.0;2085;-13.7;13.1
ALT;201702;86;0;64;77.3;966.2;44.8;4.8;5826;-4.3;16.7
ALT;201703;140;0;69;73.5;966.2;144.0;8.5;8896;-2.4;22.3
ALT;201704;183;0;64;72.0;967.6;97.6;9.1;8673;-2.8;22.7
ALT;201705;245;0;63;68.9;965.7;44.6;15.0;11893;1.3;28.5
ALT;201706;243;0;66;71.8;964.9;131.9;19.6;11112;5.6;34.5
ALT;201707;202;0;76;74.1;965.8;107.0;19.4;8122;10.6;32.1
ALT;201708;186;0;67;78.3;967.3;209.0;19.2;9994;9.3;33.9
ALT;201709;130;0;73;81.1;965.9;141.3;13.0;5883;3.4;23.9
ALT;201710;108;0;54;80.8;971.1;95.9;10.6;8222;1.2;19.9
ALT;201711;53;0;73;79.7;966.2;93.9;5.0;3656;-3.6;18.5
ALT;201712;33;0;84;81.0;966.2;79.6;2.1;2330;-6.6;13.7
ALT;201801;43;0;78;76.6;964.7;205.6;5.7;3107;-4.9;17.7
ALT;201802;63;2;87;75.5;962.2;49.9;0.1;2708;-11.0;8.7
ALT;201803;111;0;81;71.6;953.3;103.7;5.6;4203;-6.7;19.0
ALT;201804;213;0;61;58.0;962.2;24.7;13.4;11265;-2.0;25.3
ALT;201805;218;0;70;75.6;963.5;89.7;15.2;10086;5.7;27.1
ALT;201806;261;0;63;70.9;965.2;62.9;18.7;12221;8.5;29.5
ALT;201807;237;0;55;68.9;965.0;106.4;20.6;12150;10.6;31.1
ALT;201808;198;0;62;74.1;966.8;129.2;19.9;10909;9.1;32.1
ALT;201809;166;0;56;77.3;969.9;70.9;16.3;10417;3.4;28.3
ALT;201810;107;0;56;73.8;966.1;90.3;12.2;8823;2.0;23.7
ALT;201811;50;0;73;79.2;964.7;3.0;7.5;3365;-2.6;21.5
ALT;201812;30;0;78;85.0;970.3;190.6;3.8;2167;-7.7;13.3