stn;time;gre000m0;sre000m0;hto000m0;nto000m0;prestam0;tre200mn;tre200mx;ure200m0;rre150m0;tre200m0
MER;188907;-;-;-;-;-;-;-;-;176.1;16.4
MER;188908;-;-;-;-;-;-;-;-;108.9;15.8
MER;188909;-;-;-;-;-;-;-;-;93.8;11.8
MER;188910;-;-;-;-;-;-;-;-;182.5;7.8
MER;188911;-;-;-;-;-;-;-;-;75.2;1.7
MER;188912;-;-;-;-;-;-;-;-;41.0;-4.4
MER;189001;-;-;-;-;-;-;-;-;69.7;-0.1
MER;189002;-;-;-;-;-;-;-;-;4.1;-2.6
MER;189003;-;-;-;-;-;-;-;-;55.4;3.5
MER;189004;-;-;-;-;-;-;-;-;127.3;7.7
MER;189005;-;-;-;-;-;-;-;-;78.6;13.6
MER;189006;-;-;-;-;-;-;-;-;161.5;14.6
MER;189007;-;-;-;-;-;-;-;-;140.0;15.4
MER;189008;-;-;-;-;-;-;-;-;299.2;15.7
MER;189009;-;-;-;-;-;-;-;-;29.9;13.1
MER;189010;-;-;-;-;-;-;-;-;132.9;6.1
MER;189011;-;-;-;-;-;-;-;-;82.8;2.1
MER;189012;-;-;-;-;-;-;-;-;32.5;-4.8
MER;189101;-;-;-;-;-;-;-;-;48.2;-7.1
MER;189102;-;-;-;-;-;-;-;-;7.8;-3.7
MER;189103;-;-;-;-;-;-;-;-;81.2;3.4
MER;189104;-;-;-;-;-;-;-;-;94.9;5.9
MER;189105;-;-;-;-;-;-;-;-;114.1;12.2
MER;189106;-;-;-;-;-;-;-;-;129.8;15.6
MER;189107;-;-;-;-;-;-;-;-;273.9;15.8
MER;189108;-;-;-;-;-;-;-;-;136.2;15.2
MER;189109;-;-;-;-;-;-;-;-;77.3;13.6
MER;189110;-;-;-;-;-;-;-;-;88.2;9.3
MER;189111;-;-;-;-;-;-;-;-;77.5;2.7
MER;189112;-;-;-;-;-;-;-;-;172.0;-1.4
MER;189201;-;-;-;-;-;-;-;-;84.3;-1.7
MER;189202;-;-;-;-;-;-;-;-;115.1;1.7
MER;189203;-;-;-;-;-;-;-;-;29.8;1.8
MER;189204;-;-;-;-;-;-;-;-;86.7;7.8
MER;189205;-;-;-;-;-;-;-;-;57.0;12.7
MER;189206;-;-;-;-;-;-;-;-;145.5;15.6
MER;189207;-;-;-;-;-;-;-;-;172.6;16.5
MER;189208;-;-;-;-;-;-;-;-;159.4;17.4
MER;189209;-;-;-;-;-;-;-;-;130.5;13.1
MER;189210;-;-;-;-;-;-;-;-;88.4;8.7
MER;189211;-;-;-;-;-;-;-;-;32.3;4.6
MER;189212;-;-;-;-;-;-;-;-;67.2;-3.4
MER;189301;-;-;-;-;-;-;-;-;74.9;-6.4
MER;189302;-;-;-;-;-;-;-;-;114.0;1.3
MER;189303;-;-;-;-;-;-;-;-;29.2;5.1
MER;189304;-;-;-;-;-;-;-;-;5.3;11.7
MER;189305;-;-;-;-;-;-;-;-;112.7;12.5
MER;189306;-;-;-;-;-;-;-;-;155.6;15.4
MER;189307;-;-;-;-;-;-;-;-;246.1;16.7
MER;189308;-;-;-;-;-;-;-;-;84.8;17.5
MER;189309;-;-;-;-;-;-;-;-;128.6;13.5
MER;189310;-;-;-;-;-;-;-;-;78.1;9.9
MER;189311;-;-;-;-;-;-;-;-;91.1;2.2
MER;189312;-;-;-;-;-;-;-;-;30.9;-1.6
MER;189401;-;-;-;-;-;-;-;-;26.0;-3.0
MER;189402;-;-;-;-;-;-;-;-;90.9;-0.6
MER;189403;-;-;-;-;-;-;-;-;75.7;4.4
MER;189404;-;-;-;-;-;-;-;-;60.2;10.4
MER;189405;-;-;-;-;-;-;-;-;126.5;11.6
MER;189406;-;-;-;-;-;-;-;-;109.5;14.9
MER;189407;-;-;-;-;-;-;-;-;178.4;17.8
MER;189408;-;-;-;-;-;-;-;-;186.6;15.9
MER;189409;-;-;-;-;-;-;-;-;86.1;12.1
MER;189410;-;-;-;-;-;-;-;-;111.9;8.4
MER;189411;-;-;-;-;-;-;-;-;37.8;4.0
MER;189412;-;-;-;-;-;-;-;-;94.1;-2.7
MER;189501;-;-;-;-;-;-;-;-;83.9;-5.1
MER;189502;-;-;-;-;-;-;-;-;59.8;-6.7
MER;189503;-;-;-;-;-;-;-;-;121.1;2.2
MER;189504;-;-;-;-;-;-;-;-;76.9;9.0
MER;189505;-;-;-;-;-;-;-;-;103.1;12.3
MER;189506;-;-;-;-;-;-;-;-;123.3;15.9
MER;189507;-;-;-;-;-;-;-;-;110.1;18.0
MER;189508;-;-;-;-;-;-;-;-;156.8;16.2
MER;189509;-;-;-;-;-;-;-;-;12.6;16.2
MER;189510;-;-;-;-;-;-;-;-;150.9;7.2
MER;189511;-;-;-;-;-;-;-;-;67.7;5.2
MER;189512;-;-;-;-;-;-;-;-;183.7;-0.2
MER;189601;-;-;-;-;-;-;-;-;46.7;-4.7
MER;189602;-;-;-;-;-;-;-;-;39.8;-2.5
MER;189603;-;-;-;-;-;-;-;-;251.0;5.7
MER;189604;-;-;-;-;-;-;-;-;174.1;5.8
MER;189605;-;-;-;-;-;-;-;-;61.3;10.5
MER;189606;-;-;-;-;-;-;-;-;161.5;15.0
MER;189607;-;-;-;-;-;-;-;-;205.0;17.0
MER;189608;-;-;-;-;-;-;-;-;197.4;14.0
MER;189609;-;-;-;-;-;-;-;-;192.7;12.2
MER;189610;-;-;-;-;-;-;-;-;182.6;6.9
MER;189611;-;-;-;-;-;-;-;-;72.4;1.5
MER;189612;-;-;-;-;-;-;-;-;50.0;0.2
MER;189701;-;-;-;-;-;-;-;-;27.3;-0.9
MER;189702;-;-;-;-;-;-;-;-;197.8;2.8
MER;189703;-;-;-;-;-;-;-;-;86.6;6.5
MER;189704;-;-;-;-;-;-;-;-;93.6;7.7
MER;189705;-;-;-;-;-;-;-;-;116.5;10.6
MER;189706;-;-;-;-;-;-;-;-;99.9;16.4
MER;189707;-;-;-;-;-;-;-;-;137.8;17.6
MER;189708;-;-;-;-;-;-;-;-;227.8;16.2
MER;189709;-;-;-;-;-;-;-;-;258.2;11.9
MER;189710;-;-;-;-;-;-;-;-;24.1;6.8
MER;189711;-;-;-;-;-;-;-;-;37.7;2.1
MER;189712;-;-;-;-;-;-;-;-;61.8;-1.5
MER;189801;-;-;-;-;-;-;-;-;20.2;-1.0
MER;189802;-;-;-;-;-;-;-;-;217.7;0.0
MER;189803;-;-;-;-;-;-;-;-;76.4;2.7
MER;189804;-;-;-;-;-;-;-;-;102.5;8.3
MER;189805;-;-;-;-;-;-;-;-;135.7;11.2
MER;189806;-;-;-;-;-;-;-;-;211.6;13.8
MER;189807;-;-;-;-;-;-;-;-;194.4;15.6
MER;189808;-;-;-;-;-;-;-;-;82.3;17.7
MER;189809;-;-;-;-;-;-;-;-;58.4;15.0
MER;189810;-;-;-;-;-;-;-;-;124.9;9.8
MER;189811;-;-;-;-;-;-;-;-;120.3;5.0
MER;189812;-;-;-;-;-;-;-;-;82.9;-2.5
MER;189901;-;-;-;-;-;-;-;-;196.2;0.6
MER;189902;-;-;-;-;-;-;-;-;20.9;1.3
MER;189903;-;-;-;-;-;-;-;-;49.0;3.8
MER;189904;-;-;-;-;-;-;-;-;144.6;7.5
MER;189905;-;-;-;-;-;-;-;-;141.1;11.5
MER;189906;-;-;-;-;-;-;-;-;93.5;15.6
MER;189907;-;-;-;-;-;-;-;-;94.0;17.1
MER;189908;-;-;-;-;-;-;-;-;101.1;17.6
MER;189909;-;-;-;-;-;-;-;-;159.8;13.0
MER;189910;-;-;-;-;-;-;-;-;65.9;9.1
MER;189911;-;-;-;-;-;-;-;-;25.5;3.3
MER;189912;-;-;-;-;-;-;-;-;98.1;-2.3
MER;190001;-;-;-;-;-;-;-;-;151.4;0.0
MER;190002;-;-;-;-;-;-;-;-;107.6;2.6
MER;190003;-;-;-;-;-;-;-;-;76.0;0.9
MER;190004;-;-;-;-;-;-;-;-;101.2;7.0
MER;190005;-;-;-;-;-;-;-;-;128.3;11.4
MER;190006;-;-;-;-;-;-;-;-;86.3;16.3
MER;190007;-;-;-;-;-;-;-;-;232.2;17.7
MER;190008;-;-;-;-;-;-;-;-;120.9;15.7
MER;190009;-;-;-;-;-;-;-;-;34.9;15.2
MER;190010;-;-;-;-;-;-;-;-;80.3;8.5
MER;190011;-;-;-;-;-;-;-;-;77.3;4.7
MER;190012;-;-;-;-;-;-;-;-;123.5;0.1
MER;190101;-;-;-;-;-;-;-;-;93.5;-2.4
MER;190102;-;-;-;-;-;-;-;-;46.6;-5.0
MER;190103;-;-;-;-;-;-;-;-;104.1;2.4
MER;190104;-;-;-;-;-;-;-;-;233.2;8.2
MER;190105;-;-;-;-;-;-;-;-;57.2;12.2
MER;190106;-;-;-;-;-;-;-;-;173.9;15.7
MER;190107;-;-;-;-;-;-;-;-;161.1;17.5
MER;190108;-;-;-;-;-;-;-;-;203.4;15.9
MER;190109;-;-;-;-;-;-;-;-;181.9;14.3
MER;190110;-;-;-;-;-;-;-;-;104.0;8.2
MER;190111;-;-;-;-;-;-;-;-;36.2;0.8
MER;190112;-;-;-;-;-;-;-;-;91.7;-0.3
MER;190201;-;-;-;-;-;-;-;-;68.1;-1.1
MER;190202;-;-;-;-;-;-;-;-;74.8;-0.3
MER;190203;-;-;-;-;-;-;-;-;227.8;3.3
MER;190204;-;-;-;-;-;-;-;-;54.3;10.5
MER;190205;-;-;-;-;-;-;-;-;151.8;8.4
MER;190206;-;-;-;-;-;-;-;-;93.6;14.3
MER;190207;-;-;-;-;-;-;-;-;157.1;17.1
MER;190208;-;-;-;-;-;-;-;-;160.1;15.5
MER;190209;-;-;-;-;-;-;-;-;128.1;13.3
MER;190210;-;-;-;-;-;-;-;-;135.8;7.8
MER;190211;-;-;-;-;-;-;-;-;21.3;3.1
MER;190212;-;-;-;-;-;-;-;-;159.0;-1.2
MER;190301;-;-;-;-;-;-;-;-;43.8;-1.7
MER;190302;-;-;-;-;-;-;-;-;51.4;0.5
MER;190303;-;-;-;-;-;-;-;-;106.0;5.2
MER;190304;-;-;-;-;-;-;-;-;146.8;5.0
MER;190305;-;-;-;-;-;-;-;-;109.0;12.6
MER;190306;-;-;-;-;-;-;-;-;112.3;14.5
MER;190307;-;-;-;-;-;-;-;-;224.9;15.9
MER;190308;-;-;-;-;-;-;-;-;166.8;16.2
MER;190309;-;-;-;-;-;-;-;-;80.8;13.3
MER;190310;-;-;-;-;-;-;-;-;155.2;8.9
MER;190311;-;-;-;-;-;-;-;-;116.0;3.0
MER;190312;-;-;-;-;-;-;-;-;59.9;-1.1
MER;190401;-;-;-;-;-;-;-;-;60.4;-3.0
MER;190402;-;-;-;-;-;-;-;-;118.3;1.3
MER;190403;-;-;-;-;-;-;-;-;81.4;4.2
MER;190404;-;-;-;-;-;-;-;-;143.7;9.9
MER;190405;-;-;-;-;-;-;-;-;167.6;13.0
MER;190406;-;-;-;-;-;-;-;-;129.6;16.1
MER;190407;-;-;-;-;-;-;-;-;61.4;18.9
MER;190408;-;-;-;-;-;-;-;-;112.3;17.2
MER;190409;-;-;-;-;-;-;-;-;129.6;12.0
MER;190410;-;-;-;-;-;-;-;-;78.4;8.3
MER;190411;-;-;-;-;-;-;-;-;52.2;1.7
MER;190412;-;-;-;-;-;-;-;-;86.7;-1.0
MER;190501;-;-;-;-;-;-;-;-;93.6;-3.8
MER;190502;-;-;-;-;-;-;-;-;39.5;-1.2
MER;190503;-;-;-;-;-;-;-;-;115.1;4.4
MER;190504;-;-;-;-;-;-;-;-;146.8;8.6
MER;190505;-;-;-;-;-;-;-;-;125.0;11.0
MER;190506;-;-;-;-;-;-;-;-;104.6;16.2
MER;190507;-;-;-;-;-;-;-;-;149.1;19.2
MER;190508;-;-;-;-;-;-;-;-;252.4;16.5
MER;190509;-;-;-;-;-;-;-;-;158.8;13.9
MER;190510;-;-;-;-;-;-;-;-;149.7;4.2
MER;190511;-;-;-;-;-;-;-;-;125.6;3.8
MER;190512;-;-;-;-;-;-;-;-;45.1;-2.3
MER;190601;-;-;-;-;-;-;-;-;65.3;-1.2
MER;190602;-;-;-;-;-;-;-;-;92.1;-1.4
MER;190603;-;-;-;-;-;-;-;-;87.5;2.2
MER;190604;-;-;-;-;-;-;-;-;64.9;8.0
MER;190605;-;-;-;-;-;-;-;-;134.8;11.6
MER;190606;-;-;-;-;-;-;-;-;101.1;14.4
MER;190607;-;-;-;-;-;-;-;-;133.0;16.9
MER;190608;-;-;-;-;-;-;-;-;133.2;16.9
MER;190609;-;-;-;-;-;-;-;-;68.8;12.6
MER;190610;-;-;-;-;-;-;-;-;38.8;10.5
MER;190611;-;-;-;-;-;-;-;-;96.8;4.6
MER;190612;-;-;-;-;-;-;-;-;126.2;-3.7
MER;190701;-;-;-;-;-;-;-;-;142.7;-2.1
MER;190702;-;-;-;-;-;-;-;-;58.0;-3.4
MER;190703;-;-;-;-;-;-;-;-;123.5;1.8
MER;190704;-;-;-;-;-;-;-;-;90.8;6.8
MER;190705;-;-;-;-;-;-;-;-;84.8;13.3
MER;190706;-;-;-;-;-;-;-;-;102.4;15.3
MER;190707;-;-;-;-;-;-;-;-;178.8;15.4
MER;190708;-;-;-;-;-;-;-;-;116.7;17.2
MER;190709;-;-;-;-;-;-;-;-;42.0;14.3
MER;190710;-;-;-;-;-;-;-;-;124.0;10.7
MER;190711;-;-;-;-;-;-;-;-;19.2;4.6
MER;190712;-;-;-;-;-;-;-;-;111.2;0.7
MER;190801;-;-;-;-;-;-;-;-;56.1;-4.1
MER;190802;-;-;-;-;-;-;-;-;146.0;-0.3
MER;190803;-;-;-;-;-;-;-;-;50.3;2.7
MER;190804;-;-;-;-;-;-;-;-;91.6;6.5
MER;190805;-;-;-;-;-;-;-;-;152.8;13.9
MER;190806;-;-;-;-;-;-;-;-;60.0;17.3
MER;190807;-;-;-;-;-;-;-;-;253.9;16.4
MER;190808;-;-;-;-;-;-;-;-;120.8;15.6
MER;190809;-;-;-;-;-;-;-;-;148.8;12.7
MER;190810;-;-;-;-;-;-;-;-;14.1;8.6
MER;190811;-;-;-;-;-;-;-;-;87.9;1.9
MER;190812;-;-;-;-;-;-;-;-;57.6;-0.9
MER;190901;-;-;-;-;-;-;-;-;46.5;-4.1
MER;190902;-;-;-;-;-;-;-;-;28.4;-2.2
MER;190903;-;-;-;-;-;-;-;-;62.4;2.3
MER;190904;-;-;-;-;-;-;-;-;76.4;9.9
MER;190905;-;-;-;-;-;-;-;-;112.8;11.7
MER;190906;-;-;-;-;-;-;-;-;216.2;14.0
MER;190907;-;-;-;-;-;-;-;-;201.1;14.9
MER;190908;-;-;-;-;-;-;-;-;167.8;16.2
MER;190909;-;-;-;-;-;-;-;-;81.3;12.7
MER;190910;-;-;-;-;-;-;-;-;101.3;9.6
MER;190911;-;-;-;-;-;-;-;-;59.0;1.5
MER;190912;-;-;-;-;-;-;-;-;135.5;1.8
MER;191001;-;-;-;-;-;-;-;-;186.5;-1.0
MER;191002;-;-;-;-;-;-;-;-;126.7;0.9
MER;191003;-;-;-;-;-;-;-;-;19.5;4.6
MER;191004;-;-;-;-;-;-;-;-;117.6;7.9
MER;191005;-;-;-;-;-;-;-;-;113.4;11.3
MER;191006;-;-;-;-;-;-;-;-;198.8;15.5
MER;191007;-;-;-;-;-;-;-;-;164.9;15.0
MER;191008;-;-;-;-;-;-;-;-;251.4;15.5
MER;191009;-;-;-;-;-;-;-;-;159.1;11.2
MER;191010;-;-;-;-;-;-;-;-;94.8;9.5
MER;191011;-;-;-;-;-;-;-;-;174.7;2.6
MER;191012;-;-;-;-;-;-;-;-;96.2;3.4
MER;191101;-;-;-;-;-;-;-;-;25.9;-5.6
MER;191102;-;-;-;-;-;-;-;-;65.4;-0.8
MER;191103;-;-;-;-;-;-;-;-;130.2;5.0
MER;191104;-;-;-;-;-;-;-;-;67.1;7.4
MER;191105;-;-;-;-;-;-;-;-;89.4;12.5
MER;191106;-;-;-;-;-;-;-;-;202.6;14.7
MER;191107;-;-;-;-;-;-;-;-;48.2;19.1
MER;191108;-;-;-;-;-;-;-;-;99.0;19.1
MER;191109;-;-;-;-;-;-;-;-;115.7;15.2
MER;191110;-;-;-;-;-;-;-;-;98.9;8.7
MER;191111;-;-;-;-;-;-;-;-;64.0;4.8
MER;191112;-;-;-;-;-;-;-;-;109.7;1.9
MER;191201;-;-;-;-;-;-;-;-;90.8;1.2
MER;191202;-;-;-;-;-;-;-;-;63.3;4.1
MER;191203;-;-;-;-;-;-;-;-;86.8;6.6
MER;191204;-;-;-;-;-;-;-;-;46.8;7.3
MER;191205;-;-;-;-;-;-;-;-;166.6;12.9
MER;191206;-;-;-;-;-;-;-;-;220.5;15.2
MER;191207;-;-;-;-;-;-;-;-;145.0;15.9
MER;191208;-;-;-;-;-;-;-;-;190.5;13.9
MER;191209;-;-;-;-;-;-;-;-;85.2;8.9
MER;191210;-;-;-;-;-;-;-;-;137.3;7.0
MER;191211;-;-;-;-;-;-;-;-;83.3;0.6
MER;191212;-;-;-;-;-;-;-;-;66.5;-1.7
MER;191301;-;-;-;-;-;-;-;-;86.7;0.1
MER;191302;-;-;-;-;-;-;-;-;27.0;-0.2
MER;191303;-;-;-;-;-;-;-;-;62.3;6.4
MER;191304;-;-;-;-;-;-;-;-;85.8;7.8
MER;191305;-;-;-;-;-;-;-;-;128.6;11.9
MER;191306;-;-;-;-;-;-;-;-;220.7;14.7
MER;191307;-;-;-;-;-;-;-;-;210.5;14.0
MER;191308;-;-;-;-;-;-;-;-;159.8;15.6
MER;191309;-;-;-;-;-;-;-;-;124.1;12.6
MER;191310;-;-;-;-;-;-;-;-;22.0;11.0
MER;191311;-;-;-;-;-;-;-;-;112.6;5.6
MER;191312;-;-;-;-;-;-;-;-;116.9;-1.0
MER;191401;-;-;-;-;-;-;-;-;154.4;-5.7
MER;191402;-;-;-;-;-;-;-;-;65.4;1.3
MER;191403;-;-;-;-;-;-;-;-;226.2;4.1
MER;191404;-;-;-;-;-;-;-;-;57.4;10.3
MER;191405;-;-;-;-;-;-;-;-;157.2;10.7
MER;191406;-;-;-;-;-;-;-;-;144.6;13.7
MER;191407;-;-;-;-;-;-;-;-;215.4;15.3
MER;191408;-;-;-;-;-;-;-;-;180.5;16.0
MER;191409;-;-;-;-;-;-;-;-;68.8;12.6
MER;191410;-;-;-;-;-;-;-;-;116.9;8.4
MER;191411;-;-;-;-;-;-;-;-;77.2;2.2
MER;191412;-;-;-;-;-;-;-;-;39.3;1.8
MER;191501;-;-;-;-;-;-;-;-;120.9;-0.7
MER;191502;-;-;-;-;-;-;-;-;54.4;-0.4
MER;191503;-;-;-;-;-;-;-;-;119.3;2.7
MER;191504;-;-;-;-;-;-;-;-;82.5;6.6
MER;191505;-;-;-;-;-;-;-;-;70.0;14.4
MER;191506;-;-;-;-;-;-;-;-;95.6;16.8
MER;191507;-;-;-;-;-;-;-;-;194.5;15.5
MER;191508;-;-;-;-;-;-;-;-;125.8;15.0
MER;191509;-;-;-;-;-;-;-;-;166.3;11.7
MER;191510;-;-;-;-;-;-;-;-;31.0;6.4
MER;191511;-;-;-;-;-;-;-;-;51.5;0.7
MER;191512;-;-;-;-;-;-;-;-;87.5;2.5
MER;191601;-;-;-;-;-;-;-;-;86.9;0.4
MER;191602;-;-;-;-;-;-;-;-;134.3;1.6
MER;191603;-;-;-;-;-;-;-;-;92.9;4.9
MER;191604;-;-;-;-;-;-;-;-;171.3;8.0
MER;191605;-;-;-;-;-;-;-;-;91.5;13.0
MER;191606;-;-;-;-;-;-;-;-;197.5;12.9
MER;191607;-;-;-;-;-;-;-;-;115.9;15.7
MER;191608;-;-;-;-;-;-;-;-;117.8;15.6
MER;191609;-;-;-;-;-;-;-;-;127.4;11.3
MER;191610;-;-;-;-;-;-;-;-;142.2;8.2
MER;191611;-;-;-;-;-;-;-;-;99.0;3.8
MER;191612;-;-;-;-;-;-;-;-;149.9;0.2
MER;191701;-;-;-;-;-;-;-;-;63.3;-2.6
MER;191702;-;-;-;-;-;-;-;-;10.5;-2.5
MER;191703;-;-;-;-;-;-;-;-;70.5;2.0
MER;191704;-;-;-;-;-;-;-;-;115.1;4.9
MER;191705;-;-;-;-;-;-;-;-;35.6;15.6
MER;191706;-;-;-;-;-;-;-;-;107.9;16.7
MER;191707;-;-;-;-;-;-;-;-;211.5;16.1
MER;191708;-;-;-;-;-;-;-;-;188.4;15.4
MER;191709;-;-;-;-;-;-;-;-;50.3;14.7
MER;191710;-;-;-;-;-;-;-;-;234.0;6.6
MER;191711;-;-;-;-;-;-;-;-;104.3;1.8
MER;191712;-;-;-;-;-;-;-;-;43.2;-3.6
MER;191801;-;-;-;-;-;-;-;-;58.2;-0.7
MER;191802;-;-;-;-;-;-;-;-;31.0;0.2
MER;191803;-;-;-;-;-;-;-;-;82.6;3.6
MER;191804;-;-;-;-;-;-;-;-;80.7;8.8
MER;191805;-;-;-;-;-;-;-;-;43.0;13.6
MER;191806;-;-;-;-;-;-;-;-;233.4;13.2
MER;191807;-;-;-;-;-;-;-;-;70.2;16.7
MER;191808;-;-;-;-;-;-;-;-;160.2;15.9
MER;191809;-;-;-;-;-;-;-;-;170.2;12.8
MER;191810;-;-;-;-;-;-;-;-;70.2;7.2
MER;191811;-;-;-;-;-;-;-;-;60.8;3.2
MER;191812;-;-;-;-;-;-;-;-;303.7;1.1
MER;191901;-;-;-;-;-;-;-;-;102.3;0.0
MER;191902;-;-;-;-;-;-;-;-;70.3;-0.7
MER;191903;-;-;-;-;-;-;-;-;128.8;4.2
MER;191904;-;-;-;-;-;-;-;-;159.4;5.4
MER;191905;-;-;-;-;-;-;-;-;68.6;11.8
MER;191906;-;-;-;-;-;-;-;-;138.0;14.9
MER;191907;-;-;-;-;-;-;-;-;202.5;13.6
MER;191908;-;-;-;-;-;-;-;-;40.3;17.5
MER;191909;-;-;-;-;-;-;-;-;69.3;14.8
MER;191910;-;-;-;-;-;-;-;-;130.8;5.0
MER;191911;-;-;-;-;-;-;-;-;124.5;1.6
MER;191912;-;-;-;-;-;-;-;-;256.1;-0.7
MER;192001;-;-;-;-;-;-;-;-;133.9;1.1
MER;192002;-;-;-;-;-;-;-;-;22.0;2.9
MER;192003;-;-;-;-;-;-;-;-;55.7;6.8
MER;192004;-;-;-;-;-;-;-;-;90.4;9.2
MER;192005;-;-;-;-;-;-;-;-;112.3;14.8
MER;192006;-;-;-;-;-;-;-;-;131.9;14.4
MER;192007;-;-;-;-;-;-;-;-;163.4;16.1
MER;192008;-;-;-;-;-;-;-;-;81.5;14.8
MER;192009;-;-;-;-;-;-;-;-;121.2;13.3
MER;192010;-;-;-;-;-;-;-;-;6.7;8.9
MER;192011;-;-;-;-;-;-;-;-;1.5;3.2
MER;192012;-;-;-;-;-;-;-;-;51.8;-1.4
MER;192101;-;-;-;-;-;-;-;-;83.1;1.5
MER;192102;-;-;-;-;-;-;-;-;18.9;0.2
MER;192103;-;-;-;-;-;-;-;-;57.8;5.7
MER;192104;-;-;-;-;-;-;-;-;74.6;7.2
MER;192105;-;-;-;-;-;-;-;-;69.6;13.3
MER;192106;-;-;-;-;-;-;-;-;162.9;15.4
MER;192107;-;-;-;-;-;-;-;-;59.6;18.4
MER;192108;-;-;-;-;-;-;-;-;136.4;16.5
MER;192109;-;-;-;-;-;-;-;-;69.6;14.6
MER;192110;-;-;-;-;-;-;-;-;42.2;10.4
MER;192111;-;-;-;-;-;-;-;-;126.2;-0.1
MER;192112;-;-;-;-;-;-;-;-;69.2;-0.5
MER;192201;-;-;-;-;-;-;-;-;226.2;-2.1
MER;192202;-;-;-;-;-;-;-;-;96.5;-0.4
MER;192203;-;-;-;-;-;-;-;-;89.5;4.8
MER;192204;-;-;-;-;-;-;-;-;215.6;6.2
MER;192205;-;-;-;-;-;-;-;-;36.4;14.0
MER;192206;-;-;-;-;-;-;-;-;154.4;15.5
MER;192207;-;-;-;-;-;-;-;-;205.7;15.3
MER;192208;-;-;-;-;-;-;-;-;167.3;16.2
MER;192209;-;-;-;-;-;-;-;-;177.3;10.8
MER;192210;-;-;-;-;-;-;-;-;121.2;7.1
MER;192211;-;-;-;-;-;-;-;-;136.0;1.1
MER;192212;-;-;-;-;-;-;-;-;149.1;-1.6
MER;192301;-;-;-;-;-;-;-;-;80.7;-2.4
MER;192302;-;-;-;-;-;-;-;-;96.7;1.6
MER;192303;-;-;-;-;-;-;-;-;38.0;4.8
MER;192304;-;-;-;-;-;-;-;-;73.0;8.6
MER;192305;-;-;-;-;-;-;-;-;165.0;12.1
MER;192306;-;-;-;-;-;-;-;-;121.8;11.8
MER;192307;-;-;-;-;-;-;-;-;113.7;18.7
MER;192308;-;-;-;-;-;-;-;-;99.2;17.1
MER;192309;-;-;-;-;-;-;-;-;77.0;13.0
MER;192310;-;-;-;-;-;-;-;-;122.4;10.1
MER;192311;-;-;-;-;-;-;-;-;99.5;3.3
MER;192312;-;-;-;-;-;-;-;-;226.6;-0.2
MER;192401;-;-;-;-;-;-;-;-;57.1;-3.2
MER;192402;-;-;-;-;-;-;-;-;47.6;-2.4
MER;192403;-;-;-;-;-;-;-;-;29.7;3.4
MER;192404;-;-;-;-;-;-;-;-;113.8;8.4
MER;192405;-;-;-;-;-;-;-;-;121.8;13.0
MER;192406;-;-;-;-;-;-;-;-;242.4;14.7
MER;192407;-;-;-;-;-;-;-;-;152.1;16.5
MER;192408;-;-;-;-;-;-;-;-;210.7;13.3
MER;192409;-;-;-;-;-;-;-;-;91.6;13.2
MER;192410;-;-;-;-;-;-;-;-;90.3;8.6
MER;192411;-;-;-;-;-;-;-;-;33.5;3.6
MER;192412;-;-;-;-;-;-;-;-;53.3;-1.5
MER;192501;-;-;-;-;-;-;-;-;33.5;-0.4
MER;192502;-;-;-;-;-;-;-;-;77.6;2.3
MER;192503;-;-;-;-;-;-;-;-;52.4;1.2
MER;192504;-;-;-;-;-;-;-;-;106.1;8.3
MER;192505;-;-;-;-;-;-;-;-;73.7;12.6
MER;192506;-;-;-;-;-;-;-;-;114.7;15.5
MER;192507;-;-;-;-;-;-;-;-;118.2;16.2
MER;192508;-;-;-;-;-;-;-;-;182.7;15.5
MER;192509;-;-;-;-;-;-;-;-;133.9;10.9
MER;192510;-;-;-;-;-;-;-;-;34.6;8.9
MER;192511;-;-;-;-;-;-;-;-;95.6;1.8
MER;192512;-;-;-;-;-;-;-;-;134.5;-1.4
MER;192601;-;-;-;-;-;-;-;-;95.1;-1.0
MER;192602;-;-;-;-;-;-;-;-;62.3;5.1
MER;192603;-;-;-;-;-;-;-;-;96.7;5.3
MER;192604;-;-;-;-;-;-;-;-;76.1;9.7
MER;192605;-;-;-;-;-;-;-;-;209.9;10.6
MER;192606;-;-;-;-;-;-;-;-;261.5;12.3
MER;192607;-;-;-;-;-;-;-;-;171.2;15.5
MER;192608;-;-;-;-;-;-;-;-;99.3;16.0
MER;192609;-;-;-;-;-;-;-;-;55.2;15.3
MER;192610;-;-;-;-;-;-;-;-;107.0;9.7
MER;192611;-;-;-;-;-;-;-;-;62.0;7.0
MER;192612;-;-;-;-;-;-;-;-;102.0;-2.3
MER;192701;-;-;-;-;-;-;-;-;105.6;-1.3
MER;192702;-;-;-;-;-;-;-;-;86.1;-0.8
MER;192703;-;-;-;-;-;-;-;-;176.0;5.2
MER;192704;-;-;-;-;-;-;-;-;150.1;8.3
MER;192705;-;-;-;-;-;-;-;-;64.0;13.8
MER;192706;-;-;-;-;-;-;-;-;158.3;15.0
MER;192707;-;-;-;-;-;-;-;-;172.3;16.8
MER;192708;-;-;-;-;-;-;-;-;171.1;15.6
MER;192709;-;-;-;-;-;-;-;-;142.4;13.4
MER;192710;-;-;-;-;-;-;-;-;19.1;8.2
MER;192711;-;-;-;-;-;-;-;-;57.6;5.2
MER;192712;-;-;-;-;-;-;-;-;31.1;-0.3
MER;192801;-;-;-;-;-;-;-;-;83.6;0.6
MER;192802;-;-;-;-;-;-;-;-;134.5;2.0
MER;192803;-;-;-;-;-;-;-;-;47.0;5.8
MER;192804;-;-;-;-;-;-;-;-;131.9;8.7
MER;192805;-;-;-;-;-;-;-;-;141.1;10.4
MER;192806;-;-;-;-;-;-;-;-;134.1;15.6
MER;192807;-;-;-;-;-;-;-;-;120.3;19.8
MER;192808;-;-;-;-;-;-;-;-;151.4;17.4
MER;192809;-;-;-;-;-;-;-;-;108.4;13.1
MER;192810;-;-;-;-;-;-;-;-;195.0;7.9
MER;192811;-;-;-;-;-;-;-;-;241.1;4.8
MER;192812;-;-;-;-;-;-;-;-;97.3;-2.1
MER;192901;-;-;-;-;-;-;-;-;21.8;-4.9
MER;192902;-;-;-;-;-;-;-;-;29.1;-6.2
MER;192903;-;-;-;-;-;-;-;-;28.1;3.6
MER;192904;-;-;-;-;-;-;-;-;145.7;5.8
MER;192905;-;-;-;-;-;-;-;-;102.5;13.3
MER;192906;-;-;-;-;-;-;-;-;111.5;16.3
MER;192907;-;-;-;-;-;-;-;-;123.9;18.3
MER;192908;-;-;-;-;-;-;-;-;146.7;16.4
MER;192909;-;-;-;-;-;-;-;-;81.0;16.0
MER;192910;-;-;-;-;-;-;-;-;121.0;9.4
MER;192911;-;-;-;-;-;-;-;-;41.7;4.3
MER;192912;-;-;-;-;-;-;-;-;100.8;2.1
MER;193001;-;-;-;-;-;-;-;-;36.0;2.3
MER;193002;-;-;-;-;-;-;-;-;17.3;0.2
MER;193003;-;-;-;-;-;-;-;-;71.6;5.7
MER;193004;-;-;-;-;-;-;-;-;145.5;9.2
MER;193005;-;-;-;-;-;-;-;-;226.5;11.3
MER;193006;-;-;-;-;-;-;-;-;97.0;18.3
MER;193007;-;-;-;-;-;-;-;-;217.4;15.9
MER;193008;-;-;-;-;-;-;-;-;142.2;16.4
MER;193009;-;-;-;-;-;-;-;-;161.8;14.2
MER;193010;-;-;-;-;-;-;-;-;205.0;8.0
MER;193011;-;-;-;-;-;-;-;-;150.5;6.0
MER;193012;-;-;-;-;-;-;-;-;61.7;-0.7
MER;193101;-;-;-;-;-;-;-;-;160.1;-1.2
MER;193102;-;-;-;-;-;-;-;-;154.4;-1.9
MER;193103;-;-;-;-;-;-;-;-;137.9;1.6
MER;193104;-;-;-;-;-;-;-;-;65.5;7.9
MER;193105;-;-;-;-;-;-;-;-;77.7;14.8
MER;193106;-;-;-;-;-;-;-;-;143.3;17.2
MER;193107;-;-;-;-;-;-;-;-;224.9;16.2
MER;193108;-;-;-;-;-;-;-;-;175.6;14.7
MER;193109;-;-;-;-;-;-;-;-;85.7;9.9
MER;193110;-;-;-;-;-;-;-;-;31.5;7.9
MER;193111;-;-;-;-;-;-;-;-;28.9;5.3
MER;193112;-;-;-;-;-;-;-;-;46.3;-2.3
MER;193201;-;-;-;-;-;-;-;-;97.9;-0.1
MER;193202;-;-;-;-;-;-;-;-;5.3;-4.0
MER;193203;-;-;-;-;-;-;-;-;112.6;2.1
MER;193204;-;-;-;-;-;-;-;-;100.3;7.1
MER;193205;-;-;-;-;-;-;-;-;186.8;11.9
MER;193206;-;-;-;-;-;-;-;-;105.5;14.4
MER;193207;-;-;-;-;-;-;-;-;175.1;16.1
MER;193208;-;-;-;-;-;-;-;-;114.7;18.8
MER;193209;-;-;-;-;-;-;-;-;39.3;16.3
MER;193210;-;-;-;-;-;-;-;-;150.0;8.2
MER;193211;-;-;-;-;-;-;-;-;30.3;3.6
MER;193212;-;-;-;-;-;-;-;-;8.3;0.7
MER;193301;-;-;-;-;-;-;-;-;43.5;-3.4
MER;193302;-;-;-;-;-;-;-;-;97.4;-0.1
MER;193303;-;-;-;-;-;-;-;-;77.4;4.9
MER;193304;-;-;-;-;-;-;-;-;69.8;9.3
MER;193305;-;-;-;-;-;-;-;-;202.6;11.2
MER;193306;-;-;-;-;-;-;-;-;218.6;13.0
MER;193307;-;-;-;-;-;-;-;-;198.0;18.0
MER;193308;-;-;-;-;-;-;-;-;85.6;17.7
MER;193309;-;-;-;-;-;-;-;-;156.3;14.5
MER;193310;-;-;-;-;-;-;-;-;117.1;9.1
MER;193311;-;-;-;-;-;-;-;-;57.4;4.0
MER;193312;-;-;-;-;-;-;-;-;9.7;-4.7
MER;193401;-;-;-;-;-;-;-;-;89.2;-2.3
MER;193402;-;-;-;-;-;-;-;-;9.6;-1.8
MER;193403;-;-;-;-;-;-;-;-;81.3;3.8
MER;193404;-;-;-;-;-;-;-;-;55.7;11.7
MER;193405;-;-;-;-;-;-;-;-;58.7;14.9
MER;193406;-;-;-;-;-;-;-;-;227.7;15.6
MER;193407;-;-;-;-;-;-;-;-;124.4;18.1
MER;193408;-;-;-;-;-;-;-;-;160.5;15.5
MER;193409;-;-;-;-;-;-;-;-;92.2;14.7
MER;193410;-;-;-;-;-;-;-;-;110.1;8.0
MER;193411;-;-;-;-;-;-;-;-;61.2;3.6
MER;193412;-;-;-;-;-;-;-;-;86.2;2.8
MER;193501;-;-;-;-;-;-;-;-;96.8;-3.5
MER;193502;-;-;-;-;-;-;-;-;155.3;0.7
MER;193503;-;-;-;-;-;-;-;-;116.3;3.8
MER;193504;-;-;-;-;-;-;-;-;136.7;7.7
MER;193505;-;-;-;-;-;-;-;-;88.9;11.5
MER;193506;-;-;-;-;-;-;-;-;85.7;17.6
MER;193507;-;-;-;-;-;-;-;-;133.0;18.4
MER;193508;-;-;-;-;-;-;-;-;167.8;15.8
MER;193509;-;-;-;-;-;-;-;-;65.8;14.0
MER;193510;-;-;-;-;-;-;-;-;231.7;8.6
MER;193511;-;-;-;-;-;-;-;-;67.1;5.3
MER;193512;-;-;-;-;-;-;-;-;123.9;-0.6
MER;193601;-;-;-;-;-;-;-;-;91.5;3.4
MER;193602;-;-;-;-;-;-;-;-;78.0;0.6
MER;193603;-;-;-;-;-;-;-;-;50.1;6.9
MER;193604;-;-;-;-;-;-;-;-;118.4;8.2
MER;193605;-;-;-;-;-;-;-;-;118.8;13.2
MER;193606;-;-;-;-;-;-;-;-;140.7;14.6
MER;193607;-;-;-;-;-;-;-;-;202.5;16.0
MER;193608;-;-;-;-;-;-;-;-;133.8;16.2
MER;193609;-;-;-;-;-;-;-;-;188.8;13.5
MER;193610;-;-;-;-;-;-;-;-;72.5;5.4
MER;193611;-;-;-;-;-;-;-;-;22.9;3.6
MER;193612;-;-;-;-;-;-;-;-;141.4;-0.7
MER;193701;-;-;-;-;-;-;-;-;67.8;0.6
MER;193702;-;-;-;-;-;-;-;-;180.5;2.5
MER;193703;-;-;-;-;-;-;-;-;138.8;3.5
MER;193704;-;-;-;-;-;-;-;-;118.0;8.4
MER;193705;-;-;-;-;-;-;-;-;99.1;15.1
MER;193706;-;-;-;-;-;-;-;-;144.7;17.1
MER;193707;-;-;-;-;-;-;-;-;226.2;17.9
MER;193708;-;-;-;-;-;-;-;-;148.2;16.9
MER;193709;-;-;-;-;-;-;-;-;114.2;13.2
MER;193710;-;-;-;-;-;-;-;-;61.5;10.7
MER;193711;-;-;-;-;-;-;-;-;66.9;3.1
MER;193712;-;-;-;-;-;-;-;-;77.9;-1.2
MER;193801;-;-;-;-;-;-;-;-;124.9;-0.9
MER;193802;-;-;-;-;-;-;-;-;75.2;-1.3
MER;193803;-;-;-;-;-;-;-;-;42.5;6.3
MER;193804;-;-;-;-;-;-;-;-;43.4;6.2
MER;193805;-;-;-;-;-;-;-;-;117.8;11.6
MER;193806;-;-;-;-;-;-;-;-;148.1;17.3
MER;193807;-;-;-;-;-;-;-;-;182.2;17.6
MER;193808;-;-;-;-;-;-;-;-;170.4;16.9
MER;193809;-;-;-;-;-;-;-;-;88.3;14.6
MER;193810;-;-;-;-;-;-;-;-;75.9;8.8
MER;193811;-;-;-;-;-;-;-;-;29.8;5.3
MER;193812;-;-;-;-;-;-;-;-;69.6;-0.6
MER;193901;-;-;-;-;-;-;-;-;83.7;0.4
MER;193902;-;-;-;-;-;-;-;-;15.9;1.0
MER;193903;-;-;-;-;-;-;-;-;205.6;1.1
MER;193904;-;-;-;-;-;-;-;-;97.8;9.9
MER;193905;-;-;-;-;-;-;-;-;184.1;10.0
MER;193906;-;-;-;-;-;-;-;-;121.3;16.0
MER;193907;-;-;-;-;-;-;-;-;162.6;16.6
MER;193908;-;-;-;-;-;-;-;-;128.2;17.2
MER;193909;-;-;-;-;-;-;-;-;94.8;13.1
MER;193910;-;-;-;-;-;-;-;-;177.1;8.2
MER;193911;-;-;-;-;-;-;-;-;209.3;5.1
MER;193912;-;-;-;-;-;-;-;-;78.5;-1.6
MER;194001;-;-;-;-;-;-;-;-;103.3;-5.4
MER;194002;-;-;-;-;-;-;-;-;105.0;0.3
MER;194003;-;-;-;-;-;-;-;-;83.9;4.5
MER;194004;-;-;-;-;-;-;-;-;131.3;8.9
MER;194005;-;-;-;-;-;-;-;-;143.8;13.1
MER;194006;-;-;-;-;-;-;-;-;101.6;15.9
MER;194007;-;-;-;-;-;-;-;-;220.4;16.6
MER;194008;-;-;-;-;-;-;-;-;118.6;16.4
MER;194009;-;-;-;-;-;-;-;-;215.1;13.8
MER;194010;-;-;-;-;-;-;-;-;104.5;8.7
MER;194011;-;-;-;-;-;-;-;-;118.0;4.8
MER;194012;-;-;-;-;-;-;-;-;151.9;-4.8
MER;194101;-;-;-;-;-;-;-;-;49.1;-2.4
MER;194102;-;-;-;-;-;-;-;-;69.3;0.8
MER;194103;-;-;-;-;-;-;-;-;45.2;5.1
MER;194104;-;-;-;-;-;-;-;-;62.6;7.7
MER;194105;-;-;-;-;-;-;-;-;158.0;9.9
MER;194106;-;-;-;-;-;-;-;-;89.8;16.8
MER;194107;-;-;-;-;-;-;-;-;135.4;19.3
MER;194108;-;-;-;-;-;-;-;-;224.7;16.0
MER;194109;-;-;-;-;-;-;-;-;62.2;13.8
MER;194110;-;-;-;-;-;-;-;-;145.1;7.9
MER;194111;-;-;-;-;-;-;-;-;48.2;3.8
MER;194112;-;-;-;-;-;-;-;-;65.4;-2.1
MER;194201;-;-;-;-;-;-;-;-;98.2;-4.9
MER;194202;-;-;-;-;-;-;-;-;28.1;-3.4
MER;194203;-;-;-;-;-;-;-;-;65.5;5.7
MER;194204;-;-;-;-;-;-;-;-;79.6;9.2
MER;194205;-;-;-;-;-;-;-;-;138.1;12.5
MER;194206;-;-;-;-;-;-;-;-;103.7;15.9
MER;194207;-;-;-;-;-;-;-;-;134.4;17.1
MER;194208;-;-;-;-;-;-;-;-;161.9;16.8
MER;194209;-;-;-;-;-;-;-;-;137.1;15.3
MER;194210;-;-;-;-;-;-;-;-;113.4;11.3
MER;194211;-;-;-;-;-;-;-;-;47.4;1.8
MER;194212;-;-;-;-;-;-;-;-;32.1;1.0
MER;194301;-;-;-;-;-;-;-;-;77.6;-0.3
MER;194302;-;-;-;-;-;-;-;-;64.8;1.2
MER;194303;-;-;-;-;-;-;-;-;41.6;7.2
MER;194304;-;-;-;-;-;-;-;-;99.9;10.0
MER;194305;-;-;-;-;-;-;-;-;69.2;14.1
MER;194306;-;-;-;-;-;-;-;-;197.4;15.1
MER;194307;-;-;-;-;-;-;-;-;154.5;17.8
MER;194308;-;-;-;-;-;-;-;-;71.5;19.1
MER;194309;-;-;-;-;-;-;-;-;124.9;15.0
MER;194310;-;-;-;-;-;-;-;-;0.0;10.8
MER;194311;-;-;-;-;-;-;-;-;115.2;2.8
MER;194312;-;-;-;-;-;-;-;-;33.7;0.1
MER;194401;-;-;-;-;-;-;-;-;73.2;-1.1
MER;194402;-;-;-;-;-;-;-;-;191.3;-2.1
MER;194403;-;-;-;-;-;-;-;-;109.9;1.1
MER;194404;-;-;-;-;-;-;-;-;59.8;10.4
MER;194405;-;-;-;-;-;-;-;-;63.3;13.2
MER;194406;-;-;-;-;-;-;-;-;179.5;14.8
MER;194407;-;-;-;-;-;-;-;-;157.7;17.3
MER;194408;-;-;-;-;-;-;-;-;73.3;20.0
MER;194409;-;-;-;-;-;-;-;-;127.2;13.6
MER;194410;-;-;-;-;-;-;-;-;136.1;8.4
MER;194411;-;-;-;-;-;-;-;-;341.4;2.3
MER;194412;-;-;-;-;-;-;-;-;91.7;-1.1
MER;194501;-;-;-;-;-;-;-;-;52.4;-6.5
MER;194502;-;-;-;-;-;-;-;-;119.8;2.5
MER;194503;-;-;-;-;-;-;-;-;156.5;5.9
MER;194504;-;-;-;-;-;-;-;-;93.4;10.4
MER;194505;-;-;-;-;-;-;-;-;107.8;14.6
MER;194506;-;-;-;-;-;-;-;-;133.9;17.5
MER;194507;-;-;-;-;-;-;-;-;83.7;18.4
MER;194508;-;-;-;-;-;-;-;-;175.1;16.3
MER;194509;-;-;-;-;-;-;-;-;162.8;14.2
MER;194510;-;-;-;-;-;-;-;-;64.4;9.0
MER;194511;-;-;-;-;-;-;-;-;67.7;1.0
MER;194512;-;-;-;-;-;-;-;-;100.6;0.5
MER;194601;-;-;-;-;-;-;-;-;73.8;-3.1
MER;194602;-;-;-;-;-;-;-;-;183.5;2.8
MER;194603;-;-;-;-;-;-;-;-;51.5;6.1
MER;194604;-;-;-;-;-;-;-;-;35.8;12.0
MER;194605;-;-;-;-;-;-;-;-;79.7;14.4
MER;194606;-;-;-;-;-;-;-;-;205.3;14.6
MER;194607;-;-;-;-;-;-;-;-;191.5;17.9
MER;194608;-;-;-;-;-;-;-;-;159.0;16.7
MER;194609;-;-;-;-;-;-;-;-;63.0;14.6
MER;194610;-;-;-;-;-;-;-;-;77.1;8.7
MER;194611;-;-;-;-;-;-;-;-;49.5;3.1
MER;194612;-;-;-;-;-;-;-;-;61.8;-1.5
MER;194701;-;-;-;-;-;-;-;-;72.5;-3.2
MER;194702;-;-;-;-;-;-;-;-;23.0;0.2
MER;194703;-;-;-;-;-;-;-;-;144.3;6.0
MER;194704;-;-;-;-;-;-;-;-;44.5;11.6
MER;194705;-;-;-;-;-;-;-;-;79.2;15.3
MER;194706;-;-;-;-;-;-;-;-;131.0;17.8
MER;194707;-;-;-;-;-;-;-;-;159.3;19.0
MER;194708;-;-;-;-;-;-;-;-;131.8;19.1
MER;194709;-;-;-;-;-;-;-;-;61.2;15.8
MER;194710;-;-;-;-;-;-;-;-;32.5;9.3
MER;194711;-;-;-;-;-;-;-;-;228.8;5.9
MER;194712;-;-;-;-;-;-;-;-;135.5;0.2
MER;194801;-;-;-;-;-;-;-;-;128.5;1.7
MER;194802;-;-;-;-;-;-;-;-;96.7;2.1
MER;194803;-;-;-;-;-;-;-;-;24.8;8.3
MER;194804;-;-;-;-;-;-;-;-;52.8;9.8
MER;194805;-;-;-;-;-;-;-;-;44.7;14.3
MER;194806;-;-;-;-;-;-;-;-;205.5;14.7
MER;194807;-;-;-;-;-;-;-;-;260.4;14.5
MER;194808;-;-;-;-;-;-;-;-;147.6;16.5
MER;194809;-;-;-;-;-;-;-;-;156.9;13.2
MER;194810;-;-;-;-;-;-;-;-;50.0;9.1
MER;194811;-;-;-;-;-;-;-;-;44.1;3.1
MER;194812;-;-;-;-;-;-;-;-;32.0;-1.4
MER;194901;-;-;-;-;-;-;-;-;101.4;-1.1
MER;194902;-;-;-;-;-;-;-;-;29.3;-0.2
MER;194903;-;-;-;-;-;-;-;-;75.0;1.9
MER;194904;-;-;-;-;-;-;-;-;102.5;10.8
MER;194905;-;-;-;-;-;-;-;-;106.2;11.4
MER;194906;-;-;-;-;-;-;-;-;86.2;16.0
MER;194907;-;-;-;-;-;-;-;-;68.7;18.8
MER;194908;-;-;-;-;-;-;-;-;83.7;17.4
MER;194909;-;-;-;-;-;-;-;-;96.2;16.5
MER;194910;-;-;-;-;-;-;-;-;55.7;10.6
MER;194911;-;-;-;-;-;-;-;-;89.0;3.5
MER;194912;-;-;-;-;-;-;-;-;78.9;1.0
MER;195001;-;-;-;-;-;-;-;-;102.4;-1.6
MER;195002;-;-;-;-;-;-;-;-;96.7;2.2
MER;195003;-;-;-;-;-;-;-;-;27.5;5.6
MER;195004;-;-;-;-;-;-;-;-;130.7;7.1
MER;195005;-;-;-;-;-;-;-;-;74.4;14.3
MER;195006;-;-;-;-;-;-;-;-;112.5;17.8
MER;195007;-;-;-;-;-;-;-;-;173.3;19.2
MER;195008;-;-;-;-;-;-;-;-;108.0;17.7
MER;195009;-;-;-;-;-;-;-;-;135.3;13.1
MER;195010;-;-;-;-;-;-;-;-;23.9;8.2
MER;195011;-;-;-;-;-;-;-;-;233.0;4.2
MER;195012;-;-;-;-;-;-;-;-;48.1;-1.3
MER;195101;-;-;-;-;-;-;-;-;140.1;0.3
MER;195102;-;-;-;-;-;-;-;-;140.5;2.1
MER;195103;-;-;-;-;-;-;-;-;155.4;3.5
MER;195104;-;-;-;-;-;-;-;-;76.7;8.7
MER;195105;-;-;-;-;-;-;-;-;140.8;12.1
MER;195106;-;-;-;-;-;-;-;-;177.1;15.0
MER;195107;-;-;-;-;-;-;-;-;123.1;17.5
MER;195108;-;-;-;-;-;-;-;-;184.7;16.5
MER;195109;-;-;-;-;-;-;-;-;88.9;14.6
MER;195110;-;-;-;-;-;-;-;-;65.1;8.3
MER;195111;-;-;-;-;-;-;-;-;177.3;6.7
MER;195112;-;-;-;-;-;-;-;-;59.0;-0.5
MER;195201;-;-;-;-;-;-;-;-;114.9;-2.1
MER;195202;-;-;-;-;-;-;-;-;145.8;-1.8
MER;195203;-;-;-;-;-;-;-;-;135.7;4.6
MER;195204;-;-;-;-;-;-;-;-;74.0;10.4
MER;195205;-;-;-;-;-;-;-;-;84.3;13.8
MER;195206;-;-;-;-;-;-;-;-;127.3;16.6
MER;195207;-;-;-;-;-;-;-;-;121.2;19.5
MER;195208;-;-;-;-;-;-;-;-;117.0;17.4
MER;195209;-;-;-;-;-;-;-;-;100.9;11.4
MER;195210;-;-;-;-;-;-;-;-;170.3;7.9
MER;195211;-;-;-;-;-;-;-;-;271.9;2.3
MER;195212;-;-;-;-;-;-;-;-;152.5;-0.3
MER;195301;-;-;-;-;-;-;-;-;45.8;-4.3
MER;195302;-;-;-;-;-;-;-;-;38.1;-1.4
MER;195303;-;-;-;-;-;-;-;-;8.5;4.7
MER;195304;-;-;-;-;-;-;-;-;100.0;10.0
MER;195305;-;-;-;-;-;-;-;-;96.5;13.6
MER;195306;-;-;-;-;-;-;-;-;197.2;14.7
MER;195307;-;-;-;-;-;-;-;-;160.5;17.7
MER;195308;-;-;-;-;-;-;-;-;77.5;16.9
MER;195309;-;-;-;-;-;-;-;-;80.9;14.8
MER;195310;-;-;-;-;-;-;-;-;113.1;10.4
MER;195311;-;-;-;-;-;-;-;-;37.4;2.0
MER;195312;-;-;-;-;-;-;-;-;76.6;1.4
MER;195401;-;-;-;-;-;-;-;-;103.5;-2.8
MER;195402;-;-;-;-;-;-;-;-;65.1;-1.0
MER;195403;-;-;-;-;-;-;-;-;27.1;6.2
MER;195404;-;-;-;-;-;-;-;-;124.4;6.8
MER;195405;-;-;-;-;-;-;-;-;109.7;11.8
MER;195406;-;-;-;-;-;-;-;-;135.9;15.3
MER;195407;-;-;-;-;-;-;-;-;149.7;15.3
MER;195408;-;-;-;-;-;-;-;-;220.3;15.5
MER;195409;-;-;-;-;-;-;-;-;175.1;14.1
MER;195410;-;-;-;-;-;-;-;-;95.8;8.7
MER;195411;-;-;-;-;-;-;-;-;64.9;4.8
MER;195412;-;-;-;-;-;-;-;-;190.9;1.1
MER;195501;-;-;-;-;-;-;-;-;152.0;1.1
MER;195502;-;-;-;-;-;-;-;-;160.5;0.8
MER;195503;-;-;-;-;-;-;-;-;38.0;2.4
MER;195504;-;-;-;-;-;-;-;-;66.9;8.8
MER;195505;-;-;-;-;-;-;-;-;122.7;11.6
MER;195506;-;-;-;-;-;-;-;-;153.6;15.2
MER;195507;-;-;-;-;-;-;-;-;244.9;16.5
MER;195508;-;-;-;-;-;-;-;-;169.9;15.7
MER;195509;-;-;-;-;-;-;-;-;79.9;13.3
MER;195510;-;-;-;-;-;-;-;-;87.6;7.9
MER;195511;-;-;-;-;-;-;-;-;17.2;2.0
MER;195512;-;-;-;-;-;-;-;-;121.7;1.8
MER;195601;-;-;-;-;-;-;-;-;115.8;0.4
MER;195602;-;-;-;-;-;-;-;-;24.6;-8.2
MER;195603;-;-;-;-;-;-;-;-;84.2;5.0
MER;195604;-;-;-;-;-;-;-;-;149.0;6.3
MER;195605;-;-;-;-;-;-;-;-;144.8;12.7
MER;195606;-;-;-;-;-;-;-;-;149.2;13.2
MER;195607;-;-;-;-;-;-;-;-;186.1;16.5
MER;195608;-;-;-;-;-;-;-;-;194.4;15.2
MER;195609;-;-;-;-;-;-;-;-;106.3;14.7
MER;195610;-;-;-;-;-;-;-;-;103.5;6.9
MER;195611;-;-;-;-;-;-;-;-;42.5;1.4
MER;195612;-;-;-;-;-;-;-;-;21.8;-1.4
MER;195701;-;-;-;-;-;-;-;-;34.7;-2.4
MER;195702;-;-;-;-;-;-;-;-;186.1;3.4
MER;195703;-;-;-;-;-;-;-;-;40.7;7.8
MER;195704;-;-;-;-;-;-;-;-;48.6;8.6
MER;195705;-;-;-;-;-;-;-;-;133.7;9.9
MER;195706;-;-;-;-;-;-;-;-;161.7;16.0
MER;195707;-;-;-;-;-;-;-;-;196.3;16.5
MER;195708;-;-;-;-;-;-;-;-;155.6;15.7
MER;195709;-;-;-;-;-;-;-;-;138.2;12.8
MER;195710;-;-;-;-;-;-;-;-;25.1;8.2
MER;195711;-;-;-;-;-;-;-;-;35.8;4.9
MER;195712;-;-;-;-;-;-;-;-;66.2;-0.3
MER;195801;-;-;-;-;-;-;-;-;98.4;-1.8
MER;195802;-;-;-;-;-;-;-;-;242.9;1.9
MER;195803;-;-;-;-;-;-;-;-;118.8;0.8
MER;195804;-;-;-;-;-;-;-;-;113.6;5.9
MER;195805;-;-;-;-;-;-;-;-;105.2;15.3
MER;195806;-;-;-;-;-;-;-;-;130.9;15.8
MER;195807;-;-;-;-;-;-;-;-;166.7;16.9
MER;195808;-;-;-;-;-;-;-;-;159.0;16.9
MER;195809;-;-;-;-;-;-;-;-;155.4;15.1
MER;195810;-;-;-;-;-;-;-;-;205.5;7.5
MER;195811;-;-;-;-;-;-;-;-;73.5;2.6
MER;195812;-;-;-;-;-;-;-;-;99.7;1.6
MER;195901;-;-;11;64;944.4;-12.0;11.5;81.7;122.7;-1.0
MER;195902;-;-;2;25;958.1;-7.0;12.7;74.3;23.1;1.2
MER;195903;-;-;0;61;945.0;-0.9;18.0;71.9;77.2;7.7
MER;195904;-;-;0;46;941.8;-1.0;23.1;68.0;84.8;9.4
MER;195905;-;-;0;54;944.3;1.5;24.0;69.5;80.1;13.6
MER;195906;-;-;0;64;949.2;5.7;27.0;76.5;157.6;15.6
MER;195907;-;-;0;43;948.6;9.1;30.5;74.4;206.7;18.5
MER;195908;-;-;0;54;948.4;9.0;28.0;76.4;104.9;16.5
MER;195909;-;-;0;47;948.7;7.0;24.0;77.2;36.7;15.4
MER;195910;-;-;0;41;948.4;-1.9;18.5;79.5;118.9;8.4
MER;195911;-;-;0;59;943.9;-6.6;14.5;79.7;60.9;2.4
MER;195912;-;-;0;65;938.9;-6.6;13.3;79.8;111.3;2.1
MER;196001;-;-;3;62;945.2;-16.8;15.0;76.0;60.9;-1.0
MER;196002;-;-;0;60;941.2;-10.2;15.8;72.8;76.5;2.0
MER;196003;-;-;0;60;940.3;-2.0;17.5;61.1;69.1;7.5
MER;196004;-;-;0;60;946.0;0.0;20.0;67.4;66.4;8.4
MER;196005;-;-;0;46;946.5;0.0;27.2;64.4;93.1;13.9
MER;196006;-;-;0;52;948.7;8.0;30.0;69.5;184.7;16.4
MER;196007;-;-;0;69;947.0;6.6;26.1;73.5;172.4;15.4
MER;196008;-;-;0;54;945.7;7.3;28.3;73.8;196.5;15.9
MER;196009;-;-;0;59;945.9;3.2;23.0;77.7;189.7;12.2
MER;196010;-;-;0;63;939.3;-1.5;23.2;67.2;135.6;9.7
MER;196011;-;-;0;65;943.1;-1.9;16.3;77.4;121.3;5.5
MER;196012;-;-;3;73;939.5;-9.5;11.0;82.4;61.5;-0.6
MER;196101;-;-;8;75;945.0;-9.8;9.3;79.8;66.6;-0.5
MER;196102;-;-;4;56;953.4;-2.5;16.6;69.9;125.5;4.2
MER;196103;-;-;0;33;954.2;-4.7;20.0;64.2;62.4;6.1
MER;196104;-;-;0;55;941.8;1.5;23.8;66.9;95.2;11.4
MER;196105;-;-;0;69;945.0;0.4;24.5;70.1;127.9;11.4
MER;196106;-;-;0;52;947.6;4.0;29.0;69.3;145.2;16.3
MER;196107;-;-;0;59;947.9;8.0;30.0;70.3;155.8;16.2
MER;196108;-;-;0;49;950.3;5.8;28.6;71.2;160.4;16.4
MER;196109;-;-;0;41;949.3;7.0;27.1;69.7;42.7;16.7
MER;196110;-;-;0;50;946.0;-0.5;22.5;72.8;58.6;10.2
MER;196111;-;-;0;64;942.1;-4.0;16.5;74.2;57.1;3.9
MER;196112;-;-;0;57;944.3;-9.7;14.9;82.1;150.7;0.8
MER;196201;-;-;3;69;948.4;-10.8;8.7;74.2;122.1;0.4
MER;196202;-;-;11;66;948.8;-11.0;8.5;69.0;135.2;0.0
MER;196203;-;-;1;68;938.3;-7.8;15.8;66.5;97.4;1.5
MER;196204;-;-;0;61;944.6;-1.7;24.6;56.9;75.4;8.7
MER;196205;-;-;0;69;945.9;-2.0;28.3;71.8;147.2;10.7
MER;196206;-;-;0;49;950.2;1.0;30.3;68.5;85.2;14.7
MER;196207;-;-;0;62;946.9;4.2;30.0;77.4;153.2;16.1
MER;196208;-;-;0;40;949.4;9.0;30.0;75.6;129.1;17.9
MER;196209;-;-;0;46;947.8;2.0;27.8;77.9;63.8;13.5
MER;196210;-;-;0;47;949.6;-0.6;21.1;77.7;21.7;9.5
MER;196211;-;-;3;62;941.7;-7.6;20.3;74.8;51.6;3.2
MER;196212;-;-;16;69;944.0;-15.6;7.6;85.8;201.1;-3.9
MER;196301;-;-;34;76;944.2;-19.5;13.0;78.4;84.6;-5.2
MER;196302;-;-;37;58;937.0;-22.5;7.6;75.1;56.9;-4.2
MER;196303;-;-;15;60;944.9;-11.3;13.6;75.2;161.7;2.2
MER;196304;-;-;0;68;941.6;-0.3;21.7;69.4;76.7;9.8
MER;196305;-;-;0;61;945.4;1.2;25.3;76.2;127.9;11.7
MER;196306;-;-;0;59;944.6;6.6;29.2;78.5;147.3;14.9
MER;196307;-;-;0;47;948.7;8.6;28.8;79.1;132.5;17.5
MER;196308;-;-;0;59;944.2;6.0;28.8;80.8;135.7;15.7
MER;196309;-;-;0;57;948.3;4.0;23.6;83.5;74.5;13.8
MER;196310;-;-;0;42;950.1;-2.0;17.8;80.1;70.7;8.7
MER;196311;-;-;0;58;941.2;-1.6;19.2;79.0;96.7;6.7
MER;196312;-;-;0;50;945.0;-11.7;15.5;81.0;6.6;-2.6
MER;196401;-;-;0;61;956.4;-11.5;10.6;86.9;18.5;-3.6
MER;196402;-;-;1;53;945.5;-8.0;17.5;75.6;29.3;2.2
MER;196403;-;-;0;78;940.0;-7.5;14.2;82.2;107.9;3.0
MER;196404;-;-;0;58;944.2;0.6;22.6;71.4;91.7;9.5
MER;196405;-;-;0;56;947.7;5.5;26.8;71.7;139.7;14.1
MER;196406;-;-;0;50;946.6;8.1;30.3;72.8;160.5;17.0
MER;196407;-;-;0;37;949.1;8.5;31.8;71.6;102.9;18.4
MER;196408;-;-;0;53;947.0;6.8;28.1;75.9;126.2;16.1
MER;196409;-;-;0;39;950.5;3.3;25.4;76.1;118.1;14.1
MER;196410;-;-;0;72;945.2;0.0;19.1;81.2;93.6;7.5
MER;196411;-;-;0;79;948.9;-4.0;11.6;89.3;115.0;4.0
MER;196412;-;-;27;63;943.9;-11.8;11.1;87.4;55.2;-2.6
MER;196501;-;-;34;72;942.5;-9.8;12.6;84.4;99.6;-0.2
MER;196502;-;-;30;52;948.3;-11.9;4.5;73.3;57.7;-3.2
MER;196503;-;-;9;57;945.3;-10.2;17.8;70.5;104.5;3.6
MER;196504;-;-;0;71;942.2;-1.0;19.8;72.0;164.6;6.7
MER;196505;-;-;0;63;945.0;2.0;26.4;69.2;138.9;11.5
MER;196506;-;-;0;56;946.6;6.0;30.3;73.4;171.0;14.9
MER;196507;-;-;0;59;946.0;4.3;28.3;78.8;253.1;15.2
MER;196508;-;-;0;62;947.0;8.4;31.4;79.0;211.2;15.0
MER;196509;-;-;0;55;944.0;2.5;21.6;78.3;203.7;11.8
MER;196510;-;-;0;40;950.1;-0.3;20.6;77.3;14.5;9.3
MER;196511;-;-;5;79;939.7;-9.0;14.6;83.2;139.6;3.5
MER;196512;-;-;1;77;940.6;-6.4;8.6;86.0;196.2;1.2
MER;196601;-;-;2;66;942.7;-15.8;9.2;79.3;75.9;-2.2
MER;196602;-;-;0;68;939.1;-3.0;15.6;73.4;168.6;5.3
MER;196603;-;-;9;64;948.7;-4.5;13.6;73.8;162.3;3.2
MER;196604;-;-;0;60;941.6;-0.5;19.8;73.9;112.9;10.1
MER;196605;-;-;0;51;947.2;2.1;26.4;73.5;95.3;13.0
MER;196606;-;-;0;45;946.6;7.4;30.2;75.6;129.8;16.5
MER;196607;-;-;0;65;945.6;6.8;28.7;83.5;212.7;15.3
MER;196608;-;-;0;59;946.2;4.8;28.6;83.8;204.2;15.0
MER;196609;-;-;0;41;948.4;7.0;24.6;82.8;64.7;14.9
MER;196610;-;-;0;56;940.4;1.8;26.4;81.9;81.3;11.9
MER;196611;-;-;4;71;943.8;-7.4;20.7;81.0;114.8;2.5
MER;196612;-;-;4;74;944.2;-8.2;12.3;88.6;144.4;0.2
MER;196701;-;-;16;64;949.4;-15.2;9.8;86.7;96.7;-1.9
MER;196702;-;-;0;50;947.8;-9.3;15.5;69.9;65.7;2.7
MER;196703;-;-;2;61;949.3;-2.9;17.2;76.2;209.4;5.5
MER;196704;-;-;0;54;943.6;-2.5;20.8;69.8;68.5;7.2
MER;196705;-;-;0;54;943.9;-1.1;30.1;69.2;171.6;12.6
MER;196706;-;-;0;54;948.8;3.7;31.6;72.8;94.5;14.8
MER;196707;-;-;0;50;949.1;8.4;30.3;74.3;126.2;19.0
MER;196708;-;-;0;58;947.4;7.5;29.8;78.4;156.1;16.9
MER;196709;-;-;0;59;946.3;4.8;23.8;81.4;127.5;13.1
MER;196710;-;-;0;30;947.5;-1.5;24.8;78.5;62.1;10.8
MER;196711;-;-;0;69;946.8;-5.1;18.1;84.4;34.3;4.5
MER;196712;-;-;7;71;946.6;-12.5;5.2;83.0;84.3;-2.1
MER;196801;-;-;70;70;946.5;-16.3;4.5;86.2;349.0;-2.0
MER;196802;-;-;69;72;941.1;-7.7;8.3;85.1;54.5;1.3
MER;196803;-;-;30;47;946.2;-7.5;19.7;73.5;57.6;4.7
MER;196804;-;-;0;49;944.3;-1.2;27.3;71.1;80.1;10.4
MER;196805;-;-;0;65;944.5;0.5;25.1;76.3;150.6;12.4
MER;196806;-;-;0;53;946.8;6.5;31.8;78.7;115.6;15.5
MER;196807;-;-;0;54;948.8;7.0;31.5;76.7;130.9;16.9
MER;196808;-;-;0;66;945.3;6.0;24.6;86.0;212.8;15.1
MER;196809;-;-;0;53;945.9;5.5;22.7;86.1;147.1;13.1
MER;196810;-;-;0;38;949.9;1.0;22.2;83.2;30.8;11.0
MER;196811;-;-;1;60;942.9;-5.3;21.3;88.9;122.8;3.6
MER;196812;-;-;4;66;940.7;-10.6;8.9;90.8;100.2;-1.4
MER;196901;-;-;9;59;944.6;-10.0;10.1;87.6;52.9;-0.2
MER;196902;-;-;10;60;938.1;-11.5;12.9;79.2;64.1;-0.6
MER;196903;-;-;0;72;939.6;-3.6;15.1;77.0;27.2;4.6
MER;196904;-;-;0;65;944.3;-2.0;22.8;71.3;131.2;8.6
MER;196905;-;-;0;53;943.7;2.8;30.2;73.6;111.4;14.1
MER;196906;-;-;0;63;944.6;2.2;25.6;79.8;216.6;13.6
MER;196907;-;-;0;43;950.9;5.8;28.6;73.5;112.7;18.3
MER;196908;-;-;0;54;946.6;4.4;29.1;80.9;242.8;16.0
MER;196909;-;-;0;45;947.3;6.0;24.4;80.5;47.3;15.1
MER;196910;-;-;0;25;951.9;1.7;18.8;79.7;33.4;10.2
MER;196911;-;-;1;56;941.9;-7.0;18.7;80.4;91.9;4.6
MER;196912;-;-;22;62;941.8;-11.5;3.1;88.1;92.0;-4.5
MER;197001;-;-;8;61;939.3;-11.5;14.4;82.9;64.5;0.7
MER;197002;-;-;11;83;940.8;-9.2;9.0;84.4;267.0;0.5
MER;197003;-;-;21;65;941.2;-10.7;13.5;77.2;109.9;1.5
MER;197004;-;-;2;70;944.4;-7.6;23.2;74.3;222.8;6.1
MER;197005;-;-;0;58;945.5;-0.7;23.2;71.9;102.5;11.7
MER;197006;-;-;0;52;947.5;4.5;27.4;77.4;164.0;16.6
MER;197007;-;-;0;50;947.5;5.3;28.2;79.0;127.0;16.5
MER;197008;-;-;0;55;946.6;4.8;29.3;84.7;269.8;16.5
MER;197009;-;-;0;32;949.2;4.0;27.6;80.3;63.5;14.8
MER;197010;-;-;0;49;949.4;-2.6;25.7;79.7;116.7;8.9
MER;197011;-;-;0;54;945.8;-4.5;18.8;82.3;70.4;5.5
MER;197012;-;-;1;61;948.6;-14.6;9.8;86.1;32.1;-1.3
MER;197101;-;-;33;43;941.9;-16.7;13.8;85.5;20.1;-2.6
MER;197102;-;-;6;53;947.6;-8.3;8.6;84.0;67.2;0.0
MER;197103;-;-;4;54;941.2;-15.5;16.5;76.2;112.0;0.5
MER;197104;-;-;0;40;940.1;-1.4;23.7;64.5;34.1;11.0
MER;197105;-;-;0;54;941.2;3.0;27.6;73.0;71.9;14.1
MER;197106;-;-;0;75;941.0;5.0;25.8;83.1;207.6;12.9
MER;197107;-;-;0;48;945.2;6.5;29.9;74.6;111.3;17.4
MER;197108;-;-;0;60;943.6;8.5;33.4;80.3;214.9;17.0
MER;197109;-;-;0;50;947.7;0.2;23.2;81.1;69.8;12.5
MER;197110;-;-;0;45;951.2;0.0;20.8;79.9;27.0;9.3
MER;197111;-;-;7;70;940.1;-8.5;16.2;84.2;131.6;2.3
MER;197112;-;-;13;61;950.7;-6.6;5.7;88.5;47.4;-0.3
MER;197201;-;-;5;70;938.4;-7.2;10.5;83.9;14.8;-0.2
MER;197202;-;-;1;66;936.6;-6.2;16.8;70.4;24.5;4.6
MER;197203;-;-;0;51;939.4;-1.8;18.2;69.1;27.2;6.5
MER;197204;-;-;0;84;937.2;-1.0;22.0;79.6;100.9;6.7
MER;197205;-;-;0;78;940.2;0.0;23.5;78.8;126.6;10.7
MER;197206;-;-;0;70;942.1;1.6;25.0;79.8;159.1;13.3
MER;197207;-;-;0;76;944.5;7.6;28.8;85.9;152.7;15.2
MER;197208;-;-;0;68;944.6;6.0;30.5;84.1;95.7;14.8
MER;197209;-;-;0;54;944.1;2.0;21.6;82.9;57.5;10.2
MER;197210;-;-;0;54;944.4;0.2;19.8;81.4;95.0;7.3
MER;197211;-;-;3;55;945.1;-7.4;15.5;87.7;224.3;3.4
MER;197212;-;-;2;36;948.8;-8.8;13.5;82.9;16.8;-0.4
MER;197301;-;-;7;73;946.5;-9.5;9.2;88.9;60.9;-1.2
MER;197302;-;-;36;64;940.8;-9.0;6.2;81.3;62.2;-1.5
MER;197303;-;-;33;58;946.8;-8.2;17.0;74.3;23.5;2.5
MER;197304;-;-;6;75;940.4;-4.3;21.2;79.2;108.6;4.8
MER;197305;-;-;0;70;943.2;2.9;25.2;79.7;100.7;12.8
MER;197306;-;-;0;68;944.8;2.7;28.2;84.8;192.9;14.6
MER;197307;-;-;0;70;942.0;7.1;29.9;87.8;195.7;15.5
MER;197308;-;-;0;65;946.3;9.5;29.0;87.0;185.2;17.5
MER;197309;-;-;0;53;944.5;3.2;26.4;87.1;76.3;13.8
MER;197310;-;-;0;59;945.1;-1.4;23.6;87.0;96.6;7.4
MER;197311;-;-;1;56;947.6;-6.6;17.0;82.7;76.0;3.4
MER;197312;-;-;9;71;941.6;-15.0;14.7;81.7;77.6;0.8
MER;197401;-;-;3;68;946.6;-7.5;12.5;89.1;65.0;1.5
MER;197402;-;-;3;78;936.5;-3.6;13.0;85.7;87.2;2.7
MER;197403;-;-;1;69;939.6;-3.3;21.4;71.4;67.6;7.2
MER;197404;-;-;0;60;937.3;-1.2;20.6;74.7;52.3;8.1
MER;197405;-;-;0;75;940.2;1.0;23.8;82.4;111.1;10.7
MER;197406;-;-;0;74;942.0;3.4;26.1;85.6;131.0;12.9
MER;197407;-;-;0;64;945.2;7.9;27.7;82.2;138.9;15.7
MER;197408;-;-;0;65;944.4;6.6;30.5;87.2;160.5;16.6
MER;197409;-;-;0;59;942.6;1.9;26.7;88.2;103.5;12.4
MER;197410;-;-;1;90;939.9;-3.5;12.0;92.7;195.1;3.8
MER;197411;-;-;5;75;942.8;-2.7;17.0;84.6;124.7;4.0
MER;197412;-;-;3;70;950.7;-6.6;11.2;90.6;122.6;1.7
MER;197501;-;-;0;66;946.9;-6.3;15.0;86.2;109.7;2.5
MER;197502;-;-;0;38;947.9;-4.0;13.2;77.5;32.9;2.1
MER;197503;-;-;4;84;934.9;-6.5;15.0;81.7;144.3;3.2
MER;197504;-;-;3;61;941.8;-3.8;22.0;78.0;118.7;7.3
MER;197505;-;-;0;66;941.2;2.0;27.5;80.6;96.2;11.7
MER;197506;-;-;0;73;944.1;4.2;26.5;85.1;149.0;13.0
MER;197507;-;-;0;60;945.2;7.0;29.5;88.8;131.3;15.8
MER;197508;-;-;0;64;945.6;8.0;29.0;90.0;203.7;16.2
MER;197509;-;-;0;65;945.3;6.0;31.5;87.9;81.5;15.1
MER;197510;-;-;0;53;947.5;-1.6;19.6;91.0;90.6;7.0
MER;197511;-;-;1;71;943.0;-6.8;14.0;90.2;124.1;3.3
MER;197512;-;-;0;64;948.5;-7.5;10.8;92.8;4.2;-1.3
MER;197601;-;-;8;73;946.3;-12.5;11.5;86.1;66.4;0.1
MER;197602;-;-;10;63;945.0;-7.5;14.5;88.2;35.9;1.0
MER;197603;-;-;1;49;943.4;-8.6;20.0;79.4;24.6;3.5
MER;197604;-;-;3;56;940.3;-1.8;23.6;75.7;108.0;7.5
MER;197605;-;-;0;56;943.5;1.7;26.8;78.6;91.4;12.6
MER;197606;-;-;0;51;946.7;5.0;30.0;77.7;94.7;16.6
MER;197607;-;-;0;69;944.5;8.4;30.5;86.8;236.3;17.0
MER;197608;-;-;0;63;945.8;7.2;25.0;82.9;101.7;14.7
MER;197609;-;-;0;70;943.2;2.4;24.5;82.8;66.8;11.9
MER;197610;-;-;0;68;936.6;1.5;23.0;80.4;87.5;10.6
MER;197611;-;-;0;75;943.8;-2.4;17.0;82.2;80.0;4.0
MER;197612;-;-;10;65;937.1;-10.8;11.6;91.5;119.6;-2.1
MER;197701;-;-;15;78;939.6;-8.5;13.0;89.1;100.4;0.3
MER;197702;-;-;1;78;938.1;-6.5;15.4;79.8;119.9;3.7
MER;197703;-;-;0;70;945.5;-3.0;17.6;79.2;91.1;6.6
MER;197704;-;-;1;84;942.0;-2.4;22.5;85.0;216.1;6.0
MER;197705;-;-;0;74;940.9;2.0;26.0;80.2;90.9;11.4
MER;197706;-;-;0;73;941.9;6.6;28.5;81.2;147.4;14.4
MER;197707;-;-;0;68;942.5;8.0;27.5;86.6;208.7;15.6
MER;197708;-;-;0;75;941.9;8.2;25.5;89.3;180.3;14.6
MER;197709;-;-;0;51;948.7;3.2;23.8;87.2;37.7;12.1
MER;197710;-;-;0;54;946.2;1.5;23.8;82.1;110.1;10.2
MER;197711;-;-;4;71;941.2;-8.0;17.0;84.3;131.4;3.7
MER;197712;-;-;3;59;946.3;-9.0;15.4;86.8;74.6;0.8
MER;197801;-;-;12;75;939.2;-8.3;9.0;86.8;98.6;-0.3
MER;197802;-;-;25;79;933.8;-10.0;16.0;83.8;166.0;0.6
MER;197803;-;-;2;80;940.7;-2.0;17.5;78.8;161.1;4.8
MER;197804;-;-;0;75;935.8;-2.0;18.5;76.0;50.7;7.0
MER;197805;-;-;0;80;940.8;1.5;23.0;81.3;151.0;10.3
MER;197806;-;-;0;71;942.8;3.8;26.8;86.7;208.1;12.6
MER;197807;-;-;0;65;944.8;7.5;28.9;86.4;165.8;15.0
MER;197808;-;-;0;69;946.1;6.0;26.5;88.1;172.2;14.5
MER;197809;-;-;0;51;947.3;4.6;22.5;86.9;81.6;12.6
MER;197810;-;-;0;50;949.0;0.2;19.8;87.8;76.7;8.0
MER;197811;-;-;1;41;952.2;-4.6;11.7;85.2;23.2;2.3
MER;197812;-;-;1;80;935.1;-9.0;16.2;87.5;77.3;1.7
MER;197901;-;-;11;74;938.3;-11.8;13.0;86.7;79.3;-2.1
MER;197902;-;-;1;76;935.7;-7.0;16.0;86.1;89.6;2.2
MER;197903;-;-;1;79;937.0;-2.2;16.5;80.1;183.0;4.9
MER;197904;-;-;0;74;939.0;-2.1;19.4;75.4;77.7;6.4
MER;197905;-;-;0;56;944.1;-1.5;28.6;73.8;62.3;11.7
MER;197906;-;-;0;74;945.5;4.4;26.7;87.0;194.8;14.8
MER;197907;-;-;0;69;947.1;7.5;29.3;78.9;64.5;16.5
MER;197908;-;-;0;68;943.6;5.6;26.8;86.7;195.4;14.7
MER;197909;-;-;0;56;947.4;4.5;24.0;89.3;87.5;13.1
MER;197910;-;-;0;69;940.8;2.4;23.0;82.7;107.5;11.2
MER;197911;-;-;4;64;943.7;-5.5;13.2;87.3;164.6;2.7
MER;197912;-;-;5;71;941.9;-5.5;10.2;85.2;167.5;2.3
MER;198001;-;-;27;80;941.2;-9.5;11.0;89.3;96.6;-2.1
MER;198002;-;-;2;50;946.5;-3.4;11.0;79.5;92.0;2.8
MER;198003;-;-;1;69;936.7;-3.3;16.5;79.3;99.8;4.5
MER;198004;-;-;0;74;943.1;-3.4;18.6;77.6;103.6;5.3
MER;198005;-;-;0;75;938.8;3.1;22.0;79.5;70.9;10.4
MER;198006;-;-;0;79;942.3;4.2;27.5;85.9;160.1;12.6
MER;198007;-;-;0;70;942.9;5.2;28.6;88.4;158.0;13.7
MER;198008;-;-;0;63;945.4;7.5;28.4;83.6;88.8;16.7
MER;198009;-;-;0;36;948.5;6.5;25.8;82.9;48.8;14.0
MER;198010;-;-;0;61;941.1;0.0;21.0;87.4;190.2;7.9
MER;198011;-;-;1;70;942.6;-4.5;11.8;87.1;58.8;2.5
MER;198012;-;-;27;61;946.3;-11.6;5.5;87.9;114.5;-2.3
MER;198101;-;-;54;66;947.0;-11.2;5.2;88.1;181.4;-2.7
MER;198102;-;-;54;50;944.2;-9.5;6.0;80.4;39.1;-2.2
MER;198103;-;-;18;78;939.2;-6.1;21.5;81.8;185.4;5.7
MER;198104;-;-;0;71;942.0;-1.5;24.5;75.5;23.0;9.5
MER;198105;-;-;0;73;939.8;2.0;27.4;80.9;117.8;11.4
MER;198106;-;-;-;68;945.1;5.0;28.5;80.7;84.6;14.7
MER;198107;-;-;0;71;945.9;5.5;28.5;88.4;205.2;14.7
MER;198108;-;-;0;53;946.5;6.2;29.5;82.8;101.4;16.4
MER;198109;-;-;0;76;944.6;4.0;25.8;87.4;203.7;13.5
MER;198110;-;-;0;78;941.8;-1.5;24.0;86.5;187.8;8.2
MER;198111;-;-;1;51;951.3;-5.4;16.0;82.7;98.5;3.7
MER;198112;-;-;19;86;930.8;-11.0;11.5;85.6;193.4;0.4
MER;198201;-;-;2;69;945.1;-6.0;10.5;87.5;143.4;1.1
MER;198202;-;-;12;49;945.2;-9.2;13.5;85.4;55.0;1.1
MER;198203;-;-;6;65;943.7;-4.0;17.0;77.4;121.5;3.2
MER;198204;-;-;0;55;942.9;-0.8;19.4;69.6;42.6;7.3
MER;198205;-;-;0;54;946.2;1.5;25.5;76.1;84.0;12.4
MER;198206;-;-;0;70;944.0;7.6;25.4;84.6;136.3;14.7
MER;198207;-;-;0;60;945.4;10.0;29.4;85.4;238.6;17.3
MER;198208;-;-;0;69;945.0;7.0;26.5;89.3;205.0;15.3
MER;198209;-;-;0;49;946.9;6.0;26.8;86.6;70.8;14.8
MER;198210;-;-;0;54;941.4;0.5;18.0;87.1;106.8;8.4
MER;198211;-;-;0;61;944.2;-1.5;18.0;81.0;56.3;5.3
MER;198212;-;-;3;73;942.5;-6.0;13.0;88.6;108.9;1.2
MER;198301;-;-;4;58;954.4;-7.5;11.0;86.8;147.3;1.1
MER;198302;-;-;20;59;942.5;-10.0;11.0;83.0;71.3;-1.8
MER;198303;-;-;4;56;944.1;-4.0;16.5;77.3;56.7;5.0
MER;198304;-;-;0;78;937.7;-0.8;22.5;73.6;107.0;8.9
MER;198305;-;-;0;76;938.9;0.5;23.2;81.1;224.7;10.0
MER;198306;-;-;0;66;946.5;5.5;29.4;80.9;92.5;15.5
MER;198307;-;-;0;34;945.5;9.6;37.2;70.3;28.4;20.8
MER;198308;-;-;0;60;945.3;8.2;27.5;85.3;173.6;16.6
MER;198309;-;-;0;51;946.0;2.0;27.0;85.0;88.5;13.8
MER;198310;-;-;0;50;949.6;0.0;20.5;86.3;65.1;9.1
MER;198311;-;-;0;46;944.7;-4.6;18.0;86.1;110.8;3.1
MER;198312;-;-;2;54;944.4;-8.3;13.0;82.6;76.7;0.6
MER;198401;-;-;12;70;941.2;-9.0;7.0;82.0;123.5;-0.1
MER;198402;-;-;19;73;944.4;-10.0;7.4;78.9;122.4;-1.0
MER;198403;-;-;14;51;940.1;-7.2;15.5;63.0;36.4;2.1
MER;198404;-;-;0;56;942.6;-2.6;24.0;64.8;33.3;7.1
MER;198405;-;-;0;80;934.5;0.0;22.5;76.9;114.5;9.7
MER;198406;-;-;0;64;943.6;5.0;27.5;75.1;105.9;14.3
MER;198407;-;-;0;53;946.1;7.6;32.5;77.6;139.0;16.6
MER;198408;-;-;0;63;944.7;9.5;28.1;83.5;140.0;15.8
MER;198409;-;-;0;66;940.4;4.5;25.0;88.0;217.2;11.6
MER;198410;-;-;0;50;945.4;0.5;18.8;79.2;57.5;9.7
MER;198411;-;-;0;56;938.1;-2.0;20.0;75.8;57.4;7.3
MER;198412;-;-;1;65;947.7;-7.6;15.6;89.1;67.7;0.7
MER;198501;-;-;19;69;937.0;-17.5;8.0;84.7;82.7;-5.2
MER;198502;-;-;25;66;944.5;-12.2;9.0;88.4;126.6;-0.5
MER;198503;-;-;7;65;939.3;-6.4;16.3;75.0;54.3;2.8
MER;198504;-;-;0;74;939.8;-1.0;22.0;69.7;106.5;8.0
MER;198505;-;-;0;69;938.1;0.5;26.6;75.6;177.7;11.9
MER;198506;-;-;0;74;942.6;4.5;26.0;82.6;212.0;13.1
MER;198507;-;-;0;51;945.1;8.8;31.0;79.9;83.9;18.0
MER;198508;-;-;0;43;944.7;6.0;31.0;80.2;126.5;15.9
MER;198509;-;-;0;29;948.5;4.5;23.6;83.2;66.1;14.3
MER;198510;-;-;0;44;949.5;0.0;22.0;81.9;6.8;9.9
MER;198511;-;-;3;81;939.9;-8.0;17.2;82.8;112.3;1.0
MER;198512;-;-;1;46;944.6;-7.0;15.3;80.6;44.1;1.5
MER;198601;-;-;17;75;938.1;-10.4;11.0;82.4;199.4;-0.2
MER;198602;-;-;14;76;934.7;-14.5;9.8;78.1;38.7;-3.5
MER;198603;-;-;5;58;941.5;-4.4;18.4;73.3;133.6;4.0
MER;198604;-;-;0;83;935.9;-3.8;18.9;76.5;145.2;6.1
MER;198605;-;-;0;66;944.7;0.4;27.5;75.7;125.6;13.7
MER;198606;-;-;0;53;943.6;3.0;29.5;79.8;181.7;14.4
MER;198607;-;-;0;59;945.2;6.5;27.0;80.0;131.1;16.4
MER;198608;-;-;0;60;943.5;6.1;31.5;85.0;165.4;16.0
MER;198609;-;-;0;51;946.6;6.0;24.9;84.2;59.4;13.4
MER;198610;-;-;0;40;946.8;-0.8;21.5;84.8;69.7;10.2
MER;198611;-;-;0;49;948.7;-3.0;18.5;81.2;71.3;4.8
MER;198612;-;-;12;65;946.9;-11.0;8.0;84.7;121.1;0.4
MER;198701;-;-;33;75;941.8;-18.0;8.0;85.3;156.4;-4.3
MER;198702;-;-;35;73;939.6;-11.0;10.0;90.5;133.0;-0.1
MER;198703;-;-;19;73;941.9;-9.0;14.2;79.8;112.3;0.7
MER;198704;-;-;0;55;943.4;-3.0;25.8;71.1;113.3;9.0
MER;198705;-;-;0;71;941.6;0.5;24.2;82.7;175.5;9.2
MER;198706;-;-;0;70;943.5;5.2;29.5;84.6;194.6;12.9
MER;198707;-;-;0;68;943.6;6.0;29.8;84.6;166.7;16.6
MER;198708;-;-;0;59;944.1;6.0;28.0;82.8;151.7;16.1
MER;198709;-;-;0;51;946.0;5.0;27.5;82.3;64.9;15.5
MER;198710;-;-;0;60;942.1;1.5;23.0;82.4;59.6;10.9
MER;198711;-;-;0;73;942.4;-0.8;13.0;85.6;102.8;4.6
MER;198712;-;-;0;71;946.0;-5.5;10.0;88.6;51.8;1.6
MER;198801;-;-;1;69;939.5;-4.5;14.5;81.8;81.9;2.8
MER;198802;-;-;8;68;940.9;-6.6;10.5;81.8;139.9;0.7
MER;198803;-;-;20;84;940.0;-9.2;14.0;83.4;284.0;2.2
MER;198804;-;-;0;66;940.0;-1.5;22.0;74.7;55.7;9.3
MER;198805;-;-;0;65;939.4;4.0;25.5;77.6;95.2;13.5
MER;198806;-;-;0;71;941.3;5.3;23.9;82.0;132.1;14.2
MER;198807;-;-;0;51;944.0;9.1;30.8;78.7;143.3;16.8
MER;198808;-;-;0;56;943.5;0.9;28.5;82.6;133.3;16.7
MER;198809;-;-;0;59;946.1;5.2;25.6;83.3;42.2;13.4
MER;198810;-;-;0;65;944.6;1.5;25.0;86.1;132.3;10.5
MER;198811;-;-;2;58;947.2;-8.3;13.0;86.5;63.2;2.0
MER;198812;-;-;7;70;949.7;-6.5;14.0;91.8;177.8;0.3
MER;198901;-;-;4;31;956.1;-8.0;5.5;84.9;7.8;-1.3
MER;198902;-;-;4;53;946.9;-7.6;11.2;81.7;73.6;2.1
MER;198903;-;-;0;48;943.3;-2.0;22.2;71.9;85.0;7.3
MER;198904;-;-;0;80;934.9;0.3;18.8;74.9;165.6;7.6
MER;198905;-;-;0;48;945.1;3.1;26.1;75.7;86.7;13.3
MER;198906;-;-;0;61;943.6;4.6;27.9;76.1;103.2;14.4
MER;198907;-;-;0;66;946.3;10.0;29.6;79.6;187.1;17.5
MER;198908;-;-;0;53;943.5;6.5;29.7;82.3;197.3;16.3
MER;198909;-;-;0;60;945.7;6.1;23.5;86.3;91.0;13.2
MER;198910;-;-;0;38;947.5;1.4;23.0;80.6;97.6;9.8
MER;198911;-;-;0;44;942.6;-5.0;17.0;82.8;48.1;2.9
MER;198912;-;-;0;46;941.8;-7.5;21.5;79.9;51.3;1.1
MER;199001;-;-;0;35;949.1;-7.2;14.0;70.9;22.6;0.2
MER;199002;-;-;0;48;943.7;-3.5;17.5;69.0;201.8;5.6
MER;199003;-;-;0;50;952.8;-5.7;22.4;70.4;95.5;6.3
MER;199004;-;-;0;73;939.9;0.2;21.0;73.2;95.6;7.0
MER;199005;-;-;0;58;944.9;4.6;24.5;75.4;160.1;13.9
MER;199006;-;-;0;69;942.4;5.9;29.0;80.8;203.7;14.3
MER;199007;-;-;0;50;945.7;8.0;32.5;69.5;56.0;18.0
MER;199008;-;-;0;48;946.9;8.1;32.5;72.7;119.3;18.0
MER;199009;-;-;0;56;945.0;6.0;22.2;78.4;93.7;13.0
MER;199010;-;-;0;63;940.9;2.6;26.0;76.6;140.2;11.5
MER;199011;-;-;1;64;940.6;-4.0;15.0;83.4;155.9;3.8
MER;199012;-;-;24;66;942.9;-9.8;9.5;84.5;142.4;-1.5
MER;199101;-;-;5;61;949.0;-8.5;10.0;84.4;71.8;-0.2
MER;199102;-;-;4;48;941.6;-13.6;14.8;73.0;31.1;-0.5
MER;199103;-;-;0;70;939.4;-1.2;19.8;73.1;89.9;7.9
MER;199104;-;-;0;59;941.4;-7.4;19.8;69.9;105.4;7.1
MER;199105;-;-;0;65;943.9;0.2;25.5;73.5;123.6;9.5
MER;199106;-;-;0;70;942.6;4.3;27.6;81.3;177.3;13.8
MER;199107;-;-;0;48;944.1;9.5;32.1;78.5;207.0;18.2
MER;199108;-;-;0;41;946.4;10.4;31.8;74.4;37.8;18.8
MER;199109;-;-;0;53;944.0;4.0;27.2;75.0;84.0;16.1
MER;199110;-;-;0;53;943.2;-2.3;23.0;81.4;51.1;8.1
MER;199111;-;-;0;65;941.8;-5.0;16.0;85.0;91.8;3.2
MER;199112;-;-;0;43;953.0;-8.0;8.5;81.3;157.5;-1.3
MER;199201;-;-;3;55;957.5;-11.0;12.9;86.2;16.6;-2.8
MER;199202;-;-;6;51;955.2;-13.0;11.0;83.6;114.7;0.0
MER;199203;-;-;0;74;946.9;-3.0;18.0;75.6;110.2;5.4
MER;199204;-;-;0;63;944.0;-2.4;26.0;70.6;85.7;8.4
MER;199205;-;-;0;53;948.4;2.0;27.8;65.0;38.8;14.9
MER;199206;-;-;0;66;944.3;5.1;28.4;74.0;143.3;15.5
MER;199207;-;-;0;64;949.2;10.0;30.5;77.4;80.7;18.4
MER;199208;-;-;0;48;948.3;10.0;33.4;74.4;174.0;19.3
MER;199209;-;-;0;54;950.8;3.5;27.0;77.7;84.1;14.2
MER;199210;-;-;0;84;940.3;-3.0;17.0;83.9;118.8;8.0
MER;199211;-;-;0;74;949.8;-2.5;14.5;89.2;241.7;4.8
MER;199212;-;-;0;60;948.7;-9.0;13.5;85.8;70.4;0.1
MER;199301;-;-;0;51;956.4;-11.5;15.5;82.3;57.4;0.8
MER;199302;-;-;5;48;955.7;-13.2;10.0;80.8;31.2;-1.2
MER;199303;-;-;5;55;950.4;-6.5;20.0;71.8;37.5;3.7
MER;199304;-;-;0;66;942.7;-3.5;23.0;67.9;120.5;10.5
MER;199305;-;-;0;63;944.7;2.0;28.6;70.8;108.4;14.8
MER;199306;-;-;0;65;948.0;8.2;29.0;74.5;159.0;16.4
MER;199307;-;-;0;66;949.6;7.6;31.6;76.8;194.9;16.4
MER;199308;-;-;0;54;949.8;5.3;29.5;77.1;103.4;17.5
MER;199309;-;-;0;69;944.3;3.2;25.2;81.9;157.4;12.9
MER;199310;-;-;0;78;944.6;-1.0;22.2;81.8;115.0;8.3
MER;199311;-;-;0;70;948.3;-7.1;14.8;83.0;62.7;2.3
MER;199312;-;-;3;79;944.7;-9.6;13.6;85.5;135.0;1.7
MER;199401;-;-;1;70;946.7;-9.4;13.4;80.8;144.5;1.5
MER;199402;-;-;0;75;943.7;-8.0;16.3;72.8;31.4;3.0
MER;199403;-;-;0;69;951.0;-1.0;22.1;73.2;63.5;8.8
MER;199404;-;-;0;78;942.6;-2.5;24.0;75.6;96.1;7.2
MER;199405;-;-;0;70;944.3;4.0;23.2;77.2;216.1;13.4
MER;199406;-;-;0;66;950.2;3.6;29.8;70.7;106.3;16.5
MER;199407;-;-;0;58;949.1;11.6;32.5;72.5;166.5;20.2
MER;199408;-;-;0;59;947.7;9.6;31.2;80.2;204.6;18.2
MER;199409;-;-;0;76;946.5;3.2;27.5;82.9;102.2;13.8
MER;199410;-;-;0;60;947.5;0.5;20.6;81.4;52.1;9.4
MER;199411;-;-;0;76;951.1;-2.1;21.5;87.2;46.0;7.3
MER;199412;-;-;1;76;952.3;-5.3;9.8;89.5;121.8;1.2
MER;199501;-;-;9;69;948.2;-13.0;9.5;84.5;204.5;-1.4
MER;199502;-;-;0;75;947.6;-3.1;15.4;84.6;124.7;3.8
MER;199503;-;-;1;68;946.0;-7.2;17.2;75.3;150.2;2.9
MER;199504;-;-;0;76;946.2;0.4;21.6;74.4;96.7;9.0
MER;199505;-;-;0;69;946.4;0.3;26.3;71.2;145.4;13.1
MER;199506;-;-;0;69;947.4;4.6;29.5;77.4;117.7;14.6
MER;199507;-;-;0;60;947.9;11.6;32.5;75.0;147.9;20.0
MER;199508;-;-;0;75;948.4;4.5;29.2;81.0;202.1;16.9
MER;199509;-;-;0;76;945.6;1.3;23.5;83.6;134.8;11.8
MER;199510;-;-;0;48;953.5;2.2;20.7;82.3;2.9;11.5
MER;199511;-;-;0;63;948.4;-5.6;20.5;77.3;71.6;4.5
MER;199512;-;-;2;76;944.4;-10.2;14.2;85.0;149.3;0.1
MER;199601;-;-;1;65;943.4;-11.0;15.0;86.8;3.1;0.2
MER;199602;-;-;5;64;943.0;-12.5;10.5;80.7;57.0;-0.5
MER;199603;-;-;0;56;945.0;-9.5;19.0;75.2;49.8;3.2
MER;199604;-;-;0;73;946.2;-2.5;21.5;71.8;53.6;9.2
MER;199605;-;-;0;66;944.5;-0.5;27.0;77.5;186.1;12.3
MER;199606;-;-;0;56;951.3;5.0;29.5;76.0;69.1;16.1
MER;199607;-;-;0;58;950.0;5.5;27.5;81.1;170.1;16.0
MER;199608;-;-;0;69;948.4;5.5;26.5;85.6;195.4;15.7
MER;199609;-;-;0;65;946.4;1.5;20.5;83.9;62.5;10.6
MER;199610;-;-;0;65;949.8;-2.5;22.5;84.8;146.4;8.5
MER;199611;-;-;4;71;944.2;-9.0;18.5;85.1;169.8;3.8
MER;199612;-;-;2;76;943.0;-11.2;12.2;89.2;57.4;-0.6
MER;199701;-;-;2;60;950.5;-11.5;5.0;89.3;36.8;-1.7
MER;199702;-;-;0;48;954.6;-8.0;15.0;80.9;71.8;1.8
MER;199703;-;-;0;50;954.9;-3.0;17.0;77.1;56.7;6.2
MER;199704;-;-;0;49;949.0;-5.0;20.0;71.7;93.9;7.2
MER;199705;-;-;0;53;946.4;0.0;26.5;72.5;97.9;12.6
MER;199706;-;-;0;78;943.5;7.0;27.5;80.4;181.6;15.3
MER;199707;-;-;0;64;949.9;8.5;26.5;82.6;256.4;15.6
MER;199708;-;-;0;54;949.8;6.5;29.5;81.4;98.2;17.8
MER;199709;-;-;0;35;952.6;5.0;26.5;84.9;77.8;14.3
MER;199710;-;-;0;53;948.7;-5.0;21.5;86.1;87.1;8.4
MER;199711;-;-;0;50;941.4;-5.0;22.5;85.1;37.6;4.0
MER;199712;-;-;0;68;945.1;-8.0;16.8;83.1;132.8;2.4
MER;199801;-;-;6;51;949.5;-12.5;16.8;84.2;68.9;0.0
MER;199802;-;-;5;26;956.3;-10.5;18.5;81.0;24.8;1.2
MER;199803;-;-;0;66;953.0;-7.0;20.5;73.5;48.0;4.8
MER;199804;-;-;0;71;938.1;-2.0;21.5;72.9;124.9;8.4
MER;199805;-;-;0;50;946.1;4.0;28.0;73.1;70.3;13.6
MER;199806;-;-;0;59;949.4;4.3;30.0;76.4;245.9;16.6
MER;199807;-;-;0;60;947.4;7.0;30.5;79.2;131.7;17.8
MER;199808;-;-;0;55;950.2;5.5;32.5;79.0;102.7;17.7
MER;199809;-;-;0;68;945.0;4.5;25.0;82.8;167.7;13.1
MER;199810;-;-;0;75;948.1;0.5;18.0;86.9;136.0;8.8
MER;199811;-;-;1;65;949.1;-8.5;12.5;85.4;121.8;1.3
MER;199812;-;-;11;60;953.0;-13.0;12.0;86.3;37.5;-1.4
MER;199901;-;-;9;46;948.4;-10.0;12.0;86.2;166.3;-0.4
MER;199902;-;-;53;75;948.0;-14.0;9.0;84.8;276.9;-1.8
MER;199903;-;-;21;60;944.0;-7.0;15.5;76.5;108.5;4.2
MER;199904;-;-;0;71;945.6;0.0;21.5;78.2;147.5;8.0
MER;199905;-;-;0;62;947.2;6.0;30.0;77.3;207.9;14.7
MER;199906;-;-;0;66;949.7;4.0;29.5;79.7;192.0;14.9
MER;199907;-;-;0;55;948.4;10.0;30.5;78.4;72.1;18.1
MER;199908;-;-;0;70;946.8;9.0;28.5;84.8;144.4;17.3
MER;199909;-;-;0;56;945.9;9.0;25.6;82.0;130.7;15.8
MER;199910;-;-;0;62;949.0;0.0;21.5;82.8;51.7;9.7
MER;199911;-;-;9;60;951.4;-11.0;15.0;88.9;88.8;1.2
MER;199912;-;-;9;62;946.4;-11.5;11.5;89.4;185.4;-1.1
MER;200001;-;-;23;48;955.4;-15.5;7.0;89.4;60.0;-3.4
MER;200002;-;-;6;65;954.3;-7.0;14.5;85.5;127.7;1.6
MER;200003;-;-;0;68;951.5;-5.0;16.5;78.4;112.7;5.2
MER;200004;-;-;0;61;939.6;-1.5;22.5;68.2;61.4;9.6
MER;200005;-;-;0;65;947.6;4.0;26.5;77.8;93.8;14.4
MER;200006;-;-;0;52;951.4;5.5;29.5;75.9;104.0;17.1
MER;200007;-;-;0;69;946.5;5.0;30.5;84.1;210.6;15.6
MER;200008;-;-;0;51;950.3;10.0;31.5;82.5;176.5;17.7
MER;200009;-;-;0;46;947.4;4.0;24.0;81.6;128.3;14.3
MER;200010;-;-;0;70;947.4;0.0;19.0;87.3;110.7;9.6
MER;200011;-;-;1;57;941.2;-5.5;18.5;81.3;96.8;5.0
MER;200012;-;-;0;62;944.4;-7.5;17.0;85.9;23.6;2.5
MER;200101;-;-;3;66;944.4;-10.0;13.5;82.6;68.4;0.8
MER;200102;-;-;1;62;948.9;-7.0;15.5;73.1;45.1;3.0
MER;200103;-;-;0;82;939.1;-6.5;19.5;80.0;188.9;7.4
MER;200104;-;-;2;80;945.1;-2.5;20.0;79.5;211.3;6.2
MER;200105;-;-;0;56;946.6;5.0;28.5;72.7;84.3;15.0
MER;200106;-;-;0;51;949.2;3.0;29.0;76.0;236.6;15.1
MER;200107;-;-;0;50;948.0;8.5;29.5;77.8;140.1;17.6
MER;200108;-;-;0;49;949.8;7.5;31.5;79.4;132.0;18.2
MER;200109;-;-;0;79;947.0;2.0;21.0;86.9;145.2;11.0
MER;200110;-;-;0;32;951.3;1.5;23.5;83.5;46.9;11.6
MER;200111;-;-;2;72;952.2;-8.0;12.5;87.6;85.8;2.2
MER;200112;-;-;3;64;952.5;-14.0;11.0;86.0;88.8;-1.9
MER;200201;-;-;4;34;956.6;-12.5;11.0;89.5;34.5;-2.9
MER;200202;-;-;1;70;948.8;-8.5;16.5;84.1;88.8;3.6
MER;200203;-;-;0;54;948.5;-3.5;19.0;72.8;98.9;6.6
MER;200204;-;-;0;61;944.8;-0.5;21.0;74.8;82.3;9.1
MER;200205;-;-;0;60;945.9;2.5;27.0;79.4;205.6;12.3
MER;200206;-;-;0;52;948.6;8.0;32.0;79.0;175.1;18.0
MER;200207;-;-;0;57;947.7;7.5;28.0;82.0;186.5;17.1
MER;200208;-;-;0;64;947.5;9.5;28.6;83.5;203.4;16.8
MER;200209;-;-;0;64;949.0;1.4;23.5;85.6;218.6;12.4
MER;200210;-;-;0;56;946.6;-1.0;21.5;84.7;141.1;9.0
MER;200211;-;-;0;74;942.9;-2.0;17.0;89.2;337.4;5.5
MER;200212;-;-;0;81;946.8;-6.5;15.5;88.4;103.9;2.8
MER;200301;-;-;3;70;946.9;-10.0;15.0;84.6;83.6;-1.2
MER;200302;-;-;33;40;949.8;-14.5;12.0;81.0;56.3;-2.6
MER;200303;-;-;2;41;953.1;-3.0;18.0;73.6;27.7;6.0
MER;200304;-;-;0;51;946.0;-6.0;22.0;71.1;77.2;8.8
MER;200305;-;-;0;65;949.7;2.0;27.5;77.9;95.9;13.8
MER;200306;-;-;0;42;949.2;9.5;31.8;76.1;156.5;20.3
MER;200307;-;-;0;53;949.6;10.5;33.0;79.0;129.4;18.7
MER;200308;-;-;0;36;950.4;10.5;34.5;74.9;97.2;20.5
MER;200309;-;-;0;44;951.8;4.0;25.0;81.2;76.9;13.5
MER;200310;-;-;0;58;944.4;-5.5;20.0;84.5;148.5;6.8
MER;200311;-;-;0;47;948.2;-3.0;19.5;85.0;65.6;5.0
MER;200312;-;-;7;47;949.3;-15.0;18.0;83.0;70.5;0.4
MER;200401;-;-;6;84;943.3;-12.0;12.0;85.2;166.8;0.1
MER;200402;-;-;6;48;949.9;-11.0;14.5;79.1;29.0;0.4
MER;200403;-;-;1;58;950.5;-6.5;20.5;76.2;58.9;3.8
MER;200404;-;-;0;56;943.5;-2.0;22.0;70.4;72.3;9.0
MER;200405;-;-;0;57;945.9;0.0;26.0;74.7;152.4;11.4
MER;200406;-;-;0;64;950.2;7.0;29.0;77.1;217.7;15.6
MER;200407;-;-;0;56;949.6;6.0;29.5;74.9;115.4;17.5
MER;200408;-;-;0;59;947.5;7.5;29.0;80.7;220.8;17.3
MER;200409;-;-;0;54;952.4;4.0;26.0;82.0;94.8;14.3
MER;200410;-;-;0;63;945.0;1.5;22.0;86.2;65.4;11.0
MER;200411;-;-;0;66;951.3;-6.5;14.0;85.2;36.6;3.2
MER;200412;-;-;3;56;950.1;-10.0;11.0;87.6;45.4;-1.4
MER;200501;-;-;9;52;954.1;-15.0;9.0;85.1;96.4;-2.7
MER;200502;-;-;27;62;947.5;-13.5;7.0;78.1;62.6;-2.9
MER;200503;-;-;16;49;947.6;-16.5;17.5;75.7;33.0;3.2
MER;200504;-;-;0;62;945.3;0.0;25.5;72.8;92.2;8.9
MER;200505;-;-;0;59;948.6;1.5;29.5;74.2;147.2;13.4
MER;200506;-;-;0;48;950.3;4.0;32.0;70.8;110.1;17.5
MER;200507;-;-;0;64;948.7;8.0;31.0;76.9;108.0;17.4
MER;200508;-;-;0;68;949.5;6.5;27.0;81.0;387.7;15.2
MER;200509;-;-;0;57;950.2;5.0;27.0;77.8;64.4;15.0
MER;200510;-;-;0;37;951.1;1.5;19.5;82.2;61.2;9.6
MER;200511;-;-;3;61;948.5;-13.0;16.5;81.2;40.7;3.3
MER;200512;-;-;9;68;948.1;-15.0;11.0;83.6;82.5;-2.0
MER;200601;-;-;6;54;952.1;-14.5;12.5;83.7;31.2;-3.1
MER;200602;-;-;3;71;944.6;-11.0;11.5;79.1;65.7;-0.1
MER;200603;-;-;3;66;942.5;-11.0;20.5;77.7;133.9;2.5
MER;200604;-;-;0;67;946.1;-3.5;22.0;76.3;134.0;8.2
MER;200605;-;-;0;67;948.8;0.5;24.0;76.7;263.8;12.5
MER;200606;-;-;0;48;951.6;3.0;32.0;69.5;115.5;17.1
MER;200607;-;-;0;43;951.8;12.0;31.0;74.0;104.2;20.5
MER;200608;-;-;0;75;946.7;4.5;26.5;80.5;226.1;14.2
MER;200609;-;-;0;53;948.6;4.5;26.0;77.5;120.9;16.0
MER;200610;-;-;0;49;948.1;3.0;23.0;80.5;50.9;11.8
MER;200611;-;-;0;45;951.5;-4.0;19.0;76.2;61.3;6.6
MER;200612;-;-;5;50;955.8;-8.0;17.0;85.7;66.8;-0.1
MER;200701;-;-;2;68;952.8;-8.5;14.5;85.8;73.1;1.4
MER;200702;-;-;1;49;944.6;-5.0;13.0;78.0;77.4;3.2
MER;200703;-;-;4;51;946.5;-4.0;16.2;73.8;143.3;5.0
MER;200704;-;-;0;31;949.0;0.5;26.5;65.8;29.0;13.0
MER;200705;-;-;0;65;944.3;0.5;26.5;72.2;247.5;13.7
MER;200706;-;-;0;65;945.9;6.5;29.0;77.4;178.4;16.5
MER;200707;-;-;0;56;948.3;8.0;32.5;73.3;235.3;17.1
MER;200708;-;-;0;63;947.8;8.0;29.5;79.6;252.4;16.2
MER;200709;-;-;0;50;951.1;3.5;23.5;76.5;78.0;12.7
MER;200710;-;-;0;57;952.5;-0.5;22.0;77.9;49.8;9.0
MER;200711;-;-;3;64;950.1;-10.5;16.0;80.7;105.3;2.8
MER;200712;-;-;1;56;953.7;-9.0;10.0;84.2;121.6;-1.0
MER;200801;-;-;2;45;951.6;-9.5;14.0;76.7;57.1;1.9
MER;200802;-;-;0;34;956.4;-6.0;14.0;76.6;46.3;2.5
MER;200803;-;-;5;79;940.6;-9.0;17.5;74.5;120.2;4.0
MER;200804;-;-;0;75;942.2;-2.0;19.5;74.9;165.8;7.6
MER;200805;-;-;0;64;944.7;4.0;27.5;63.1;18.4;15.3
MER;200806;-;-;0;73;948.3;7.5;30.5;76.5;156.5;16.7
MER;200807;-;-;0;64;948.6;6.5;28.5;75.0;168.7;17.3
MER;200808;-;-;0;64;948.0;7.5;28.0;77.5;211.5;17.0
MER;200809;-;-;0;71;948.8;2.0;27.5;78.3;144.8;12.5
MER;200810;-;-;2;65;949.8;-2.5;20.0;82.2;144.1;9.1
MER;200811;-;-;5;64;946.0;-9.5;19.4;79.7;93.3;4.0
MER;200812;-;-;5;72;947.7;-8.0;11.0;83.3;80.8;-0.1
MER;200901;-;-;5;62;944.4;-13.0;10.0;82.6;45.1;-3.2
MER;200902;-;-;16;77;944.5;-10.0;12.0;76.8;142.1;0.4
MER;200903;-;-;9;76;946.0;-5.0;14.5;75.9;136.7;3.1
MER;200904;-;-;0;57;944.0;2.0;22.5;63.8;56.3;11.0
MER;200905;-;-;0;62;950.2;1.5;32.5;67.9;82.7;15.1
MER;200906;-;-;0;70;947.8;7.5;29.0;72.7;193.1;15.8
MER;200907;-;-;0;67;949.2;9.0;28.0;68.8;247.6;17.5
MER;200908;-;-;0;54;950.6;7.0;32.0;71.7;146.8;18.3
MER;200909;-;-;0;61;951.1;6.0;27.5;73.0;73.5;15.0
MER;200910;-;-;0;64;949.3;-2.5;24.0;74.8;75.2;9.0
MER;200911;-;-;0;70;944.2;-2.0;18.0;79.8;114.0;6.1
MER;200912;-;-;8;80;939.7;-11.5;15.0;75.4;82.8;0.3
MER;201001;-;-;8;77;943.3;-9.5;5.0;77.9;42.4;-2.5
MER;201002;-;-;14;74;936.6;-14.5;12.5;65.5;21.6;0.3
MER;201003;-;-;2;71;947.2;-10.5;18.6;59.7;54.6;4.2
MER;201004;-;-;0;65;948.4;-2.5;26.0;65.7;32.3;9.3
MER;201005;-;-;0;83;944.7;3.5;27.0;74.8;193.8;11.6
MER;201006;-;-;0;68;946.3;6.0;28.0;69.4;99.7;16.2
MER;201007;-;-;0;59;950.2;8.0;33.5;70.1;200.7;18.7
MER;201008;-;-;0;75;948.8;6.5;28.0;75.8;223.9;16.2
MER;201009;-;-;0;65;947.7;-1.0;22.0;74.5;135.7;12.7
MER;201010;-;-;0;64;945.5;-2.5;23.5;74.2;54.4;9.3
MER;201011;-;-;1;77;939.1;-8.2;20.0;79.7;108.9;4.3
MER;201012;-;-;7;78;942.3;-12.5;15.0;79.1;73.6;-1.3
MER;201101;-;-;3;62;949.4;-12.5;13.0;82.4;58.5;-1.0
MER;201102;-;-;1;51;948.7;-8.5;13.0;77.7;43.7;1.1
MER;201103;-;-;0;53;950.3;-4.0;19.5;68.0;37.8;6.2
MER;201104;-;-;0;46;948.8;0.0;24.0;61.7;34.3;11.7
MER;201105;-;-;0;59;950.0;1.8;27.0;66.4;122.0;14.5
MER;201106;-;-;0;73;949.1;6.0;31.5;72.8;157.9;16.0
MER;201107;-;-;0;72;946.2;8.0;32.0;71.3;195.1;15.9
MER;201108;-;-;0;51;948.7;8.0;31.0;68.9;118.3;18.3
MER;201109;-;-;0;51;950.8;5.0;26.5;72.0;95.3;15.4
MER;201110;-;-;0;41;952.6;-4.0;23.0;79.8;111.0;8.4
MER;201111;59;5404;0;40;951.9;-6.0;21.9;81.3;0.0;3.5
MER;201112;23;783;12;79;950.1;-10.8;10.2;92.2;273.1;0.6
MER;201201;37;1997;18;73;953.5;-11.7;9.4;86.9;148.1;-0.2
MER;201202;90;5390;13;63;954.6;-17.2;8.1;76.5;18.3;-4.6
MER;201203;175;13378;1;36;956.2;-4.4;18.9;67.1;39.5;6.3
MER;201204;177;6954;0;72;938.0;-2.2;26.2;67.6;98.5;9.1
MER;201205;240;11677;0;64;947.6;-0.5;27.0;70.2;96.2;13.6
MER;201206;227;10243;0;66;947.5;4.6;30.4;78.4;175.0;16.9
MER;201207;213;10531;0;66;949.1;7.5;30.8;78.3;129.1;17.3
MER;201208;214;13239;0;54;950.2;6.9;30.4;78.7;158.8;18.4
MER;201209;158;9767;0;57;948.8;2.6;24.5;81.6;114.8;13.5
MER;201210;89;5484;0;67;945.4;-4.5;20.6;86.0;151.3;9.1
MER;201211;57;4278;0;63;945.6;-5.1;17.8;86.8;67.5;4.0
MER;201212;29;593;19;74;946.7;-17.8;13.8;89.5;172.4;-0.7
MER;201301;48;3010;12;73;946.0;-13.1;6.8;89.2;76.1;-1.5
MER;201302;85;3704;34;75;944.5;-16.3;6.3;82.1;78.6;-2.7
MER;201303;123;5445;5;72;937.8;-9.3;13.8;72.5;42.0;3.3
MER;201304;182;8494;0;71;945.9;-2.6;24.2;72.7;68.4;8.9
MER;201305;189;6475;0;73;944.0;1.9;22.9;78.8;193.2;10.7
MER;201306;229;10174;0;65;950.0;5.4;33.7;73.6;111.6;15.6
MER;201307;263;15457;0;49;951.3;8.0;33.6;72.7;68.7;19.5
MER;201308;199;11540;0;50;950.6;7.9;31.6;78.1;110.0;17.6
MER;201309;146;8537;0;60;949.1;3.4;27.4;81.9;108.4;14.1
MER;201310;92;5142;0;70;949.4;2.5;24.3;86.0;82.1;11.0
MER;201311;44;2171;1;77;947.2;-8.2;15.7;86.0;126.8;3.0
MER;201312;32;2576;4;48;954.2;-11.4;15.0;86.2;43.3;-1.4
MER;201401;46;2517;1;66;942.5;-9.9;12.5;87.4;65.5;1.1
MER;201402;84;4876;1;67;942.2;-4.9;13.5;77.9;76.5;3.1
MER;201403;163;11042;0;46;948.0;-3.8;20.2;69.4;40.4;6.2
MER;201404;195;10076;0;65;945.9;-0.6;20.3;69.5;88.8;10.4
MER;201405;212;8297;0;71;948.0;-0.2;25.1;72.1;112.2;12.1
MER;201406;244;11494;0;62;948.8;6.2;32.7;72.4;85.9;16.9
MER;201407;191;8230;0;72;947.6;7.1;29.9;81.6;305.2;17.0
MER;201408;157;5983;0;77;948.0;6.4;27.7;83.7;196.5;15.6
MER;201409;154;8986;0;58;950.0;4.3;24.2;82.5;84.0;14.2
MER;201410;100;7141;0;57;950.1;-0.8;24.6;84.1;104.1;11.1
MER;201411;57;3929;0;67;943.7;-1.3;18.9;86.2;91.8;6.1
MER;201412;27;435;3;79;951.7;-13.0;9.1;88.5;52.6;1.4
MER;201501;42;2074;10;72;949.8;-11.6;11.6;85.3;120.4;0.2
MER;201502;78;3654;31;63;946.7;-11.4;9.3;83.1;31.7;-1.7
MER;201503;139;8957;3;58;950.8;-5.8;17.8;71.1;98.4;5.5
MER;201504;203;11419;0;55;951.4;-2.6;21.7;65.9;91.9;9.4
MER;201505;194;8967;0;69;948.9;0.3;26.3;75.3;179.7;13.1
MER;201506;249;12078;0;60;950.9;9.5;29.7;71.5;103.0;17.9
MER;201507;248;13683;0;47;949.5;10.0;33.3;67.5;100.1;21.1
MER;201508;215;13100;0;51;949.1;8.3;32.8;77.3;120.5;18.8
MER;201509;138;7189;0;67;949.3;2.4;27.3;80.1;83.1;12.8
MER;201510;101;6336;0;69;949.0;-0.3;19.5;84.2;71.5;8.6
MER;201511;59;4911;2;48;953.8;-7.5;19.2;86.8;87.9;4.1
MER;201512;32;2264;1;32;960.5;-7.2;7.0;93.3;13.8;-0.6
MER;201601;42;2227;6;69;947.3;-15.7;7.2;89.9;109.6;0.2
MER;201602;69;3033;2;77;944.7;-6.3;13.9;83.7;122.9;2.7
MER;201603;150;8552;1;60;944.7;-10.4;19.7;70.8;50.6;4.4
MER;201604;177;7763;0;70;944.4;-1.9;21.3;71.2;113.8;9.2
MER;201605;217;9916;0;68;945.8;1.8;26.2;69.6;193.0;12.6
MER;201606;203;7713;0;73;947.9;6.9;31.8;82.3;211.2;15.8
MER;201607;232;12002;0;60;951.3;6.2;30.3;79.8;209.1;18.4
MER;201608;205;12011;0;54;952.7;8.6;29.5;82.2;185.6;17.5
MER;201609;165;10863;0;52;951.5;5.8;25.7;84.4;91.3;15.3
MER;201610;89;5013;0;66;951.4;-1.2;22.5;86.5;67.2;8.2
MER;201611;49;2337;0;75;947.1;-5.7;19.3;80.0;94.8;5.6
MER;201612;32;2903;0;30;960.3;-10.0;10.1;88.3;0.8;-2.5
MER;201701;47;2696;15;68;952.7;-16.2;10.4;86.1;56.6;-4.1
MER;201702;82;4419;2;60;949.0;-5.3;14.1;82.6;71.0;2.5
MER;201703;148;9534;0;60;949.1;-2.4;21.9;71.9;156.1;8.1
MER;201704;196;10666;0;58;950.4;-2.8;22.9;70.3;83.8;8.6
MER;201705;250;12995;0;60;949.0;-0.8;28.8;71.3;127.8;13.9
MER;201706;263;13216;0;58;948.5;5.1;32.2;75.1;107.8;18.7
MER;201707;206;9122;0;67;949.5;9.9;30.8;77.0;123.7;18.5
MER;201708;193;11314;0;57;950.9;8.0;32.5;79.8;168.8;18.1
MER;201709;136;6656;0;71;949.2;1.8;23.4;84.1;133.6;11.9
MER;201710;106;7504;0;46;954.4;-0.6;19.4;83.1;83.7;9.3
MER;201711;51;2908;0;72;949.2;-4.6;16.4;85.7;113.7;2.8
MER;201712;31;1470;6;78;949.1;-9.6;13.6;90.2;106.9;-1.4
MER;201801;45;2654;0;71;947.9;-6.9;17.0;82.9;193.1;3.4
MER;201802;69;2728;4;80;944.5;-12.7;4.7;79.2;66.4;-1.6
MER;201803;118;4172;1;76;936.2;-7.5;16.6;77.4;131.4;3.8
MER;201804;225;12965;0;45;945.3;-1.1;25.0;58.2;29.2;12.4
MER;201805;216;9933;0;70;946.8;4.6;26.2;76.9;80.5;14.3
MER;201806;278;14038;0;53;948.6;7.8;28.9;69.3;73.9;18.2
MER;201807;234;12953;0;50;948.8;9.8;31.4;72.5;106.4;19.5
MER;201808;209;12466;0;53;950.5;9.2;32.9;77.0;219.1;18.9
MER;201809;170;11063;0;49;953.3;3.3;26.5;80.4;109.9;15.3
MER;201810;109;8469;0;38;949.1;0.0;22.7;76.7;84.8;10.5
MER;201811;52;3717;0;63;947.5;-3.7;20.0;84.4;12.2;5.6
MER;201812;26;745;0;70;953.3;-9.0;11.6;90.0;190.1;1.8