stn;time;gre000m0;hto000m0;nto000m0;prestam0;sre000m0;tre200mn;tre200mx;ure200m0;rre150m0;tre200m0
OTL;186401;-;-;-;-;-;-;-;-;-;-1.2
OTL;186402;-;-;-;-;-;-;-;-;-;2.4
OTL;186403;-;-;-;-;-;-;-;-;-;7.7
OTL;186404;-;-;-;-;-;-;-;-;-;11.7
OTL;186405;-;-;-;-;-;-;-;-;-;15.5
OTL;186406;-;-;-;-;-;-;-;-;-;18.7
OTL;186407;-;-;-;-;-;-;-;-;-;21.4
OTL;186408;-;-;-;-;-;-;-;-;-;20.0
OTL;186409;-;-;-;-;-;-;-;-;-;16.4
OTL;186410;-;-;-;-;-;-;-;-;-;10.4
OTL;186411;-;-;-;-;-;-;-;-;-;7.6
OTL;186412;-;-;-;-;-;-;-;-;-;3.6
OTL;186501;-;-;-;-;-;-;-;-;-;2.4
OTL;186502;-;-;-;-;-;-;-;-;-;3.2
OTL;186503;-;-;-;-;-;-;-;-;-;4.4
OTL;186504;-;-;-;-;-;-;-;-;-;14.4
OTL;186505;-;-;-;-;-;-;-;-;-;16.9
OTL;186506;-;-;-;-;-;-;-;-;-;20.2
OTL;186507;-;-;-;-;-;-;-;-;-;21.7
OTL;186508;-;-;-;-;-;-;-;-;-;19.4
OTL;186509;-;-;-;-;-;-;-;-;-;19.0
OTL;186510;-;-;-;-;-;-;-;-;-;11.6
OTL;186511;-;-;-;-;-;-;-;-;-;7.8
OTL;186512;-;-;-;-;-;-;-;-;-;3.4
OTL;186601;-;-;-;-;-;-;-;-;-;3.3
OTL;186602;-;-;-;-;-;-;-;-;-;6.2
OTL;186603;-;-;-;-;-;-;-;-;-;6.9
OTL;186604;-;-;-;-;-;-;-;-;-;11.6
OTL;186605;-;-;-;-;-;-;-;-;-;13.8
OTL;186606;-;-;-;-;-;-;-;-;-;19.4
OTL;186607;-;-;-;-;-;-;-;-;-;21.3
OTL;186608;-;-;-;-;-;-;-;-;-;19.0
OTL;186609;-;-;-;-;-;-;-;-;-;16.8
OTL;186610;-;-;-;-;-;-;-;-;-;11.2
OTL;186611;-;-;-;-;-;-;-;-;-;7.0
OTL;186612;-;-;-;-;-;-;-;-;-;5.0
OTL;186701;-;-;-;-;-;-;-;-;-;2.9
OTL;186702;-;-;-;-;-;-;-;-;-;7.2
OTL;186703;-;-;-;-;-;-;-;-;-;7.9
OTL;186704;-;-;-;-;-;-;-;-;-;13.7
OTL;186705;-;-;-;-;-;-;-;-;-;15.5
OTL;186706;-;-;-;-;-;-;-;-;-;20.1
OTL;186707;-;-;-;-;-;-;-;-;-;20.8
OTL;186708;-;-;-;-;-;-;-;-;-;21.1
OTL;186709;-;-;-;-;-;-;-;-;-;18.3
OTL;186710;-;-;-;-;-;-;-;-;-;10.4
OTL;186711;-;-;-;-;-;-;-;-;-;7.2
OTL;186712;-;-;-;-;-;-;-;-;-;4.0
OTL;186801;-;-;-;-;-;-;-;-;-;1.0
OTL;186802;-;-;-;-;-;-;-;-;-;6.0
OTL;186803;-;-;-;-;-;-;-;-;-;8.2
OTL;186804;-;-;-;-;-;-;-;-;-;12.1
OTL;186805;-;-;-;-;-;-;-;-;-;19.4
OTL;186806;-;-;-;-;-;-;-;-;-;20.7
OTL;186807;-;-;-;-;-;-;-;-;-;21.5
OTL;186808;-;-;-;-;-;-;-;-;-;20.8
OTL;186809;-;-;-;-;-;-;-;-;-;17.9
OTL;186810;-;-;-;-;-;-;-;-;-;12.9
OTL;186811;-;-;-;-;-;-;-;-;-;5.4
OTL;186812;-;-;-;-;-;-;-;-;-;5.9
OTL;186901;-;-;-;-;-;-;-;-;-;2.0
OTL;186902;-;-;-;-;-;-;-;-;-;7.1
OTL;186903;-;-;-;-;-;-;-;-;-;5.4
OTL;186904;-;-;-;-;-;-;-;-;-;12.8
OTL;186905;-;-;-;-;-;-;-;-;-;16.5
OTL;186906;-;-;-;-;-;-;-;-;-;17.9
OTL;186907;-;-;-;-;-;-;-;-;-;23.1
OTL;186908;-;-;-;-;-;-;-;-;-;20.2
OTL;186909;-;-;-;-;-;-;-;-;-;18.5
OTL;186910;-;-;-;-;-;-;-;-;-;11.1
OTL;186911;-;-;-;-;-;-;-;-;-;6.3
OTL;186912;-;-;-;-;-;-;-;-;-;3.2
OTL;187001;-;-;-;-;-;-;-;-;-;1.5
OTL;187002;-;-;-;-;-;-;-;-;-;3.0
OTL;187003;-;-;-;-;-;-;-;-;-;7.4
OTL;187004;-;-;-;-;-;-;-;-;-;11.9
OTL;187005;-;-;-;-;-;-;-;-;-;17.4
OTL;187006;-;-;-;-;-;-;-;-;-;20.7
OTL;187007;-;-;-;-;-;-;-;-;-;23.0
OTL;187008;-;-;-;-;-;-;-;-;-;19.2
OTL;187009;-;-;-;-;-;-;-;-;-;16.8
OTL;187010;-;-;-;-;-;-;-;-;-;11.5
OTL;187011;-;-;-;-;-;-;-;-;-;7.2
OTL;187012;-;-;-;-;-;-;-;-;-;2.8
OTL;187101;-;-;-;-;-;-;-;-;-;1.3
OTL;187102;-;-;-;-;-;-;-;-;-;4.0
OTL;187103;-;-;-;-;-;-;-;-;-;8.5
OTL;187104;-;-;-;-;-;-;-;-;-;12.7
OTL;187105;-;-;-;-;-;-;-;-;-;15.9
OTL;187106;-;-;-;-;-;-;-;-;-;16.6
OTL;187107;-;-;-;-;-;-;-;-;-;22.1
OTL;187108;-;-;-;-;-;-;-;-;-;21.2
OTL;187109;-;-;-;-;-;-;-;-;-;19.5
OTL;187110;-;-;-;-;-;-;-;-;-;11.6
OTL;187111;-;-;-;-;-;-;-;-;-;6.6
OTL;187112;-;-;-;-;-;-;-;-;-;-0.2
OTL;187201;-;-;-;-;-;-;-;-;-;2.5
OTL;187202;-;-;-;-;-;-;-;-;-;3.9
OTL;187203;-;-;-;-;-;-;-;-;-;7.4
OTL;187204;-;-;-;-;-;-;-;-;-;12.6
OTL;187205;-;-;-;-;-;-;-;-;-;13.8
OTL;187206;-;-;-;-;-;-;-;-;-;18.5
OTL;187207;-;-;-;-;-;-;-;-;-;21.5
OTL;187208;-;-;-;-;-;-;-;-;-;19.5
OTL;187209;-;-;-;-;-;-;-;-;-;18.3
OTL;187210;-;-;-;-;-;-;-;-;-;12.7
OTL;187211;-;-;-;-;-;-;-;-;-;7.6
OTL;187212;-;-;-;-;-;-;-;-;-;5.2
OTL;187301;-;-;-;-;-;-;-;-;-;4.3
OTL;187302;-;-;-;-;-;-;-;-;-;4.1
OTL;187303;-;-;-;-;-;-;-;-;-;9.1
OTL;187304;-;-;-;-;-;-;-;-;-;11.4
OTL;187305;-;-;-;-;-;-;-;-;-;15.2
OTL;187306;-;-;-;-;-;-;-;-;-;19.1
OTL;187307;-;-;-;-;-;-;-;-;-;22.5
OTL;187308;-;-;-;-;-;-;-;-;-;21.9
OTL;187309;-;-;-;-;-;-;-;-;-;16.3
OTL;187310;-;-;-;-;-;-;-;-;-;13.3
OTL;187311;-;-;-;-;-;-;-;-;-;7.6
OTL;187312;-;-;-;-;-;-;-;-;-;3.5
OTL;187401;-;-;-;-;-;-;-;-;-;2.6
OTL;187402;-;-;-;-;-;-;-;-;-;3.7
OTL;187403;-;-;-;-;-;-;-;-;-;7.9
OTL;187404;-;-;-;-;-;-;-;-;-;13.1
OTL;187405;-;-;-;-;-;-;-;-;-;13.8
OTL;187406;-;-;-;-;-;-;-;-;-;20.2
OTL;187407;-;-;-;-;-;-;-;-;-;23.3
OTL;187408;-;-;-;-;-;-;-;-;-;20.0
OTL;187409;-;-;-;-;-;-;-;-;-;18.9
OTL;187410;-;-;-;-;-;-;-;-;-;12.8
OTL;187411;-;-;-;-;-;-;-;-;-;5.8
OTL;187412;-;-;-;-;-;-;-;-;-;3.6
OTL;187501;-;-;-;-;-;-;-;-;-;3.8
OTL;187502;-;-;-;-;-;-;-;-;-;2.3
OTL;187503;-;-;-;-;-;-;-;-;-;5.7
OTL;187504;-;-;-;-;-;-;-;-;-;11.2
OTL;187505;-;-;-;-;-;-;-;-;-;18.0
OTL;187506;-;-;-;-;-;-;-;-;-;19.6
OTL;187507;-;-;-;-;-;-;-;-;-;19.8
OTL;187508;-;-;-;-;-;-;-;-;-;21.2
OTL;187509;-;-;-;-;-;-;-;-;-;18.0
OTL;187510;-;-;-;-;-;-;-;-;-;12.4
OTL;187511;-;-;-;-;-;-;-;-;-;6.6
OTL;187512;-;-;-;-;-;-;-;-;-;3.0
OTL;187601;-;-;-;-;-;-;-;-;86.4;2.2
OTL;187602;-;-;-;-;-;-;-;-;2.3;5.1
OTL;187603;-;-;-;-;-;-;-;-;205.7;7.7
OTL;187604;-;-;-;-;-;-;-;-;459.2;11.1
OTL;187605;-;-;-;-;-;-;-;-;154.4;13.4
OTL;187606;-;-;-;-;-;-;-;-;158.3;19.0
OTL;187607;-;-;-;-;-;-;-;-;94.5;22.6
OTL;187608;-;-;-;-;-;-;-;-;292.0;21.2
OTL;187609;-;-;-;-;-;-;-;-;141.7;16.2
OTL;187610;-;-;-;-;-;-;-;-;124.2;14.1
OTL;187611;-;-;-;-;-;-;-;-;52.8;6.0
OTL;187612;-;-;-;-;-;-;-;-;-;4.9
OTL;187701;-;-;-;-;-;-;-;-;-;5.4
OTL;187702;-;-;-;-;-;-;-;-;-;6.2
OTL;187703;-;-;-;-;-;-;-;-;-;5.5
OTL;187704;-;-;-;-;-;-;-;-;-;11.9
OTL;187705;-;-;-;-;-;-;-;-;-;13.9
OTL;187706;-;-;-;-;-;-;-;-;-;21.9
OTL;187707;-;-;-;-;-;-;-;-;-;20.7
OTL;187708;-;-;-;-;-;-;-;-;-;22.1
OTL;187709;-;-;-;-;-;-;-;-;69.4;16.3
OTL;187710;-;-;-;-;-;-;-;-;44.2;9.9
OTL;187711;-;-;-;-;-;-;-;-;189.6;7.9
OTL;187712;-;-;-;-;-;-;-;-;30.0;3.3
OTL;187801;-;-;-;-;-;-;-;-;8.1;3.1
OTL;187802;-;-;-;-;-;-;-;-;0.0;5.7
OTL;187803;-;-;-;-;-;-;-;-;139.6;7.9
OTL;187804;-;-;-;-;-;-;-;-;89.3;11.9
OTL;187805;-;-;-;-;-;-;-;-;199.6;16.3
OTL;187806;-;-;-;-;-;-;-;-;177.9;18.7
OTL;187807;-;-;-;-;-;-;-;-;60.6;21.3
OTL;187808;-;-;-;-;-;-;-;-;568.7;20.4
OTL;187809;-;-;-;-;-;-;-;-;176.0;18.5
OTL;187810;-;-;-;-;-;-;-;-;403.1;12.6
OTL;187811;-;-;-;-;-;-;-;-;283.0;5.8
OTL;187812;-;-;-;-;-;-;-;-;22.9;1.5
OTL;187901;-;-;-;-;-;-;-;-;85.6;2.7
OTL;187902;-;-;-;-;-;-;-;-;71.5;5.5
OTL;187903;-;-;-;-;-;-;-;-;98.0;8.5
OTL;187904;-;-;-;-;-;-;-;-;326.7;9.8
OTL;187905;-;-;-;-;-;-;-;-;430.4;12.4
OTL;187906;-;-;-;-;-;-;-;-;195.0;19.4
OTL;187907;-;-;-;-;-;-;-;-;191.8;19.3
OTL;187908;-;-;-;-;-;-;-;-;185.7;22.2
OTL;187909;-;-;-;-;-;-;-;-;230.5;17.3
OTL;187910;-;-;-;-;-;-;-;-;13.5;11.7
OTL;187911;-;-;-;-;-;-;-;-;130.0;5.1
OTL;187912;-;-;-;-;-;-;-;-;0.0;-1.6
OTL;188001;-;-;-;-;-;-;-;-;5.0;0.2
OTL;188002;-;-;-;-;-;-;-;-;59.7;4.2
OTL;188003;-;-;-;-;-;-;-;-;6.6;9.3
OTL;188004;-;-;-;-;-;-;-;-;123.5;12.0
OTL;188005;-;-;-;-;-;-;-;-;74.1;15.6
OTL;188006;-;-;-;-;-;-;-;-;186.9;17.3
OTL;188007;-;-;-;-;-;-;-;-;90.3;22.6
OTL;188008;-;-;-;-;-;-;-;-;145.5;19.7
OTL;188009;-;-;-;-;-;-;-;-;171.6;17.7
OTL;188010;-;-;-;-;-;-;-;-;-;12.8
OTL;188011;-;-;-;-;-;-;-;-;177.4;7.3
OTL;188012;-;-;-;-;-;-;-;-;53.6;6.3
OTL;188101;-;-;-;-;-;-;-;-;114.1;1.3
OTL;188102;-;-;-;-;-;-;-;-;23.3;5.0
OTL;188103;-;-;-;-;-;-;-;-;28.9;8.9
OTL;188104;-;-;-;-;-;-;-;-;202.3;11.4
OTL;188105;-;-;-;-;-;-;-;-;85.0;15.3
OTL;188106;-;-;-;-;-;-;-;-;87.0;18.6
OTL;188107;-;-;-;-;-;-;-;-;24.5;23.9
OTL;188108;-;-;-;-;-;-;-;-;156.0;22.4
OTL;188109;-;-;-;-;-;-;-;-;340.5;15.9
OTL;188110;-;-;-;-;-;-;-;-;98.2;9.8
OTL;188111;-;-;-;-;-;-;-;-;158.5;7.4
OTL;188112;-;-;-;-;-;-;-;-;103.9;3.7
OTL;188201;-;-;-;-;-;-;-;-;15.0;3.5
OTL;188202;-;-;-;-;-;-;-;-;25.4;5.2
OTL;188203;-;-;-;-;-;-;-;-;125.0;9.9
OTL;188204;-;-;-;-;-;-;-;-;150.5;11.3
OTL;188205;-;-;-;-;-;-;-;-;-;15.3
OTL;188206;-;-;-;-;-;-;-;-;-;18.8
OTL;188207;-;-;-;-;-;-;-;-;-;20.8
OTL;188208;-;-;-;-;-;-;-;-;-;20.4
OTL;188209;-;-;-;-;-;-;-;-;-;14.9
OTL;188210;-;-;-;-;-;-;-;-;-;12.0
OTL;188211;-;-;-;-;-;-;-;-;-;6.6
OTL;188212;-;-;-;-;-;-;-;-;-;4.2
OTL;188301;-;-;-;-;-;-;-;-;152.0;3.2
OTL;188302;-;-;-;-;-;-;-;-;53.0;7.0
OTL;188303;-;-;-;-;-;-;-;-;63.0;4.7
OTL;188304;-;-;-;-;-;-;-;-;132.0;10.9
OTL;188305;-;-;-;-;-;-;-;-;256.0;15.7
OTL;188306;-;-;-;-;-;-;-;-;198.0;18.1
OTL;188307;-;-;-;-;-;-;-;-;251.0;20.1
OTL;188308;-;-;-;-;-;-;-;-;69.0;20.4
OTL;188309;-;-;-;-;-;-;-;-;280.0;16.5
OTL;188310;-;-;-;-;-;-;-;-;114.0;10.9
OTL;188311;-;-;-;-;-;-;-;-;41.0;6.2
OTL;188312;-;-;-;-;-;-;-;-;6.0;2.8
OTL;188401;-;-;-;-;-;-;-;-;10.0;4.0
OTL;188402;-;-;-;-;-;-;-;-;24.0;5.2
OTL;188403;-;-;-;-;-;-;-;-;16.0;9.5
OTL;188404;-;-;-;-;-;-;-;-;198.0;11.3
OTL;188405;-;-;-;-;-;-;-;-;228.0;17.0
OTL;188406;-;-;-;-;-;-;-;-;154.0;16.8
OTL;188407;-;-;-;-;-;-;-;-;190.0;22.1
OTL;188408;-;-;-;-;-;-;-;-;97.0;21.6
OTL;188409;-;-;-;-;-;-;-;-;211.0;17.1
OTL;188410;-;-;-;-;-;-;-;-;40.0;10.9
OTL;188411;-;-;-;-;-;-;-;-;4.0;5.4
OTL;188412;-;-;-;-;-;-;-;-;60.0;4.1
OTL;188501;-;-;-;-;-;-;-;-;87.0;1.4
OTL;188502;-;-;-;-;-;-;-;-;166.0;5.0
OTL;188503;-;-;-;-;-;-;-;-;105.0;8.0
OTL;188504;-;-;-;-;-;-;-;-;366.0;11.4
OTL;188505;-;-;-;-;-;-;-;-;189.0;13.5
OTL;188506;-;-;-;-;-;-;-;-;32.0;21.3
OTL;188507;-;-;-;-;-;-;-;-;180.0;22.3
OTL;188508;-;-;-;-;-;-;-;-;132.0;20.5
OTL;188509;-;-;-;-;-;-;-;-;367.0;16.7
OTL;188510;-;-;-;-;-;-;-;-;470.0;10.2
OTL;188511;-;-;-;-;-;-;-;-;134.0;7.5
OTL;188512;-;-;-;-;-;-;-;-;13.0;2.4
OTL;188601;-;-;-;-;-;-;-;-;192.0;1.9
OTL;188602;-;-;-;-;-;-;-;-;36.0;3.0
OTL;188603;-;-;-;-;-;-;-;-;29.0;6.6
OTL;188604;-;-;-;-;-;-;-;-;219.0;11.9
OTL;188605;-;-;-;-;-;-;-;-;329.0;15.5
OTL;188606;-;-;-;-;-;-;-;-;92.0;18.2
OTL;188607;-;-;-;-;-;-;-;-;225.0;21.2
OTL;188608;-;-;-;-;-;-;-;-;206.0;20.0
OTL;188609;-;-;-;-;-;-;-;-;61.0;18.5
OTL;188610;-;-;-;-;-;-;-;-;389.0;12.6
OTL;188611;-;-;-;-;-;-;-;-;414.0;7.1
OTL;188612;-;-;-;-;-;-;-;-;288.0;2.8
OTL;188701;-;-;-;-;-;-;-;-;90.0;0.1
OTL;188702;-;-;-;-;-;-;-;-;6.0;2.0
OTL;188703;-;-;-;-;-;-;-;-;59.0;7.0
OTL;188704;-;-;-;-;-;-;-;-;204.0;10.1
OTL;188705;-;-;-;-;-;-;-;-;150.0;13.3
OTL;188706;-;-;-;-;-;-;-;-;174.0;20.6
OTL;188707;-;-;-;-;-;-;-;-;174.0;22.7
OTL;188708;-;-;-;-;-;-;-;-;293.0;20.8
OTL;188709;-;-;-;-;-;-;-;-;292.0;16.4
OTL;188710;-;-;-;-;-;-;-;-;113.0;9.0
OTL;188711;-;-;-;-;-;-;-;-;273.0;5.7
OTL;188712;-;-;-;-;-;-;-;-;41.0;1.9
OTL;188801;-;-;-;-;-;-;-;-;1.0;2.1
OTL;188802;-;-;-;-;-;-;-;-;237.0;2.5
OTL;188803;-;-;-;-;-;-;-;-;291.0;4.7
OTL;188804;-;-;-;-;-;-;-;-;310.0;9.7
OTL;188805;-;-;-;-;-;-;-;-;102.0;16.4
OTL;188806;-;-;-;-;-;-;-;-;258.0;19.2
OTL;188807;-;-;-;-;-;-;-;-;278.0;18.9
OTL;188808;-;-;-;-;-;-;-;-;218.0;19.4
OTL;188809;-;-;-;-;-;-;-;-;242.0;17.2
OTL;188810;-;-;-;-;-;-;-;-;120.0;10.0
OTL;188811;-;-;-;-;-;-;-;-;215.0;6.3
OTL;188812;-;-;-;-;-;-;-;-;155.0;2.8
OTL;188901;-;-;-;-;-;-;-;-;76.0;1.9
OTL;188902;-;-;-;-;-;-;-;-;11.0;3.0
OTL;188903;-;-;-;-;-;-;-;-;109.0;6.4
OTL;188904;-;-;-;-;-;-;-;-;325.0;9.8
OTL;188905;-;-;-;-;-;-;-;-;246.0;15.3
OTL;188906;-;-;-;-;-;-;-;-;200.0;19.9
OTL;188907;-;-;-;-;-;-;-;-;252.0;20.9
OTL;188908;-;-;-;-;-;-;-;-;111.0;20.0
OTL;188909;-;-;-;-;-;-;-;-;63.0;16.5
OTL;188910;-;-;-;-;-;-;-;-;853.0;11.4
OTL;188911;-;-;-;-;-;-;-;-;28.0;6.6
OTL;188912;-;-;-;-;-;-;-;-;85.0;1.8
OTL;189001;-;-;-;-;-;-;-;-;45.0;4.1
OTL;189002;-;-;-;-;-;-;-;-;12.0;2.6
OTL;189003;-;-;-;-;-;-;-;-;183.0;7.0
OTL;189004;-;-;-;-;-;-;-;-;294.0;10.8
OTL;189005;-;-;-;-;-;-;-;-;423.0;15.0
OTL;189006;-;-;-;-;-;-;-;-;292.0;19.3
OTL;189007;-;-;-;-;-;-;-;-;250.0;19.3
OTL;189008;-;-;-;-;-;-;-;-;670.0;19.7
OTL;189009;-;-;-;-;-;-;-;-;305.0;16.5
OTL;189010;-;-;-;-;-;-;-;-;14.0;11.1
OTL;189011;-;-;-;-;-;-;-;-;41.0;6.4
OTL;189012;-;-;-;-;-;-;-;-;88.0;0.7
OTL;189101;-;-;-;-;-;-;-;-;1.0;-0.1
OTL;189102;-;-;-;-;-;-;-;-;0.0;3.5
OTL;189103;-;-;-;-;-;-;-;-;262.0;6.3
OTL;189104;-;-;-;-;-;-;-;-;91.0;10.3
OTL;189105;-;-;-;-;-;-;-;-;364.0;13.8
OTL;189106;-;-;-;-;-;-;-;-;100.0;19.0
OTL;189107;-;-;-;-;-;-;-;-;281.0;20.7
OTL;189108;-;-;-;-;-;-;-;-;392.0;18.8
OTL;189109;-;-;-;-;-;-;-;-;127.0;17.6
OTL;189110;-;-;-;-;-;-;-;-;379.0;13.0
OTL;189111;-;-;-;-;-;-;-;-;203.0;6.1
OTL;189112;-;-;-;-;-;-;-;-;48.0;3.5
OTL;189201;-;-;-;-;-;-;-;-;55.0;2.6
OTL;189202;-;-;-;-;-;-;-;-;226.0;4.8
OTL;189203;-;-;-;-;-;-;-;-;117.0;5.6
OTL;189204;-;-;-;-;-;-;-;-;91.0;12.4
OTL;189205;-;-;-;-;-;-;-;-;52.0;16.3
OTL;189206;-;-;-;-;-;-;-;-;204.0;20.2
OTL;189207;-;-;-;-;-;-;-;-;115.0;21.2
OTL;189208;-;-;-;-;-;-;-;-;163.0;21.1
OTL;189209;-;-;-;-;-;-;-;-;193.0;17.9
OTL;189210;-;-;-;-;-;-;-;-;574.0;10.6
OTL;189211;-;-;-;-;-;-;-;-;75.0;6.9
OTL;189212;-;-;-;-;-;-;-;-;2.0;1.7
OTL;189301;-;-;-;-;-;-;-;-;24.0;-0.4
OTL;189302;-;-;-;-;-;-;-;-;69.0;4.0
OTL;189303;-;-;-;-;-;-;-;-;12.0;9.8
OTL;189304;-;-;-;-;-;-;-;-;9.0;14.2
OTL;189305;-;-;-;-;-;-;-;-;69.0;15.8
OTL;189306;-;-;-;-;-;-;-;-;151.0;19.9
OTL;189307;-;-;-;-;-;-;-;-;168.0;20.9
OTL;189308;-;-;-;-;-;-;-;-;9.0;22.0
OTL;189309;-;-;-;-;-;-;-;-;409.0;17.6
OTL;189310;-;-;-;-;-;-;-;-;135.0;13.1
OTL;189311;-;-;-;-;-;-;-;-;65.0;6.9
OTL;189312;-;-;-;-;-;-;-;-;71.0;3.5
OTL;189401;-;-;-;-;-;-;-;-;95.0;1.1
OTL;189402;-;-;-;-;-;-;-;-;0.0;4.1
OTL;189403;-;-;-;-;-;-;-;-;51.0;8.4
OTL;189404;-;-;-;-;-;-;-;-;137.0;13.4
OTL;189405;-;-;-;-;-;-;-;-;271.0;14.1
OTL;189406;-;-;-;-;-;-;-;-;58.0;19.7
OTL;189407;-;-;-;-;-;-;-;-;306.0;21.8
OTL;189408;-;-;-;-;-;-;-;-;45.0;20.5
OTL;189409;-;-;-;-;-;-;-;-;229.0;16.3
OTL;189410;-;-;-;-;-;-;-;-;111.0;11.5
OTL;189411;-;-;-;-;-;-;-;-;142.0;7.7
OTL;189412;-;-;-;-;-;-;-;-;4.0;3.1
OTL;189501;-;-;-;-;-;-;-;-;200.0;0.3
OTL;189502;-;-;-;-;-;-;-;-;17.0;-0.5
OTL;189503;-;-;-;-;-;-;-;-;60.0;6.0
OTL;189504;-;-;-;-;-;-;-;-;87.0;12.1
OTL;189505;-;-;-;-;-;-;-;-;120.0;14.6
OTL;189506;-;-;-;-;-;-;-;-;189.0;18.5
OTL;189507;-;-;-;-;-;-;-;-;162.0;21.9
OTL;189508;-;-;-;-;-;-;-;-;103.0;20.4
OTL;189509;-;-;-;-;-;-;-;-;11.0;20.1
OTL;189510;-;-;-;-;-;-;-;-;188.0;11.9
OTL;189511;-;-;-;-;-;-;-;-;121.0;7.8
OTL;189512;-;-;-;-;-;-;-;-;64.0;3.7
OTL;189601;-;-;-;-;-;-;-;-;2.0;2.2
OTL;189602;-;-;-;-;-;-;-;-;19.0;4.7
OTL;189603;-;-;-;-;-;-;-;-;18.0;10.1
OTL;189604;-;-;-;-;-;-;-;-;58.0;11.4
OTL;189605;-;-;-;-;-;-;-;-;86.0;14.6
OTL;189606;-;-;-;-;-;-;-;-;230.0;18.3
OTL;189607;-;-;-;-;-;-;-;-;245.0;21.4
OTL;189608;-;-;-;-;-;-;-;-;288.0;17.5
OTL;189609;-;-;-;-;-;-;-;-;378.0;15.8
OTL;189610;-;-;-;-;-;-;-;-;727.0;10.4
OTL;189611;-;-;-;-;-;-;-;-;169.0;5.7
OTL;189612;-;-;-;-;-;-;-;-;157.0;2.6
OTL;189701;-;-;-;-;-;-;-;-;225.0;2.8
OTL;189702;-;-;-;-;-;-;-;-;7.0;6.5
OTL;189703;-;-;-;-;-;-;-;-;110.0;9.4
OTL;189704;-;-;-;-;-;-;-;-;118.0;11.5
OTL;189705;-;-;-;-;-;-;-;-;146.0;15.2
OTL;189706;-;-;-;-;-;-;-;-;123.0;20.8
OTL;189707;-;-;-;-;-;-;-;-;108.0;21.9
OTL;189708;-;-;-;-;-;-;-;-;511.0;19.6
OTL;189709;-;-;-;-;-;-;-;-;451.0;15.4
OTL;189710;-;-;-;-;-;-;-;-;82.0;11.3
OTL;189711;-;-;-;-;-;-;-;-;17.0;6.4
OTL;189712;-;-;-;-;-;-;-;-;101.0;3.1
OTL;189801;-;-;-;-;-;-;-;-;60.0;4.0
OTL;189802;-;-;-;-;-;-;-;-;86.0;4.8
OTL;189803;-;-;-;-;-;-;-;-;278.0;6.4
OTL;189804;-;-;-;-;-;-;-;-;225.0;11.2
OTL;189805;-;-;-;-;-;-;-;-;368.0;13.8
OTL;189806;-;-;-;-;-;-;-;-;246.0;17.8
OTL;189807;-;-;-;-;-;-;-;-;43.0;20.7
OTL;189808;-;-;-;-;-;-;-;-;85.0;22.0
OTL;189809;-;-;-;-;-;-;-;-;36.0;20.4
OTL;189810;-;-;-;-;-;-;-;-;266.0;13.3
OTL;189811;-;-;-;-;-;-;-;-;281.0;10.0
OTL;189812;-;-;-;-;-;-;-;-;0.0;5.1
OTL;189901;-;-;-;-;-;-;-;-;91.0;5.5
OTL;189902;-;-;-;-;-;-;-;-;10.0;5.9
OTL;189903;-;-;-;-;-;-;-;-;32.0;8.5
OTL;189904;-;-;-;-;-;-;-;-;188.0;11.5
OTL;189905;-;-;-;-;-;-;-;-;121.0;15.6
OTL;189906;-;-;-;-;-;-;-;-;142.0;19.4
OTL;189907;-;-;-;-;-;-;-;-;98.0;21.3
OTL;189908;-;-;-;-;-;-;-;-;123.0;21.6
OTL;189909;-;-;-;-;-;-;-;-;191.0;17.7
OTL;189910;-;-;-;-;-;-;-;-;35.0;12.5
OTL;189911;-;-;-;-;-;-;-;-;20.0;8.2
OTL;189912;-;-;-;-;-;-;-;-;70.0;3.3
OTL;190001;-;-;-;-;-;-;-;-;102.0;4.7
OTL;190002;-;-;-;-;-;-;-;-;173.0;5.7
OTL;190003;-;-;-;-;-;-;-;-;169.0;5.9
OTL;190004;-;-;-;-;-;-;-;-;32.0;11.9
OTL;190005;-;-;-;-;-;-;-;-;223.0;15.3
OTL;190006;-;-;-;-;-;-;-;-;85.0;20.1
OTL;190007;-;-;-;-;-;-;-;-;130.0;22.4
OTL;190008;-;-;-;-;-;-;-;-;438.0;19.4
OTL;190009;-;-;-;-;-;-;-;-;282.0;18.5
OTL;190010;-;-;-;-;-;-;-;-;46.3;12.8
OTL;190011;-;-;-;-;-;-;-;-;357.0;7.6
OTL;190012;-;-;-;-;-;-;-;-;21.3;5.1
OTL;190101;-;-;-;-;-;-;-;-;0.0;2.3
OTL;190102;-;-;-;-;-;-;-;-;52.0;-0.3
OTL;190103;-;-;-;-;-;-;-;-;315.2;5.3
OTL;190104;-;-;-;-;-;-;-;-;237.3;11.2
OTL;190105;-;-;-;-;-;-;-;-;70.7;15.6
OTL;190106;-;-;-;-;-;-;-;-;307.4;20.7
OTL;190107;-;-;-;-;-;-;-;-;299.1;20.6
OTL;190108;-;-;-;-;-;-;-;-;139.7;20.6
OTL;190109;-;-;-;-;-;-;-;-;116.4;17.3
OTL;190110;-;-;-;-;-;-;-;-;276.1;11.6
OTL;190111;-;-;-;-;-;-;-;-;31.5;6.2
OTL;190112;-;-;-;-;-;-;-;-;197.2;3.3
OTL;190201;-;-;-;-;-;-;-;-;39.9;4.1
OTL;190202;-;-;-;-;-;-;-;-;151.9;3.8
OTL;190203;-;-;-;-;-;-;-;-;121.7;8.0
OTL;190204;-;-;-;-;-;-;-;-;101.3;12.9
OTL;190205;-;-;-;-;-;-;-;-;94.7;13.1
OTL;190206;-;-;-;-;-;-;-;-;250.6;17.9
OTL;190207;-;-;-;-;-;-;-;-;115.9;21.9
OTL;190208;-;-;-;-;-;-;-;-;244.1;20.0
OTL;190209;-;-;-;-;-;-;-;-;296.1;16.6
OTL;190210;-;-;-;-;-;-;-;-;177.8;10.9
OTL;190211;-;-;-;-;-;-;-;-;90.8;5.6
OTL;190212;-;-;-;-;-;-;-;-;72.4;4.1
OTL;190301;-;-;-;-;-;-;-;-;87.8;1.1
OTL;190302;-;-;-;-;-;-;-;-;28.9;5.5
OTL;190303;-;-;-;-;-;-;-;-;94.4;9.0
OTL;190304;-;-;-;-;-;-;-;-;209.4;9.5
OTL;190305;-;-;-;-;-;-;-;-;518.9;14.3
OTL;190306;-;-;-;-;-;-;-;-;220.7;17.4
OTL;190307;-;-;-;-;-;-;-;-;296.0;20.3
OTL;190308;-;-;-;-;-;-;-;-;214.7;20.4
OTL;190309;-;-;-;-;-;-;-;-;90.9;17.1
OTL;190310;-;-;-;-;-;-;-;-;316.6;12.2
OTL;190311;-;-;-;-;-;-;-;-;83.2;7.6
OTL;190312;-;-;-;-;-;-;-;-;142.3;3.2
OTL;190401;-;-;-;-;-;-;-;-;29.6;3.2
OTL;190402;-;-;-;-;-;-;-;-;173.5;4.2
OTL;190403;-;-;-;-;-;-;-;-;232.6;6.9
OTL;190404;-;-;-;-;-;-;-;-;84.2;12.9
OTL;190405;-;-;-;-;-;-;-;-;161.1;17.2
OTL;190406;-;-;-;-;-;-;-;-;176.9;20.2
OTL;190407;-;-;-;-;-;-;-;-;70.3;22.8
OTL;190408;-;-;-;-;-;-;-;-;39.2;21.9
OTL;190409;-;-;-;-;-;-;-;-;233.6;15.9
OTL;190410;-;-;-;-;-;-;-;-;44.1;13.0
OTL;190411;-;-;-;-;-;-;-;-;56.8;6.7
OTL;190412;-;-;-;-;-;-;-;-;57.8;3.5
OTL;190501;-;-;-;-;-;-;-;-;29.7;1.9
OTL;190502;-;-;-;-;-;-;-;-;55.3;4.4
OTL;190503;-;-;-;-;-;-;-;-;75.1;8.0
OTL;190504;-;-;-;-;-;-;-;-;200.7;11.8
OTL;190505;-;-;-;-;-;-;-;-;430.7;13.5
OTL;190506;-;-;-;-;-;-;-;-;146.4;18.6
OTL;190507;-;-;-;-;-;-;-;-;125.7;22.9
OTL;190508;-;-;-;-;-;-;-;-;463.7;19.8
OTL;190509;-;-;-;-;-;-;-;-;352.7;17.3
OTL;190510;-;-;-;-;-;-;-;-;12.4;9.0
OTL;190511;-;-;-;-;-;-;-;-;221.1;6.5
OTL;190512;-;-;-;-;-;-;-;-;4.7;4.4
OTL;190601;-;-;-;-;-;-;-;-;21.8;2.9
OTL;190602;-;-;-;-;-;-;-;-;63.5;3.9
OTL;190603;-;-;-;-;-;-;-;-;86.1;7.5
OTL;190604;-;-;-;-;-;-;-;-;156.3;10.8
OTL;190605;-;-;-;-;-;-;-;-;69.9;15.5
OTL;190606;-;-;-;-;-;-;-;-;23.0;20.7
OTL;190607;-;-;-;-;-;-;-;-;257.3;21.4
OTL;190608;-;-;-;-;-;-;-;-;35.6;22.2
OTL;190609;-;-;-;-;-;-;-;-;74.3;17.3
OTL;190610;-;-;-;-;-;-;-;-;163.1;13.5
OTL;190611;-;-;-;-;-;-;-;-;372.3;7.7
OTL;190612;-;-;-;-;-;-;-;-;12.2;3.2
OTL;190701;-;-;-;-;-;-;-;-;16.4;2.7
OTL;190702;-;-;-;-;-;-;-;-;21.7;3.2
OTL;190703;-;-;-;-;-;-;-;-;0.3;7.5
OTL;190704;-;-;-;-;-;-;-;-;85.8;10.7
OTL;190705;-;-;-;-;-;-;-;-;121.2;15.6
OTL;190706;-;-;-;-;-;-;-;-;316.9;19.5
OTL;190707;-;-;-;-;-;-;-;-;152.0;20.0
OTL;190708;-;-;-;-;-;-;-;-;73.8;21.3
OTL;190709;-;-;-;-;-;-;-;-;235.2;17.8
OTL;190710;-;-;-;-;-;-;-;-;567.1;12.9
OTL;190711;-;-;-;-;-;-;-;-;37.4;7.6
OTL;190712;-;-;-;-;-;-;-;-;121.7;4.2
OTL;190801;-;-;-;-;-;-;-;-;2.7;2.8
OTL;190802;-;-;-;-;-;-;-;-;21.6;5.9
OTL;190803;-;-;-;-;-;-;-;-;109.4;6.0
OTL;190804;-;-;-;-;-;-;-;-;121.2;9.7
OTL;190805;-;-;-;-;-;-;-;-;269.7;17.0
OTL;190806;-;-;-;-;-;-;-;-;166.3;19.8
OTL;190807;-;-;-;-;-;-;-;-;293.9;20.4
OTL;190808;-;-;-;-;-;-;-;-;475.7;19.7
OTL;190809;-;-;-;-;-;-;-;-;134.3;16.1
OTL;190810;-;-;-;-;-;-;-;-;123.0;12.8
OTL;190811;-;-;-;-;-;-;-;-;18.6;6.5
OTL;190812;-;-;-;-;-;-;-;-;34.0;3.4
OTL;190901;-;-;-;-;-;-;-;-;1.2;1.8
OTL;190902;-;-;-;-;-;-;-;-;130.5;2.2
OTL;190903;-;-;-;-;-;-;-;-;104.4;4.7
OTL;190904;-;-;-;-;-;-;-;-;77.3;13.2
OTL;190905;-;-;-;-;-;-;-;-;86.3;15.5
OTL;190906;-;-;-;-;-;-;-;-;234.5;17.0
OTL;190907;-;-;-;-;-;-;-;-;113.1;20.0
OTL;190908;-;-;-;-;-;-;-;-;223.7;20.1
OTL;190909;-;-;-;-;-;-;-;-;110.2;15.9
OTL;190910;-;-;-;-;-;-;-;-;300.2;12.5
OTL;190911;-;-;-;-;-;-;-;-;60.3;6.3
OTL;190912;-;-;-;-;-;-;-;-;113.3;4.7
OTL;191001;-;-;-;-;-;-;-;-;51.0;4.2
OTL;191002;-;-;-;-;-;-;-;-;97.3;4.5
OTL;191003;-;-;-;-;-;-;-;-;179.0;7.9
OTL;191004;-;-;-;-;-;-;-;-;206.5;10.4
OTL;191005;-;-;-;-;-;-;-;-;208.8;14.1
OTL;191006;-;-;-;-;-;-;-;-;267.5;19.2
OTL;191007;-;-;-;-;-;-;-;-;125.4;18.9
OTL;191008;-;-;-;-;-;-;-;-;241.4;19.6
OTL;191009;-;-;-;-;-;-;-;-;63.9;16.1
OTL;191010;-;-;-;-;-;-;-;-;233.9;12.3
OTL;191011;-;-;-;-;-;-;-;-;95.4;5.5
OTL;191012;-;-;-;-;-;-;-;-;362.1;5.4
OTL;191101;-;-;-;-;-;-;-;-;4.1;3.0
OTL;191102;-;-;-;-;-;-;-;-;18.0;4.1
OTL;191103;-;-;-;-;-;-;-;-;113.9;7.2
OTL;191104;-;-;-;-;-;-;-;-;57.6;11.3
OTL;191105;-;-;-;-;-;-;-;-;109.7;15.3
OTL;191106;-;-;-;-;-;-;-;-;282.3;17.8
OTL;191107;-;-;-;-;-;-;-;-;5.4;22.8
OTL;191108;-;-;-;-;-;-;-;-;253.9;22.8
OTL;191109;-;-;-;-;-;-;-;-;179.3;18.4
OTL;191110;-;-;-;-;-;-;-;-;310.7;11.1
OTL;191111;-;-;-;-;-;-;-;-;269.2;7.6
OTL;191112;-;-;-;-;-;-;-;-;92.0;4.6
OTL;191201;-;-;-;-;-;-;-;-;93.1;4.2
OTL;191202;-;-;-;-;-;-;-;-;106.4;5.6
OTL;191203;-;-;-;-;-;-;-;-;169.4;9.2
OTL;191204;-;-;-;-;-;-;-;-;43.0;10.6
OTL;191205;-;-;-;-;-;-;-;-;78.8;16.7
OTL;191206;-;-;-;-;-;-;-;-;257.1;18.4
OTL;191207;-;-;-;-;-;-;-;-;233.3;20.2
OTL;191208;-;-;-;-;-;-;-;-;364.1;17.3
OTL;191209;-;-;-;-;-;-;-;-;32.4;13.8
OTL;191210;-;-;-;-;-;-;-;-;197.3;10.4
OTL;191211;-;-;-;-;-;-;-;-;66.4;5.1
OTL;191212;-;-;-;-;-;-;-;-;27.5;3.1
OTL;191301;-;-;-;-;-;-;-;-;13.2;3.2
OTL;191302;-;-;-;-;-;-;-;-;0.5;4.2
OTL;191303;-;-;-;-;-;-;-;-;233.7;7.9
OTL;191304;-;-;-;-;-;-;-;-;230.3;10.6
OTL;191305;-;-;-;-;-;-;-;-;130.7;15.2
OTL;191306;-;-;-;-;-;-;-;-;105.7;19.8
OTL;191307;-;-;-;-;-;-;-;-;82.1;19.4
OTL;191308;-;-;-;-;-;-;-;-;151.1;19.9
OTL;191309;-;-;-;-;-;-;-;-;300.2;15.8
OTL;191310;-;-;-;-;-;-;-;-;396.8;12.0
OTL;191311;-;-;-;-;-;-;-;-;58.1;9.2
OTL;191312;-;-;-;-;-;-;-;-;19.7;4.8
OTL;191401;-;-;-;-;-;-;-;-;10.0;1.5
OTL;191402;-;-;-;-;-;-;-;-;158.1;5.5
OTL;191403;-;-;-;-;-;-;-;-;136.8;8.1
OTL;191404;-;-;-;-;-;-;-;-;92.8;13.2
OTL;191405;-;-;-;-;-;-;-;-;425.6;14.1
OTL;191406;-;-;-;-;-;-;-;-;165.0;17.8
OTL;191407;-;-;-;-;-;-;-;-;278.3;19.4
OTL;191408;-;-;-;-;-;-;-;-;208.8;19.7
OTL;191409;-;-;-;-;-;-;-;-;30.2;16.9
OTL;191410;-;-;-;-;-;-;-;-;407.8;10.9
OTL;191411;-;-;-;-;-;-;-;-;45.3;6.4
OTL;191412;-;-;-;-;-;-;-;-;161.8;3.9
OTL;191501;-;-;-;-;-;-;-;-;76.9;2.1
OTL;191502;-;-;-;-;-;-;-;-;185.9;2.1
OTL;191503;-;-;-;-;-;-;-;-;60.1;7.1
OTL;191504;-;-;-;-;-;-;-;-;65.7;10.6
OTL;191505;-;-;-;-;-;-;-;-;236.1;16.4
OTL;191506;-;-;-;-;-;-;-;-;158.0;19.5
OTL;191507;-;-;-;-;-;-;-;-;289.2;20.3
OTL;191508;-;-;-;-;-;-;-;-;46.5;20.0
OTL;191509;-;-;-;-;-;-;-;-;290.8;15.2
OTL;191510;-;-;-;-;-;-;-;-;37.5;10.6
OTL;191511;-;-;-;-;-;-;-;-;49.5;5.3
OTL;191512;-;-;-;-;-;-;-;-;119.6;5.5
OTL;191601;-;-;-;-;-;-;-;-;0.4;4.9
OTL;191602;-;-;-;-;-;-;-;-;202.9;3.9
OTL;191603;-;-;-;-;-;-;-;-;427.5;5.9
OTL;191604;-;-;-;-;-;-;-;-;120.8;12.0
OTL;191605;-;-;-;-;-;-;-;-;241.8;15.8
OTL;191606;-;-;-;-;-;-;-;-;399.2;16.8
OTL;191607;-;-;-;-;-;-;-;-;81.4;20.3
OTL;191608;-;-;-;-;-;-;-;-;291.2;20.3
OTL;191609;-;-;-;-;-;-;-;-;159.5;15.2
OTL;191610;-;-;-;-;-;-;-;-;135.1;11.6
OTL;191611;-;-;-;-;-;-;-;-;241.1;7.3
OTL;191612;-;-;-;-;-;-;-;-;265.0;3.8
OTL;191701;-;-;-;-;-;-;-;-;76.1;2.5
OTL;191702;-;-;-;-;-;-;-;-;12.5;1.8
OTL;191703;-;-;-;-;-;-;-;-;176.6;5.8
OTL;191704;-;-;-;-;-;-;-;-;191.7;9.3
OTL;191705;-;-;-;-;-;-;-;-;431.2;16.0
OTL;191706;-;-;-;-;-;-;-;-;108.8;20.0
OTL;191707;-;-;-;-;-;-;-;-;169.0;20.5
OTL;191708;-;-;-;-;-;-;-;-;361.2;19.3
OTL;191709;-;-;-;-;-;-;-;-;41.1;18.6
OTL;191710;-;-;-;-;-;-;-;-;274.8;10.0
OTL;191711;-;-;-;-;-;-;-;-;12.1;6.9
OTL;191712;-;-;-;-;-;-;-;-;49.3;2.3
OTL;191801;-;-;-;-;-;-;-;-;46.1;3.2
OTL;191802;-;-;-;-;-;-;-;-;14.4;5.4
OTL;191803;-;-;-;-;-;-;-;-;153.0;7.3
OTL;191804;-;-;-;-;-;-;-;-;277.9;9.7
OTL;191805;-;-;-;-;-;-;-;-;144.0;16.1
OTL;191806;-;-;-;-;-;-;-;-;189.0;17.8
OTL;191807;-;-;-;-;-;-;-;-;293.5;21.3
OTL;191808;-;-;-;-;-;-;-;-;209.3;20.3
OTL;191809;-;-;-;-;-;-;-;-;337.2;17.6
OTL;191810;-;-;-;-;-;-;-;-;230.0;10.6
OTL;191811;-;-;-;-;-;-;-;-;100.6;6.4
OTL;191812;-;-;-;-;-;-;-;-;31.9;4.1
OTL;191901;-;-;-;-;-;-;-;-;237.1;3.5
OTL;191902;-;-;-;-;-;-;-;-;54.0;3.5
OTL;191903;-;-;-;-;-;-;-;-;108.3;7.5
OTL;191904;-;-;-;-;-;-;-;-;167.9;10.7
OTL;191905;-;-;-;-;-;-;-;-;5.4;16.2
OTL;191906;-;-;-;-;-;-;-;-;62.6;21.3
OTL;191907;-;-;-;-;-;-;-;-;273.5;18.7
OTL;191908;-;-;-;-;-;-;-;-;68.4;22.3
OTL;191909;-;-;-;-;-;-;-;-;304.8;18.2
OTL;191910;-;-;-;-;-;-;-;-;40.7;9.6
OTL;191911;-;-;-;-;-;-;-;-;221.1;4.7
OTL;191912;-;-;-;-;-;-;-;-;39.3;3.6
OTL;192001;-;-;-;-;-;-;-;-;144.1;5.5
OTL;192002;-;-;-;-;-;-;-;-;7.4;6.2
OTL;192003;-;-;-;-;-;-;-;-;243.3;9.7
OTL;192004;-;-;-;-;-;-;-;-;290.1;11.4
OTL;192005;-;-;-;-;-;-;-;-;129.9;18.3
OTL;192006;-;-;-;-;-;-;-;-;121.0;19.2
OTL;192007;-;-;-;-;-;-;-;-;346.1;20.7
OTL;192008;-;-;-;-;-;-;-;-;179.2;19.2
OTL;192009;-;-;-;-;-;-;-;-;445.7;16.8
OTL;192010;-;-;-;-;-;-;-;-;151.8;12.0
OTL;192011;-;-;-;-;-;-;-;-;144.0;5.8
OTL;192012;-;-;-;-;-;-;-;-;59.4;4.1
OTL;192101;-;-;-;-;-;-;-;-;80.6;6.2
OTL;192102;-;-;-;-;-;-;-;-;37.2;4.7
OTL;192103;-;-;-;-;-;-;-;-;40.2;9.3
OTL;192104;-;-;-;-;-;-;-;-;91.1;10.8
OTL;192105;-;-;-;-;-;-;-;-;198.9;16.2
OTL;192106;-;-;-;-;-;-;-;-;63.2;20.4
OTL;192107;-;-;-;-;-;-;-;-;19.3;23.1
OTL;192108;-;-;-;-;-;-;-;-;293.7;20.5
OTL;192109;-;-;-;-;-;-;-;-;39.5;18.1
OTL;192110;-;-;-;-;-;-;-;-;0.5;14.5
OTL;192111;-;-;-;-;-;-;-;-;9.2;6.0
OTL;192112;-;-;-;-;-;-;-;-;0.9;4.8
OTL;192201;-;-;-;-;-;-;-;-;78.5;2.8
OTL;192202;-;-;-;-;-;-;-;-;19.5;4.4
OTL;192203;-;-;-;-;-;-;-;-;297.6;8.6
OTL;192204;-;-;-;-;-;-;-;-;167.2;10.2
OTL;192205;-;-;-;-;-;-;-;-;61.7;17.8
OTL;192206;-;-;-;-;-;-;-;-;220.2;19.8
OTL;192207;-;-;-;-;-;-;-;-;206.5;20.1
OTL;192208;-;-;-;-;-;-;-;-;247.8;20.6
OTL;192209;-;-;-;-;-;-;-;-;302.4;14.9
OTL;192210;-;-;-;-;-;-;-;-;129.8;10.8
OTL;192211;-;-;-;-;-;-;-;-;9.6;6.5
OTL;192212;-;-;-;-;-;-;-;-;266.8;3.2
OTL;192301;-;-;-;-;-;-;-;-;5.7;3.2
OTL;192302;-;-;-;-;-;-;-;-;5.9;5.4
OTL;192303;-;-;-;-;-;-;-;-;20.8;9.1
OTL;192304;-;-;-;-;-;-;-;-;208.6;11.0
OTL;192305;-;-;-;-;-;-;-;-;300.1;15.8
OTL;192306;-;-;-;-;-;-;-;-;58.2;17.5
OTL;192307;-;-;-;-;-;-;-;-;171.6;22.7
OTL;192308;-;-;-;-;-;-;-;-;151.1;21.9
OTL;192309;-;-;-;-;-;-;-;-;232.4;16.2
OTL;192310;-;-;-;-;-;-;-;-;334.7;13.2
OTL;192311;-;-;-;-;-;-;-;-;299.5;8.0
OTL;192312;-;-;-;-;-;-;-;-;38.3;4.1
OTL;192401;-;-;-;-;-;-;-;-;51.0;2.0
OTL;192402;-;-;-;-;-;-;-;-;38.5;4.3
OTL;192403;-;-;-;-;-;-;-;-;96.5;7.4
OTL;192404;-;-;-;-;-;-;-;-;100.0;12.5
OTL;192405;-;-;-;-;-;-;-;-;197.5;16.9
OTL;192406;-;-;-;-;-;-;-;-;157.3;19.6
OTL;192407;-;-;-;-;-;-;-;-;226.0;21.4
OTL;192408;-;-;-;-;-;-;-;-;321.6;18.1
OTL;192409;-;-;-;-;-;-;-;-;206.2;16.8
OTL;192410;-;-;-;-;-;-;-;-;218.2;11.9
OTL;192411;-;-;-;-;-;-;-;-;53.5;7.4
OTL;192412;-;-;-;-;-;-;-;-;120.8;4.5
OTL;192501;-;-;-;-;-;-;-;-;4.7;4.6
OTL;192502;-;-;-;-;-;-;-;-;315.3;4.9
OTL;192503;-;-;-;-;-;-;-;-;134.8;5.5
OTL;192504;-;-;-;-;-;-;-;-;98.8;11.1
OTL;192505;-;-;-;-;-;-;-;-;231.1;14.8
OTL;192506;-;-;-;-;-;-;-;-;6.1;20.9
OTL;192507;-;-;-;-;-;-;-;-;252.8;20.1
OTL;192508;-;-;-;-;-;-;-;-;227.8;20.0
OTL;192509;-;-;-;-;-;-;-;-;255.5;15.2
OTL;192510;-;-;-;-;-;-;-;-;116.9;12.5
OTL;192511;-;-;-;-;-;-;-;-;66.7;7.3
OTL;192512;-;-;-;-;-;-;-;-;70.7;2.0
OTL;192601;-;-;-;-;-;-;-;-;56.5;2.2
OTL;192602;-;-;-;-;-;-;-;-;204.2;5.9
OTL;192603;-;-;-;-;-;-;-;-;56.5;9.1
OTL;192604;-;-;-;-;-;-;-;-;164.0;12.3
OTL;192605;-;-;-;-;-;-;-;-;446.3;14.0
OTL;192606;-;-;-;-;-;-;-;-;136.9;17.7
OTL;192607;-;-;-;-;-;-;-;-;189.9;21.2
OTL;192608;-;-;-;-;-;-;-;-;48.0;21.1
OTL;192609;-;-;-;-;-;-;-;-;85.7;19.8
OTL;192610;-;-;-;-;-;-;-;-;288.4;12.6
OTL;192611;-;-;-;-;-;-;-;-;595.5;9.6
OTL;192612;-;-;-;-;-;-;-;-;19.6;5.7
OTL;192701;-;-;-;-;-;-;-;-;111.0;4.3
OTL;192702;-;-;-;-;-;-;-;-;45.8;3.7
OTL;192703;-;-;-;-;-;-;-;-;221.9;7.9
OTL;192704;-;-;-;-;-;-;-;-;141.1;13.1
OTL;192705;-;-;-;-;-;-;-;-;82.7;16.7
OTL;192706;-;-;-;-;-;-;-;-;327.9;19.1
OTL;192707;-;-;-;-;-;-;-;-;197.6;20.9
OTL;192708;-;-;-;-;-;-;-;-;296.8;19.8
OTL;192709;-;-;-;-;-;-;-;-;248.7;16.8
OTL;192710;-;-;-;-;-;-;-;-;58.9;12.5
OTL;192711;-;-;-;-;-;-;-;-;262.6;8.5
OTL;192712;-;-;-;-;-;-;-;-;110.3;4.4
OTL;192801;-;-;-;-;-;-;-;-;39.6;4.0
OTL;192802;-;-;-;-;-;-;-;-;0.7;6.6
OTL;192803;-;-;-;-;-;-;-;-;215.2;7.5
OTL;192804;-;-;-;-;-;-;-;-;383.7;11.7
OTL;192805;-;-;-;-;-;-;-;-;223.3;13.4
OTL;192806;-;-;-;-;-;-;-;-;180.2;19.4
OTL;192807;-;-;-;-;-;-;-;-;95.4;24.7
OTL;192808;-;-;-;-;-;-;-;-;305.3;22.2
OTL;192809;-;-;-;-;-;-;-;-;56.3;17.2
OTL;192810;-;-;-;-;-;-;-;-;486.2;11.7
OTL;192811;-;-;-;-;-;-;-;-;108.1;8.1
OTL;192812;-;-;-;-;-;-;-;-;44.0;3.4
OTL;192901;-;-;-;-;-;-;-;-;42.7;0.6
OTL;192902;-;-;-;-;-;-;-;-;0.4;-0.1
OTL;192903;-;-;-;-;-;-;-;-;16.7;8.4
OTL;192904;-;-;-;-;-;-;-;-;273.6;10.2
OTL;192905;-;-;-;-;-;-;-;-;205.1;16.0
OTL;192906;-;-;-;-;-;-;-;-;98.7;20.7
OTL;192907;-;-;-;-;-;-;-;-;149.2;22.3
OTL;192908;-;-;-;-;-;-;-;-;243.7;20.6
OTL;192909;-;-;-;-;-;-;-;-;7.9;19.9
OTL;192910;-;-;-;-;-;-;-;-;305.3;12.6
OTL;192911;-;-;-;-;-;-;-;-;100.3;7.7
OTL;192912;-;-;-;-;-;-;-;-;86.9;5.6
OTL;193001;-;-;-;-;-;-;-;-;110.1;3.1
OTL;193002;-;-;-;-;-;-;-;-;24.7;3.5
OTL;193003;-;-;-;-;-;-;-;-;79.6;8.4
OTL;193004;-;-;-;-;-;-;-;-;277.3;11.3
OTL;193005;-;-;-;-;-;-;-;-;213.0;14.0
OTL;193006;-;-;-;-;-;-;-;-;331.4;19.9
OTL;193007;-;-;-;-;-;-;-;-;319.8;19.8
OTL;193008;-;-;-;-;-;-;-;-;108.6;19.9
OTL;193009;-;-;-;-;-;-;-;-;261.6;17.4
OTL;193010;-;-;-;-;-;-;-;-;57.0;11.4
OTL;193011;-;-;-;-;-;-;-;-;138.9;8.5
OTL;193012;-;-;-;-;-;-;-;-;23.0;4.1
OTL;193101;-;-;-;-;-;-;-;-;9.5;2.9
OTL;193102;-;-;-;-;-;-;-;-;185.0;3.4
OTL;193103;-;-;-;-;-;-;-;-;56.4;6.3
OTL;193104;-;-;-;-;-;-;-;-;59.0;10.7
OTL;193105;-;-;-;-;-;-;-;-;283.5;15.9
OTL;193106;-;-;-;-;-;-;-;-;158.1;21.2
OTL;193107;-;-;-;-;-;-;-;-;268.6;20.0
OTL;193108;-;-;-;-;-;-;-;-;375.4;18.8
OTL;193109;-;-;-;-;-;-;-;-;109.8;14.3
OTL;193110;-;-;-;-;-;-;-;-;176.0;12.1
OTL;193111;-;-;-;-;-;-;-;-;192.8;7.9
OTL;193112;-;-;-;-;-;-;-;-;11.8;3.0
OTL;193201;-;-;-;-;-;-;-;-;26.2;4.4
OTL;193202;-;-;-;-;-;-;-;-;11.6;1.1
OTL;193203;-;-;-;-;-;-;-;-;62.7;5.7
OTL;193204;-;-;-;-;-;-;-;-;157.6;9.3
OTL;193205;-;-;-;-;-;-;-;-;412.6;14.1
OTL;193206;-;-;-;-;-;-;-;-;272.9;17.9
OTL;193207;-;-;-;-;-;-;-;-;238.1;19.5
OTL;193208;-;-;-;-;-;-;-;-;119.6;22.2
OTL;193209;-;-;-;-;-;-;-;-;527.5;18.9
OTL;193210;-;-;-;-;-;-;-;-;87.0;11.0
OTL;193211;-;-;-;-;-;-;-;-;47.9;7.8
OTL;193212;-;-;-;-;-;-;-;-;130.1;5.1
OTL;193301;-;-;-;-;-;-;-;-;66.2;2.1
OTL;193302;-;-;-;-;-;-;-;-;6.1;3.8
OTL;193303;-;-;-;-;-;-;-;-;74.9;7.7
OTL;193304;-;-;-;-;-;-;-;-;68.8;12.7
OTL;193305;-;-;-;-;-;-;-;-;122.5;15.2
OTL;193306;-;-;-;-;-;-;-;-;340.2;16.7
OTL;193307;-;-;-;-;-;-;-;-;112.2;21.9
OTL;193308;-;-;-;-;-;-;-;-;137.9;21.7
OTL;193309;-;-;-;-;-;-;-;-;187.0;17.4
OTL;193310;-;-;-;-;-;-;-;-;283.8;12.2
OTL;193311;-;-;-;-;-;-;-;-;278.0;5.4
OTL;193312;-;-;-;-;-;-;-;-;80.2;1.8
OTL;193401;-;-;-;-;-;-;-;-;18.6;2.5
OTL;193402;-;-;-;-;-;-;-;-;44.4;5.6
OTL;193403;-;-;-;-;-;-;-;-;228.8;7.1
OTL;193404;-;-;-;-;-;-;-;-;273.8;11.7
OTL;193405;-;-;-;-;-;-;-;-;137.8;16.9
OTL;193406;-;-;-;-;-;-;-;-;109.7;18.9
OTL;193407;-;-;-;-;-;-;-;-;136.6;22.1
OTL;193408;-;-;-;-;-;-;-;-;525.2;18.9
OTL;193409;-;-;-;-;-;-;-;-;47.9;18.2
OTL;193410;-;-;-;-;-;-;-;-;83.1;11.3
OTL;193411;-;-;-;-;-;-;-;-;395.6;5.8
OTL;193412;-;-;-;-;-;-;-;-;139.4;5.2
OTL;193501;-;-;-;-;-;-;-;-;8.4;2.2
OTL;193502;-;-;-;-;-;-;-;-;113.7;5.4
OTL;193503;-;-;-;-;-;-;-;-;5.1;7.6
OTL;193504;-;-;-;-;-;-;-;-;98.0;10.7
OTL;193505;-;-;69;970.1;10170;3.6;23.5;67.0;225.5;12.6
OTL;193506;-;-;50;973.3;16992;9.6;34.0;60.0;148.3;20.7
OTL;193507;-;-;39;972.7;18570;14.6;31.6;58.5;98.9;22.0
OTL;193508;-;-;56;971.4;14004;10.7;30.0;67.1;299.9;19.4
OTL;193509;-;-;41;973.4;14844;9.1;25.2;65.8;136.2;17.2
OTL;193510;-;-;76;968.8;4512;3.7;20.3;77.5;445.0;11.9
OTL;193511;-;-;69;970.7;5196;0.3;14.9;75.1;439.1;7.2
OTL;193512;-;-;64;963.7;4872;-5.2;9.7;73.9;268.9;1.7
OTL;193601;-;-;72;967.4;4902;-2.1;11.8;78.7;128.9;3.6
OTL;193602;-;-;56;963.2;7746;-3.4;14.8;66.8;71.3;3.9
OTL;193603;-;-;60;968.7;8982;1.6;19.1;66.8;173.5;8.2
OTL;193604;-;-;68;965.4;7950;2.5;19.5;68.2;217.2;10.4
OTL;193605;-;-;63;966.8;11646;6.7;24.7;69.8;178.5;15.3
OTL;193606;-;-;56;970.7;13080;5.7;29.6;64.0;142.2;18.8
OTL;193607;-;-;60;971.0;11904;10.0;28.3;74.5;467.8;19.2
OTL;193608;-;-;37;973.9;17076;12.8;27.1;68.3;23.3;20.3
OTL;193609;-;-;51;973.3;11220;4.8;26.9;74.4;187.5;16.5
OTL;193610;-;-;34;970.8;12558;2.6;15.5;67.7;15.3;9.3
OTL;193611;-;-;50;972.4;7266;0.0;13.0;72.9;104.3;6.2
OTL;193612;-;-;38;978.5;8088;-1.5;15.1;70.1;90.5;4.4
OTL;193701;-;-;41;973.9;8111;-3.0;10.0;71.1;31.2;2.5
OTL;193702;-;-;47;964.9;9534;-0.5;15.5;61.0;113.9;6.0
OTL;193703;-;-;69;962.4;7314;-2.5;14.9;70.2;306.3;5.1
OTL;193704;-;-;45;966.1;13674;4.2;20.0;57.5;121.0;11.5
OTL;193705;-;-;54;973.2;12990;7.0;27.8;67.1;270.6;16.1
OTL;193706;-;-;45;972.0;15216;10.2;30.4;66.7;151.3;19.5
OTL;193707;-;-;38;971.0;17844;12.2;29.1;66.1;196.7;21.1
OTL;193708;-;-;40;970.4;16440;10.0;29.0;67.4;57.2;20.5
OTL;193709;-;-;56;970.4;9564;7.4;26.1;73.9;219.4;16.1
OTL;193710;-;-;66;973.0;6144;3.8;19.0;82.6;295.8;11.4
OTL;193711;-;-;41;969.6;8826;-1.0;15.0;68.4;128.0;6.7
OTL;193712;-;-;46;966.6;6522;-5.5;13.4;66.7;72.6;2.5
OTL;193801;-;-;29;971.5;8916;-8.5;16.7;59.7;22.7;2.5
OTL;193802;-;-;25;977.0;11004;-1.2;11.9;60.5;21.7;4.0
OTL;193803;-;-;17;978.8;15918;0.3;23.0;49.3;3.0;11.5
OTL;193804;-;-;24;970.8;17802;0.3;25.7;50.0;48.6;10.4
OTL;193805;-;-;61;969.5;10500;1.9;24.4;67.9;268.5;12.9
OTL;193806;-;-;38;973.5;16554;9.1;29.5;66.3;203.6;20.1
OTL;193807;-;-;42;971.9;15948;10.9;29.7;65.9;317.5;20.3
OTL;193808;-;-;43;969.1;14568;10.5;29.2;66.3;164.5;19.8
OTL;193809;-;-;55;974.1;10008;9.7;23.6;75.0;165.8;15.9
OTL;193810;-;-;39;972.3;10656;2.7;19.6;75.4;156.5;11.9
OTL;193811;-;-;37;975.2;8784;0.8;21.3;70.8;151.6;7.9
OTL;193812;-;-;56;968.8;5616;-7.7;13.9;71.2;97.8;2.2
OTL;193901;-;-;52;968.1;6552;-4.0;12.4;69.5;209.0;2.8
OTL;193902;-;-;38;975.9;9162;-2.1;19.5;55.3;77.4;6.2
OTL;193903;-;-;37;966.9;12672;-3.1;14.8;50.5;9.3;5.5
OTL;193904;-;-;53;969.7;10752;4.2;21.7;66.0;340.0;11.9
OTL;193905;-;-;67;966.0;7920;4.1;24.0;68.1;291.4;12.4
OTL;193906;-;-;48;970.4;13626;8.4;28.0;64.7;321.5;18.2
OTL;193907;-;-;38;972.3;16338;9.4;28.5;64.1;353.2;19.4
OTL;193908;-;-;45;971.7;12966;11.8;28.0;73.1;242.1;19.1
OTL;193909;-;-;47;970.9;11424;4.2;25.3;72.4;125.4;16.0
OTL;193910;-;-;67;967.0;6120;0.5;18.1;71.4;234.5;10.7
OTL;193911;-;-;45;973.5;8148;-0.9;20.5;66.2;103.2;8.1
OTL;193912;-;-;55;970.2;5034;-7.7;13.7;70.6;90.1;2.6
OTL;194001;-;-;43;968.0;7116;-7.3;8.5;62.4;1.9;0.5
OTL;194002;-;-;45;969.5;8592;-9.0;16.0;64.4;11.6;3.1
OTL;194003;-;-;41;970.3;12150;-1.7;16.6;55.7;88.2;6.9
OTL;194004;-;-;43;969.1;13044;3.0;21.0;59.6;206.4;11.2
OTL;194005;-;-;43;967.3;14220;4.1;23.9;58.4;145.8;15.3
OTL;194006;-;-;44;970.0;14448;8.0;28.5;63.8;240.7;17.5
OTL;194007;-;-;45;970.9;16446;10.5;28.5;63.0;432.7;19.4
OTL;194008;-;-;27;973.1;18696;9.6;27.5;61.5;53.7;20.1
OTL;194009;-;-;51;972.7;11880;9.4;26.8;68.0;161.0;17.2
OTL;194010;-;-;66;969.3;5820;2.0;18.0;76.3;195.4;11.1
OTL;194011;-;-;44;970.1;7938;1.2;17.3;63.0;139.4;7.7
OTL;194012;-;-;31;972.4;7578;-8.5;8.5;60.2;10.0;0.2
OTL;194101;-;-;61;963.7;4980;-5.7;9.0;73.1;124.5;1.3
OTL;194102;-;-;45;962.6;9048;-4.8;12.5;64.3;83.4;3.2
OTL;194103;-;-;38;969.0;12744;-0.1;17.0;62.1;174.1;7.1
OTL;194104;-;-;61;966.3;8538;0.1;20.2;65.1;330.0;9.3
OTL;194105;-;-;61;967.0;10902;5.5;22.2;64.1;419.7;12.2
OTL;194106;-;-;35;972.2;16854;7.9;30.7;60.4;200.2;19.0
OTL;194107;-;-;40;971.4;16236;12.9;29.4;63.8;210.7;20.9
OTL;194108;-;-;43;970.6;15456;10.1;26.5;62.6;192.1;18.8
OTL;194109;-;-;40;976.4;13140;7.2;24.3;62.8;75.3;16.4
OTL;194110;-;-;38;972.5;11580;-0.7;21.7;61.6;53.7;11.3
OTL;194111;-;-;72;973.4;3810;-0.7;13.2;72.0;141.1;5.5
OTL;194112;-;-;19;976.5;11286;-7.5;16.5;50.4;2.6;3.8
OTL;194201;-;-;57;967.2;6570;-6.5;8.0;63.9;8.4;-0.1
OTL;194202;-;-;50;965.8;8171;-5.0;11.0;61.7;32.6;2.1
OTL;194203;-;-;58;970.2;9030;1.2;18.0;67.6;58.4;8.4
OTL;194204;-;-;60;969.6;10104;3.7;20.0;64.4;117.4;10.8
OTL;194205;-;-;47;970.8;14130;3.5;27.0;59.3;161.8;15.5
OTL;194206;-;-;44;971.8;15618;7.4;28.5;61.1;198.6;18.9
OTL;194207;-;-;37;971.4;18156;10.6;30.0;57.4;143.0;21.3
OTL;194208;-;-;46;973.3;15282;11.4;26.7;63.1;201.8;20.0
OTL;194209;-;-;47;973.2;11232;5.9;27.0;70.4;289.6;18.1
OTL;194210;-;-;44;974.0;11166;6.6;23.4;68.5;269.9;14.2
OTL;194211;-;-;24;973.2;10584;-3.0;18.0;59.4;46.2;6.4
OTL;194212;-;-;48;976.1;6306;-3.8;12.5;66.7;125.6;3.9
OTL;194301;-;0;46;971.1;7811;-4.8;12.5;63.8;20.7;1.9
OTL;194302;-;0;28;978.4;11316;-2.7;16.0;48.8;9.3;6.2
OTL;194303;-;0;49;974.8;10524;-0.1;19.5;56.4;68.3;8.9
OTL;194304;-;0;35;975.1;16032;4.0;23.0;51.9;60.6;13.9
OTL;194305;-;0;48;972.8;15593;5.5;28.5;61.4;211.2;16.2
OTL;194306;-;0;43;973.0;17076;9.7;31.9;52.9;38.2;19.6
OTL;194307;-;0;38;971.0;18042;11.0;31.0;57.5;132.7;21.1
OTL;194308;-;0;25;972.2;18942;12.7;33.0;54.8;43.7;22.9
OTL;194309;-;0;60;972.4;9996;8.1;26.3;68.7;468.2;18.0
OTL;194310;-;0;62;974.4;8094;8.1;20.8;73.2;103.0;13.4
OTL;194311;-;0;49;969.9;7536;-0.5;15.0;61.8;31.2;6.4
OTL;194312;-;0;50;975.7;6918;-0.7;10.1;65.5;68.0;4.7
OTL;194401;-;0;24;978.5;10494;-4.1;21.2;52.1;0.3;4.6
OTL;194402;-;0;44;965.7;9576;-3.0;12.7;52.3;53.1;3.2
OTL;194403;-;0;30;966.9;16152;-0.6;18.2;43.4;1.5;6.8
OTL;194404;-;0;50;972.6;13494;1.8;22.9;53.3;71.4;12.7
OTL;194405;-;0;57;972.6;14796;7.6;27.1;58.4;129.0;15.7
OTL;194406;-;0;60;968.3;13494;11.3;27.3;59.1;112.3;18.5
OTL;194407;-;0;48;969.9;16182;12.5;28.1;61.4;401.9;20.7
OTL;194408;-;0;51;973.3;15642;14.5;29.2;66.7;77.1;22.0
OTL;194409;-;0;65;974.9;9798;5.5;24.2;66.3;150.5;16.2
OTL;194410;-;0;71;966.9;7260;2.3;18.0;72.1;383.5;10.5
OTL;194411;-;0;52;968.6;8676;-1.1;16.6;59.7;44.2;5.4
OTL;194412;-;0;52;972.3;6984;-5.9;12.1;59.5;30.8;2.2
OTL;194501;-;21;50;965.4;8244;-9.2;8.5;55.0;54.1;-0.9
OTL;194502;-;5;44;980.2;10182;-4.2;20.9;64.0;3.0;4.7
OTL;194503;-;0;31;978.7;15336;1.8;20.5;52.9;103.2;10.5
OTL;194504;-;0;43;972.4;16584;5.4;27.2;51.5;61.5;13.9
OTL;194505;-;0;55;970.8;14610;0.9;29.7;60.3;299.9;16.6
OTL;194506;-;0;42;974.3;19656;10.2;31.2;52.2;24.0;21.2
OTL;194507;-;0;34;971.1;20448;14.4;36.0;49.7;22.6;24.3
OTL;194508;-;0;45;968.2;15413;10.7;32.5;61.4;363.3;20.3
OTL;194509;-;0;41;973.6;15180;9.4;25.8;60.1;172.6;17.7
OTL;194510;-;0;48;975.8;12588;5.4;21.2;62.4;242.9;12.6
OTL;194511;-;0;45;971.5;9186;-0.5;14.2;63.2;51.4;6.0
OTL;194512;-;0;53;968.4;7020;-4.3;12.3;58.8;181.1;3.9
OTL;194601;-;13;53;978.0;7176;-4.9;12.2;62.7;109.7;1.3
OTL;194602;-;1;48;971.0;11076;-1.5;18.7;51.3;16.7;6.4
OTL;194603;-;0;69;969.4;8310;0.5;21.0;67.1;167.2;7.8
OTL;194604;-;0;53;972.8;12492;6.8;24.2;59.7;76.2;13.4
OTL;194605;-;0;76;968.7;8171;6.3;23.1;72.1;394.8;14.0
OTL;194606;-;0;62;972.3;12828;9.8;30.3;63.5;427.5;17.6
OTL;194607;-;0;48;972.9;17562;16.1;30.0;57.3;80.3;22.3
OTL;194608;-;0;49;970.4;14760;10.9;30.5;64.4;248.9;19.9
OTL;194609;-;0;39;974.1;14766;11.3;24.6;66.8;145.0;18.1
OTL;194610;-;0;52;971.6;11058;2.8;22.2;65.2;36.1;11.6
OTL;194611;-;0;60;970.1;6996;0.3;13.1;69.8;69.5;6.1
OTL;194612;-;1;60;969.2;6090;-4.8;11.0;59.6;12.6;2.2
OTL;194701;-;0;52;971.9;7314;-8.1;13.6;64.4;7.2;-0.2
OTL;194702;-;12;75;960.8;4878;-5.7;8.8;72.6;118.2;1.8
OTL;194703;-;0;73;966.7;6216;-2.1;17.5;65.5;226.8;6.8
OTL;194704;-;0;44;976.5;15966;3.9;26.0;52.4;56.3;13.7
OTL;194705;-;0;73;971.6;10920;10.2;27.5;66.2;168.9;16.7
OTL;194706;-;0;43;971.9;17682;10.9;31.3;56.6;126.2;20.6
OTL;194707;-;0;45;971.8;17760;13.8;33.0;62.1;376.5;22.2
OTL;194708;-;0;46;971.8;16836;15.0;32.3;62.6;168.0;21.8
OTL;194709;-;0;31;975.1;15348;9.0;27.2;61.2;231.8;18.7
OTL;194710;-;0;64;976.2;8874;5.0;20.5;69.1;86.9;12.3
OTL;194711;-;1;53;970.0;9204;-0.4;21.3;66.7;95.1;8.1
OTL;194712;-;2;52;967.9;7548;-5.9;14.8;61.5;81.5;3.2
OTL;194801;-;2;62;965.4;6042;-1.7;11.5;64.8;152.9;3.7
OTL;194802;-;3;38;974.8;11190;-5.5;21.5;50.4;14.8;4.6
OTL;194803;-;0;32;981.6;15822;0.4;22.1;46.1;5.0;11.6
OTL;194804;-;0;56;969.2;11598;3.2;20.8;60.0;189.4;11.7
OTL;194805;-;0;71;969.5;10800;5.9;23.8;68.6;257.3;15.3
OTL;194806;-;0;47;969.8;16974;8.2;28.2;54.6;295.9;18.6
OTL;194807;-;0;55;971.3;16290;9.9;27.8;55.8;142.5;19.4
OTL;194808;-;0;56;971.1;14070;11.8;28.6;65.2;256.1;19.7
OTL;194809;-;0;42;973.5;14100;10.1;24.8;65.0;254.5;16.9
OTL;194810;-;0;65;974.3;8136;5.4;20.8;72.0;152.5;12.8
OTL;194811;-;0;53;978.8;8190;-1.4;17.6;64.6;3.3;8.2
OTL;194812;-;0;44;980.4;7794;-5.0;11.8;64.8;24.1;3.0
OTL;194901;-;8;37;977.8;10224;-3.3;14.2;53.3;85.4;4.3
OTL;194902;-;0;18;981.4;13620;-5.3;19.2;43.8;0.0;5.9
OTL;194903;-;0;41;972.3;14130;-6.0;18.6;47.5;11.2;6.3
OTL;194904;-;0;52;974.1;14250;4.6;27.2;52.8;210.6;14.4
OTL;194905;-;0;71;968.4;9240;4.3;24.4;66.0;336.0;13.9
OTL;194906;-;0;43;971.3;19398;9.7;30.7;51.9;29.6;20.0
OTL;194907;-;0;38;972.7;19470;14.1;30.7;54.1;131.3;22.2
OTL;194908;-;0;44;974.1;15582;12.4;32.0;55.6;98.1;21.3
OTL;194909;-;0;55;975.9;11994;12.7;27.7;62.7;30.1;18.8
OTL;194910;-;0;65;976.3;9852;5.6;21.8;67.6;80.3;14.4
OTL;194911;-;0;63;965.6;6684;0.8;14.7;63.2;218.7;7.0
OTL;194912;-;2;46;972.5;8526;-2.0;15.1;57.4;64.2;3.8
OTL;195001;-;2;62;974.1;6828;-4.8;10.7;68.0;18.7;2.5
OTL;195002;-;2;58;971.3;7781;-2.3;16.3;60.5;134.7;5.0
OTL;195003;-;0;41;973.3;14280;-0.7;22.1;54.0;31.5;9.8
OTL;195004;-;0;62;964.9;10548;1.6;21.5;61.5;262.6;10.0
OTL;195005;-;0;63;972.5;12840;8.4;24.1;65.0;195.0;16.1
OTL;195006;-;0;50;973.7;17730;13.3;31.3;64.2;99.4;20.8
OTL;195007;-;0;41;971.1;19080;15.3;32.0;57.0;160.7;23.5
OTL;195008;-;0;53;970.6;14784;13.7;28.7;67.7;230.4;20.6
OTL;195009;-;0;60;971.3;11478;8.4;26.0;68.7;218.8;16.4
OTL;195010;-;0;55;973.6;11328;2.3;24.0;65.4;0.2;12.9
OTL;195011;-;0;61;969.2;6660;0.5;13.2;67.4;221.6;6.1
OTL;195012;-;1;77;963.8;3648;-4.5;10.2;72.7;143.6;2.5
OTL;195101;-;3;71;968.2;5922;-0.7;16.2;70.1;170.9;3.7
OTL;195102;-;3;68;965.4;6558;-0.1;10.2;71.9;342.1;3.7
OTL;195103;-;0;62;965.4;9612;-2.0;14.8;59.1;140.6;5.8
OTL;195104;-;0;59;971.7;12198;1.5;21.5;57.3;201.5;10.7
OTL;195105;-;0;77;967.4;9432;6.1;24.8;69.6;183.9;13.8
OTL;195106;-;0;55;971.3;15294;10.9;28.3;64.5;231.8;18.4
OTL;195107;-;0;46;973.0;17604;12.9;29.3;61.7;104.6;20.8
OTL;195108;-;0;58;971.2;13614;11.4;28.3;68.4;382.7;19.5
OTL;195109;-;0;49;972.9;13428;11.4;25.6;66.3;100.8;18.2
OTL;195110;-;0;77;975.0;5100;3.9;20.2;72.7;229.8;10.8
OTL;195111;-;0;66;967.9;5382;1.4;14.4;70.5;577.2;7.8
OTL;195112;-;0;34;976.0;9486;-1.6;11.1;60.3;23.6;4.7
OTL;195201;-;2;47;969.0;8484;-4.8;8.8;57.9;28.6;1.8
OTL;195202;-;0;34;968.8;12222;-3.9;13.9;53.4;4.3;4.0
OTL;195203;-;0;52;968.0;11070;-1.0;21.0;63.3;66.1;7.7
OTL;195204;-;0;64;972.3;10602;2.0;24.3;63.4;298.8;12.9
OTL;195205;-;0;58;971.5;14382;8.4;26.6;59.9;217.1;15.9
OTL;195206;-;0;56;973.2;16932;14.0;30.9;62.1;128.3;20.4
OTL;195207;-;0;45;972.7;18324;14.7;34.6;59.5;96.5;23.2
OTL;195208;-;0;48;970.9;14796;13.3;29.6;65.8;101.4;20.5
OTL;195209;-;0;55;969.8;11238;5.9;26.9;67.2;443.5;14.2
OTL;195210;-;0;54;970.8;9798;5.0;18.3;67.0;120.1;10.7
OTL;195211;-;0;57;968.2;7878;-1.6;14.7;59.0;116.0;5.3
OTL;195212;-;2;58;968.2;6198;-3.6;11.6;67.9;43.6;2.7
OTL;195301;-;0;39;970.5;10062;-4.3;9.9;58.3;3.7;2.0
OTL;195302;-;0;30;969.8;10926;-4.6;15.1;51.1;4.9;3.7
OTL;195303;-;0;22;981.3;16836;-0.6;18.9;43.5;0.0;9.3
OTL;195304;-;0;66;969.3;9816;5.8;20.9;64.7;153.3;12.4
OTL;195305;-;0;40;970.0;18864;5.6;29.6;49.8;9.2;17.8
OTL;195306;-;0;73;967.9;8682;7.8;26.7;67.0;360.0;17.0
OTL;195307;-;0;53;971.8;15432;13.0;28.5;65.2;238.0;20.7
OTL;195308;-;0;45;973.9;18096;13.2;29.0;64.3;114.2;20.7
OTL;195309;-;0;64;973.5;8970;11.2;26.6;73.7;286.6;17.4
OTL;195310;-;0;68;974.8;6894;4.0;21.6;78.2;414.9;12.8
OTL;195311;-;0;40;980.7;10062;-0.1;14.9;64.8;15.2;6.9
OTL;195312;-;0;65;978.6;5136;0.3;11.0;72.9;19.0;5.8
OTL;195401;-;1;62;968.9;6384;-5.0;12.0;61.6;19.2;1.6
OTL;195402;-;0;70;966.5;5346;-5.6;11.4;69.6;48.6;2.0
OTL;195403;-;0;67;967.4;8766;-0.2;16.2;66.0;106.9;7.6
OTL;195404;-;0;65;970.2;10554;2.8;22.3;59.4;131.3;10.8
OTL;195405;-;0;63;968.2;13416;5.4;25.8;61.6;250.3;14.7
OTL;195406;-;0;68;970.5;11730;9.7;29.3;67.6;228.3;18.5
OTL;195407;-;0;55;969.3;15546;10.5;28.4;57.6;96.0;19.6
OTL;195408;-;0;54;970.0;13272;10.5;29.2;67.4;337.1;18.2
OTL;195409;-;0;44;973.6;14262;7.4;25.5;68.3;165.3;17.1
OTL;195410;-;0;40;974.5;13134;4.0;20.1;68.5;46.5;11.8
OTL;195411;-;0;51;972.5;8742;-0.4;18.2;65.4;128.7;7.3
OTL;195412;-;0;50;970.7;7931;-0.6;15.7;62.5;242.5;5.6
OTL;195501;-;0;65;968.5;6546;-2.6;14.1;70.7;62.1;3.9
OTL;195502;-;5;70;960.8;5934;-2.9;13.4;62.5;117.3;3.5
OTL;195503;-;0;58;968.0;10506;-3.1;16.3;62.0;46.4;6.1
OTL;195504;-;0;36;973.0;18450;2.9;25.3;44.6;0.0;13.1
OTL;195505;-;0;52;972.2;15636;7.4;25.2;54.8;156.7;15.0
OTL;195506;-;0;61;971.5;13218;10.3;27.3;71.2;305.9;18.2
OTL;195507;-;0;57;970.0;15432;14.3;30.1;67.0;134.1;20.8
OTL;195508;-;0;54;972.4;15936;12.5;27.0;69.1;36.6;19.5
OTL;195509;-;0;50;972.4;13458;8.4;26.5;71.1;98.7;17.1
OTL;195510;-;0;52;970.8;10746;3.2;21.2;72.6;190.2;11.8
OTL;195511;-;0;49;974.3;7374;-1.9;15.0;71.2;33.1;6.3
OTL;195512;-;0;57;970.0;6480;-0.3;14.8;71.9;26.1;5.0
OTL;195601;-;1;55;971.2;7344;-2.9;11.5;73.1;44.0;3.2
OTL;195602;-;0;51;965.9;8562;-9.0;16.4;62.0;7.4;-1.2
OTL;195603;-;0;53;971.6;10320;-3.2;21.7;63.5;223.7;6.4
OTL;195604;-;0;62;966.2;11130;-0.1;19.7;62.4;253.1;9.5
OTL;195605;-;0;49;974.4;16356;7.3;27.2;56.5;128.1;16.6
OTL;195606;-;0;60;971.8;15258;7.4;26.4;60.0;131.2;17.6
OTL;195607;-;0;50;971.3;16080;11.4;30.2;66.4;390.6;20.1
OTL;195608;-;0;61;969.2;13368;9.7;28.5;69.7;506.2;19.4
OTL;195609;-;0;56;974.8;11004;11.1;27.9;74.9;170.1;17.1
OTL;195610;-;0;38;975.5;12618;1.4;22.0;67.0;92.6;10.9
OTL;195611;-;0;65;971.7;6156;0.7;15.3;67.2;21.4;6.7
OTL;195612;-;0;40;977.4;8484;-5.1;18.4;58.7;14.9;4.3
OTL;195701;-;1;37;976.6;9456;-4.7;13.2;59.7;93.1;2.7
OTL;195702;-;0;61;970.3;7032;-1.5;14.5;68.9;81.3;5.2
OTL;195703;-;0;58;973.3;10338;-0.7;17.5;66.0;87.2;9.5
OTL;195704;-;0;59;970.8;11832;3.0;21.3;58.5;77.1;11.8
OTL;195705;-;0;68;968.8;10662;2.6;23.3;63.9;179.1;13.2
OTL;195706;-;0;67;972.9;11280;11.5;29.1;71.4;480.4;17.7
OTL;195707;-;0;43;970.9;18228;11.3;33.2;63.9;114.1;20.9
OTL;195708;-;0;57;971.3;13482;11.9;27.7;71.2;356.1;19.1
OTL;195709;-;0;51;971.4;14304;7.9;24.2;70.1;20.5;16.8
OTL;195710;-;0;47;974.7;10944;4.9;20.3;74.2;48.5;12.6
OTL;195711;-;0;61;973.1;6348;0.4;19.0;75.3;275.1;8.1
OTL;195712;-;0;38;971.4;8346;-3.6;11.1;71.9;215.1;3.1
OTL;195801;-;0;46;971.0;8814;-4.1;9.9;60.0;7.7;2.8
OTL;195802;-;0;63;969.8;8388;-1.3;16.7;60.5;87.4;6.1
OTL;195803;-;0;51;964.5;11148;-2.6;19.5;57.3;12.1;5.4
OTL;195804;-;0;58;968.0;11790;0.9;20.6;63.9;185.2;9.1
OTL;195805;-;0;61;973.3;12822;8.5;25.5;65.7;222.9;17.3
OTL;195806;-;0;59;969.5;13872;10.4;26.4;63.5;113.5;18.2
OTL;195807;-;0;51;971.2;17214;9.8;30.7;68.0;118.8;20.9
OTL;195808;-;0;54;971.1;15294;11.1;30.5;71.3;479.3;20.4
OTL;195809;-;0;54;974.8;12054;10.7;25.4;74.6;145.8;17.9
OTL;195810;-;0;47;975.4;10722;4.1;25.3;69.9;299.9;12.1
OTL;195811;-;0;66;973.6;6072;3.4;14.7;76.5;83.7;8.3
OTL;195812;-;0;63;965.9;5238;-3.6;15.7;74.2;230.3;3.5
OTL;195901;-;0;42;970.1;9630;-5.0;13.5;59.5;23.2;3.2
OTL;195902;-;0;30;984.1;11952;-1.0;20.4;62.1;8.2;6.4
OTL;195903;-;0;77;972.2;6678;3.3;18.5;70.0;172.8;9.7
OTL;195904;-;0;46;967.6;14316;3.0;22.0;64.7;218.7;11.8
OTL;195905;-;0;59;969.4;14286;6.5;23.8;65.7;78.2;15.8
OTL;195906;-;0;62;972.3;14616;11.3;28.2;65.1;106.3;19.6
OTL;195907;-;0;44;971.6;17874;12.7;31.0;61.5;145.6;22.7
OTL;195908;-;0;52;972.0;15354;12.8;28.1;66.9;163.0;20.4
OTL;195909;-;0;62;974.9;10734;10.3;24.3;74.1;57.3;17.3
OTL;195910;-;0;55;974.6;9726;3.8;22.8;70.1;235.8;11.8
OTL;195911;-;0;62;971.2;6438;0.4;14.7;73.1;274.3;6.4
OTL;195912;-;0;60;965.6;5724;-1.5;13.7;67.5;217.8;4.4
OTL;196001;-;0;51;970.3;7962;-8.0;13.4;65.1;118.8;3.0
OTL;196002;-;11;66;968.9;6582;-5.6;16.3;70.5;104.6;3.1
OTL;196003;-;1;72;968.0;6642;-0.6;18.6;67.5;115.5;7.6
OTL;196004;-;0;47;969.5;14424;2.9;23.2;54.4;64.8;12.5
OTL;196005;-;0;55;971.7;15972;2.5;27.2;61.8;187.4;16.6
OTL;196006;-;0;60;973.3;13314;11.8;27.8;64.6;291.1;19.1
OTL;196007;-;0;60;970.4;13854;11.2;28.1;61.3;370.8;19.1
OTL;196008;-;0;50;970.2;15006;12.1;27.6;65.4;456.0;19.1
OTL;196009;-;0;62;971.2;9960;7.0;24.6;71.3;477.9;15.0
OTL;196010;-;0;71;966.7;6150;3.4;20.3;72.7;515.3;10.3
OTL;196011;-;0;57;970.0;5868;1.6;15.6;64.8;182.1;7.2
OTL;196012;-;0;64;965.7;5058;-3.1;11.1;65.4;150.1;3.8
OTL;196101;-;21;58;972.7;7602;-4.6;9.5;73.7;73.9;1.3
OTL;196102;-;1;40;979.0;10872;0.0;16.8;61.8;59.4;6.9
OTL;196103;-;0;21;977.8;18264;1.5;23.3;50.0;3.3;11.1
OTL;196104;-;0;68;967.4;9288;6.0;24.8;67.9;207.2;13.7
OTL;196105;-;0;53;968.7;14496;5.2;25.6;61.4;179.0;14.9
OTL;196106;-;0;52;971.7;15312;8.2;28.8;67.6;204.7;19.3
OTL;196107;-;0;52;971.4;17124;12.3;28.8;64.9;121.9;20.1
OTL;196108;-;0;37;974.0;18252;12.2;29.6;63.5;75.9;21.0
OTL;196109;-;0;42;975.3;14256;12.1;28.3;68.2;77.0;20.0
OTL;196110;-;0;64;972.3;7866;3.4;21.0;74.5;174.8;12.6
OTL;196111;-;0;62;969.2;6756;-0.6;15.7;72.3;200.8;6.6
OTL;196112;-;0;52;969.9;6456;-4.1;18.8;67.1;44.5;4.3
OTL;196201;-;0;52;973.9;7692;-3.7;20.1;63.3;45.6;4.3
OTL;196202;-;0;50;972.6;9444;-4.3;17.7;57.8;26.2;4.5
OTL;196203;-;0;58;963.9;10380;-2.6;15.7;56.0;44.8;4.9
OTL;196204;-;0;56;969.7;13860;0.1;25.7;53.3;204.2;11.3
OTL;196205;-;0;63;969.9;13248;3.5;26.2;60.4;138.8;14.6
OTL;196206;-;0;44;973.7;17850;6.6;30.7;60.2;46.5;19.0
OTL;196207;-;0;47;971.0;17346;10.9;29.3;60.4;100.3;21.0
OTL;196208;-;0;39;972.6;17250;13.8;30.8;66.5;67.1;22.4
OTL;196209;-;0;47;972.8;13062;7.2;30.2;66.3;225.4;17.2
OTL;196210;-;0;52;975.2;11016;3.9;23.7;73.6;47.0;12.9
OTL;196211;-;0;64;968.6;5358;-1.3;13.9;71.0;212.0;5.8
OTL;196212;-;1;47;969.5;7188;-5.9;10.7;60.6;45.8;2.0
OTL;196301;-;0;58;969.6;6972;-8.1;8.4;68.9;73.8;-0.3
OTL;196302;-;0;62;963.6;7440;-8.1;12.0;62.4;22.6;1.4
OTL;196303;-;0;55;970.8;10866;-4.7;16.5;59.3;98.6;6.8
OTL;196304;-;0;69;968.3;10182;0.4;22.6;64.1;229.9;11.3
OTL;196305;-;0;60;969.8;12096;4.5;24.8;60.5;218.1;15.2
OTL;196306;-;0;70;970.0;11004;9.3;29.6;72.8;301.1;17.5
OTL;196307;-;0;50;973.1;17724;13.5;29.5;65.5;125.2;21.5
OTL;196308;-;0;58;969.1;14670;9.4;28.6;67.1;422.7;19.0
OTL;196309;-;0;61;973.4;10920;9.0;25.6;72.7;366.0;16.8
OTL;196310;-;0;49;975.6;11514;3.3;21.5;68.7;149.8;12.2
OTL;196311;-;0;69;969.5;4224;2.4;15.4;72.9;519.1;8.3
OTL;196312;-;0;54;972.2;6960;-5.5;11.0;66.8;37.2;2.8
OTL;196401;-;1;31;983.1;10434;-4.4;11.3;62.7;49.1;1.9
OTL;196402;-;0;48;971.5;8076;-3.2;18.2;59.1;55.9;5.5
OTL;196403;-;0;73;966.4;6054;-1.1;18.4;71.9;143.1;6.4
OTL;196404;-;0;63;970.5;10620;2.8;21.8;61.9;191.1;11.9
OTL;196405;-;0;53;973.0;15540;8.2;25.3;61.5;71.4;17.1
OTL;196406;-;0;55;971.6;14346;11.4;28.5;63.9;248.9;19.9
OTL;196407;-;0;38;973.1;19212;13.6;32.2;59.8;135.7;22.1
OTL;196408;-;0;48;971.0;16422;11.2;31.7;61.3;115.8;20.2
OTL;196409;-;0;43;976.3;14148;8.7;26.8;62.4;45.7;17.7
OTL;196410;-;0;64;970.6;7818;3.7;20.5;67.8;144.6;11.4
OTL;196411;-;0;60;973.6;6474;0.9;23.3;71.6;85.5;8.3
OTL;196412;-;0;59;970.3;5880;-3.5;10.0;65.1;48.7;3.8
OTL;196501;-;0;63;968.6;6264;-1.5;15.8;58.7;57.8;3.8
OTL;196502;-;0;17;971.3;13440;-4.7;15.1;44.8;1.0;3.0
OTL;196503;-;1;50;971.9;10632;-4.9;21.8;59.3;92.1;7.2
OTL;196504;-;0;51;965.1;13560;4.3;20.5;45.5;7.0;12.2
OTL;196505;-;0;59;969.4;13164;7.9;26.3;57.1;89.8;15.4
OTL;196506;-;0;57;971.2;13440;8.6;33.1;61.2;92.9;19.3
OTL;196507;-;0;55;970.2;15642;10.9;28.5;60.0;229.4;20.0
OTL;196508;-;0;49;971.5;15678;10.4;29.3;61.9;244.3;19.5
OTL;196509;-;0;62;971.3;9348;5.8;23.2;74.7;750.3;13.9
OTL;196510;-;0;45;977.7;11634;2.9;21.6;68.6;42.0;11.9
OTL;196511;-;0;72;966.6;5058;-1.0;17.8;69.7;90.4;6.4
OTL;196512;-;0;46;967.0;8142;-1.9;16.2;60.7;20.1;4.0
OTL;196601;-;0;39;968.9;9414;-7.7;14.5;59.1;5.6;1.4
OTL;196602;-;0;77;967.4;5454;-1.2;16.7;73.3;187.7;6.3
OTL;196603;-;0;30;972.4;16782;0.0;19.0;48.6;0.0;8.3
OTL;196604;-;0;62;967.4;11118;4.4;25.2;66.0;247.6;12.4
OTL;196605;-;0;50;972.3;16296;5.6;25.1;65.0;216.2;16.3
OTL;196606;-;0;49;971.7;16176;8.9;28.4;69.6;180.0;19.4
OTL;196607;-;0;61;969.5;14364;9.3;28.6;69.8;381.0;19.2
OTL;196608;-;0;55;970.5;14130;10.0;29.6;71.6;110.5;18.8
OTL;196609;-;0;50;973.7;13218;12.0;28.0;75.5;79.1;18.2
OTL;196610;-;0;82;968.2;5382;4.4;22.6;84.7;421.1;13.3
OTL;196611;-;0;53;970.2;7398;-0.8;15.4;68.0;233.8;4.8
OTL;196612;-;2;41;967.9;8610;-1.6;15.7;60.7;49.9;3.7
OTL;196701;-;0;43;974.7;9546;-7.2;18.1;63.3;9.8;2.9
OTL;196702;-;2;46;975.8;9144;-5.4;19.9;63.3;77.6;3.9
OTL;196703;-;0;50;973.8;12192;3.0;20.5;54.3;180.4;9.5
OTL;196704;-;0;48;968.2;15000;2.7;23.8;51.6;114.6;11.1
OTL;196705;-;0;65;969.8;11886;2.6;26.0;58.2;279.7;15.0
OTL;196706;-;0;54;973.8;16884;8.1;28.7;56.2;69.2;18.5
OTL;196707;-;0;46;974.1;16842;13.4;31.2;62.2;141.7;22.2
OTL;196708;-;0;56;972.4;14706;11.9;29.3;66.7;233.1;20.0
OTL;196709;-;0;61;971.5;10524;10.0;25.2;69.8;333.9;16.2
OTL;196710;-;0;46;974.6;12210;3.4;22.3;67.5;205.8;13.0
OTL;196711;-;0;68;973.8;5292;1.2;15.4;73.6;216.1;7.4
OTL;196712;-;0;40;969.6;9228;-4.6;21.3;53.1;8.7;3.6
OTL;196801;-;0;43;970.2;9222;-5.3;15.2;60.5;13.1;2.8
OTL;196802;-;0;71;968.9;6630;-1.2;13.1;80.9;205.9;3.9
OTL;196803;-;0;39;972.1;14934;-0.5;21.7;60.9;42.7;8.6
OTL;196804;-;0;61;971.8;10980;3.3;26.1;70.5;285.2;12.2
OTL;196805;-;0;73;970.7;10302;5.6;24.8;74.6;308.4;14.1
OTL;196806;-;0;61;972.3;13806;10.0;30.3;72.8;154.3;18.1
OTL;196807;-;0;50;973.2;16356;10.9;29.7;70.2;130.0;20.5
OTL;196808;-;0;63;969.6;11616;10.9;26.8;77.3;213.0;18.1
OTL;196809;-;0;57;971.3;11850;9.3;24.6;76.4;340.7;15.9
OTL;196810;-;0;50;976.2;12060;5.5;22.2;79.8;107.9;13.1
OTL;196811;-;0;60;969.6;6732;-0.7;17.5;81.9;397.4;7.2
OTL;196812;-;0;59;967.7;6372;-6.4;10.9;72.4;30.6;2.7
OTL;196901;-;14;44;971.2;8556;-3.7;14.7;71.7;90.6;2.6
OTL;196902;-;8;66;964.3;6474;-5.7;12.0;68.5;85.0;1.7
OTL;196903;-;0;68;966.9;8052;0.1;19.9;72.0;57.4;6.7
OTL;196904;-;0;61;971.0;11730;1.8;23.3;61.4;45.5;10.7
OTL;196905;-;0;64;970.1;12012;7.8;27.3;71.2;362.3;15.9
OTL;196906;-;0;60;968.4;14016;6.2;26.3;64.8;232.3;17.6
OTL;196907;-;0;44;975.4;17964;10.9;31.9;65.9;218.4;21.7
OTL;196908;-;0;57;970.7;14544;9.2;30.0;66.4;118.6;20.0
OTL;196909;-;0;53;973.6;11988;10.4;25.7;78.5;145.9;17.0
OTL;196910;-;0;34;977.8;14220;6.8;20.8;69.7;0.0;13.5
OTL;196911;-;0;60;969.0;6198;-1.3;16.9;73.3;203.8;6.9
OTL;196912;-;0;43;966.0;7494;-4.4;13.5;60.0;14.4;2.2
OTL;197001;-;11;68;967.4;5232;-3.6;11.7;73.2;176.3;2.4
OTL;197002;-;0;55;965.4;7980;-2.8;14.4;55.5;36.6;3.5
OTL;197003;-;0;62;966.1;10512;-3.2;18.0;58.3;103.8;6.0
OTL;197004;-;0;52;968.8;12486;-0.9;23.3;47.9;139.2;9.9
OTL;197005;-;0;56;970.9;14622;5.4;25.2;56.1;100.4;14.4
OTL;197006;-;0;60;972.8;13878;8.9;29.7;64.4;215.2;19.3
OTL;197007;-;0;40;971.3;18492;11.3;29.6;58.0;76.2;20.9
OTL;197008;-;0;53;971.1;13578;10.9;30.9;66.7;259.7;20.4
OTL;197009;-;0;56;974.9;11964;10.1;30.8;69.0;212.5;18.2
OTL;197010;-;0;47;975.3;11046;3.9;22.3;66.1;114.4;11.6
OTL;197011;-;0;49;972.5;7818;0.6;17.6;64.7;203.6;7.6
OTL;197012;-;6;34;974.7;8664;-6.6;13.2;61.7;88.7;2.8
OTL;197101;-;18;55;970.7;6834;-6.8;9.8;75.2;95.9;1.8
OTL;197102;-;0;29;970.8;11910;-2.5;16.4;51.1;58.7;5.4
OTL;197103;-;0;51;966.5;12138;-8.8;16.4;52.1;144.2;4.9
OTL;197104;-;0;64;967.7;10836;3.9;22.5;64.9;137.1;12.5
OTL;197105;-;0;78;968.9;8424;8.0;25.7;74.4;220.2;14.8
OTL;197106;-;0;65;968.6;12282;7.6;28.1;67.8;316.8;17.1
OTL;197107;-;0;38;973.1;18474;11.8;29.9;66.5;184.6;21.9
OTL;197108;-;0;50;972.1;15366;13.5;29.7;71.1;213.9;21.4
OTL;197109;-;0;45;975.9;14700;6.1;26.5;67.7;52.1;16.6
OTL;197110;-;0;39;980.7;13374;3.4;25.2;66.4;20.0;12.6
OTL;197111;-;0;58;968.6;7260;-2.7;18.3;67.8;199.8;6.8
OTL;197112;-;0;35;979.2;9312;-1.5;17.1;65.6;39.3;5.5
OTL;197201;-;2;80;970.5;2994;-2.0;8.6;81.7;90.9;2.6
OTL;197202;-;0;85;970.1;2514;0.2;13.6;79.1;213.6;5.1
OTL;197203;-;1;60;970.7;9732;-0.2;23.2;67.7;190.1;8.4
OTL;197204;-;0;71;964.7;10338;2.7;22.7;61.1;177.6;11.3
OTL;197205;-;0;73;969.1;10566;5.0;25.3;64.6;132.3;14.3
OTL;197206;-;0;69;970.5;11082;9.6;26.6;72.0;231.9;17.4
OTL;197207;-;0;59;971.2;14484;12.6;30.7;63.9;97.4;20.8
OTL;197208;-;0;55;972.3;14700;10.5;30.2;66.9;146.5;19.7
OTL;197209;-;0;63;973.2;9162;5.0;23.7;76.5;200.5;13.3
OTL;197210;-;0;56;974.2;9156;3.7;19.7;71.7;95.6;11.3
OTL;197211;-;0;49;975.0;8472;-1.4;19.8;65.7;38.9;7.2
OTL;197212;-;0;51;981.9;6420;-2.5;14.2;72.7;111.3;3.4
OTL;197301;-;2;53;976.4;6420;-2.5;15.3;77.1;66.8;3.2
OTL;197302;-;0;49;967.9;10596;-2.4;17.2;48.6;9.1;5.0
OTL;197303;-;0;48;974.3;11610;-2.2;19.4;47.3;2.8;8.1
OTL;197304;-;0;58;967.5;13740;1.4;19.7;47.8;106.0;9.6
OTL;197305;-;0;66;973.5;11538;6.2;26.0;67.5;183.7;15.5
OTL;197306;-;0;63;972.3;13272;10.5;30.1;68.1;224.1;19.4
OTL;197307;-;0;55;969.0;14748;13.0;30.3;68.7;350.4;20.3
OTL;197308;-;0;60;974.4;12702;14.2;29.8;71.7;104.7;21.7
OTL;197309;-;0;50;971.9;12240;9.3;28.8;69.1;77.8;18.5
OTL;197310;-;0;43;973.7;11928;2.4;21.9;71.2;142.7;11.7
OTL;197311;-;0;39;975.3;9666;-2.4;20.2;65.3;22.8;7.3
OTL;197312;-;0;44;972.2;8124;-7.7;17.6;66.0;152.3;2.9
OTL;197401;-;0;59;977.2;6510;0.2;21.9;75.3;78.0;5.2
OTL;197402;-;0;71;967.6;5010;0.0;14.5;77.8;242.8;4.8
OTL;197403;-;0;79;971.2;6024;-0.9;20.8;71.4;120.5;8.1
OTL;197404;-;0;60;966.5;11412;3.2;20.7;61.5;109.6;11.0
OTL;197405;-;0;58;967.9;14406;5.8;28.8;58.7;107.2;15.3
OTL;197406;-;0;58;969.0;13746;8.7;27.7;61.0;171.6;18.0
OTL;197407;-;0;46;971.6;17034;13.0;29.8;58.8;200.7;21.5
OTL;197408;-;0;48;972.2;14910;13.0;32.0;63.7;138.0;21.6
OTL;197409;-;0;58;971.0;11268;5.6;26.8;70.8;146.3;16.5
OTL;197410;-;0;54;966.3;11748;1.5;17.4;59.7;90.5;8.4
OTL;197411;-;0;63;972.9;7044;0.3;14.0;72.8;183.5;6.6
OTL;197412;-;0;36;976.8;9984;0.6;20.3;53.1;1.9;7.3
OTL;197501;-;0;56;977.3;6876;-0.4;17.3;71.0;168.1;4.9
OTL;197502;-;0;39;978.2;9876;-0.8;15.7;60.7;51.1;5.1
OTL;197503;-;3;78;963.9;7140;-0.3;15.3;70.7;232.4;6.1
OTL;197504;-;0;54;968.9;14922;0.5;23.4;57.0;251.5;11.9
OTL;197505;-;0;70;969.6;11016;5.5;28.1;69.0;286.1;14.6
OTL;197506;-;0;56;970.4;15948;9.1;28.5;63.0;150.9;17.9
OTL;197507;-;0;45;971.4;18150;12.4;30.0;59.2;107.1;21.6
OTL;197508;-;0;60;972.3;13134;11.2;29.8;65.8;87.1;20.8
OTL;197509;-;0;64;975.0;8496;10.6;27.4;80.3;295.1;17.7
OTL;197510;-;0;44;975.1;12216;2.7;23.2;72.1;133.4;11.5
OTL;197511;-;0;60;972.4;6036;-1.6;16.3;77.5;253.5;6.1
OTL;197512;-;0;43;976.7;8352;-1.2;14.2;70.3;37.3;4.6
OTL;197601;-;0;24;971.5;11436;-4.9;20.3;50.1;17.6;5.4
OTL;197602;-;1;64;975.3;7302;-1.2;18.0;70.9;33.9;5.7
OTL;197603;-;0;49;972.0;12360;-2.1;22.2;57.7;16.5;7.2
OTL;197604;-;0;55;968.3;13302;3.6;22.2;56.4;139.4;11.6
OTL;197605;-;0;45;970.8;18180;3.9;28.6;53.8;46.9;17.2
OTL;197606;-;0;45;973.5;18924;9.6;31.8;53.3;20.3;21.6
OTL;197607;-;0;56;970.2;16392;13.8;31.7;57.0;101.8;22.5
OTL;197608;-;0;59;973.2;14832;12.2;28.9;66.1;151.6;19.2
OTL;197609;-;0;68;971.9;9336;6.7;24.4;71.1;539.0;14.9
OTL;197610;-;0;74;967.2;6912;5.8;22.2;82.8;600.4;11.6
OTL;197611;-;0;59;972.2;6684;1.2;18.0;68.8;284.6;7.0
OTL;197612;-;0;50;966.8;7242;-4.1;11.3;67.2;49.6;3.2
OTL;197701;-;27;64;970.5;5250;-4.5;9.9;76.9;242.1;2.1
OTL;197702;-;7;58;968.3;8358;-2.0;14.3;70.1;125.2;4.8
OTL;197703;-;0;73;975.0;8568;0.2;24.2;66.2;224.9;9.1
OTL;197704;-;0;64;968.8;13560;1.8;22.7;53.8;228.2;11.2
OTL;197705;-;0;78;970.3;10038;5.8;24.7;72.5;266.3;13.7
OTL;197706;-;0;69;970.1;11370;11.4;27.0;70.3;134.6;17.5
OTL;197707;-;0;55;969.4;15096;11.9;28.3;70.2;384.3;19.9
OTL;197708;-;0;64;969.5;11832;11.0;26.8;75.6;688.0;18.1
OTL;197709;-;0;51;975.8;13572;6.0;25.8;73.8;28.5;15.9
OTL;197710;-;0;59;976.7;8796;6.7;21.9;77.8;299.7;13.3
OTL;197711;-;2;49;969.3;9342;-1.4;20.7;61.7;40.4;7.6
OTL;197712;-;0;41;976.3;8514;-1.6;16.4;68.0;84.8;4.1
OTL;197801;-;15;61;969.3;6282;-1.9;13.7;74.9;211.1;2.9
OTL;197802;-;38;73;964.6;5340;-3.8;10.0;77.1;184.2;2.2
OTL;197803;-;0;65;969.6;9696;1.3;18.6;65.4;110.5;7.8
OTL;197804;-;0;75;964.5;8598;2.2;18.7;67.8;189.8;9.4
OTL;197805;-;0;73;968.7;9990;6.4;23.9;71.2;240.2;13.2
OTL;197806;-;0;61;970.0;13212;6.4;27.4;69.3;188.1;17.3
OTL;197807;-;0;51;971.8;13566;10.3;28.6;71.3;213.4;19.4
OTL;197808;-;0;54;972.4;14112;10.5;27.2;77.0;233.8;19.0
OTL;197809;-;0;40;972.3;15642;8.8;27.6;69.1;5.5;17.3
OTL;197810;-;0;40;975.7;12108;4.0;22.2;77.2;144.8;12.3
OTL;197811;-;0;25;980.6;10674;0.4;13.7;68.5;6.8;7.0
OTL;197812;-;0;65;967.1;5772;-2.9;12.5;83.5;101.6;3.3
OTL;197901;-;1;56;968.6;6828;-6.9;11.3;70.3;84.1;1.2
OTL;197902;-;0;66;965.8;5790;-2.1;16.7;79.9;81.7;4.5
OTL;197903;-;0;73;966.9;7020;-0.4;16.2;75.1;360.1;6.8
OTL;197904;-;0;68;966.9;10548;1.4;20.1;62.6;117.7;9.6
OTL;197905;-;0;58;973.2;12120;2.9;26.5;65.0;179.3;15.3
OTL;197906;-;0;58;972.1;11220;9.4;27.5;76.0;119.9;18.8
OTL;197907;-;0;45;973.3;14760;9.9;29.1;70.7;220.0;20.4
OTL;197908;-;0;51;970.0;13788;10.4;28.3;75.6;123.7;18.7
OTL;197909;-;0;50;974.6;12426;7.9;25.7;69.5;74.0;16.8
OTL;197910;-;0;73;971.6;5628;2.4;20.8;79.8;416.0;11.7
OTL;197911;-;0;50;970.6;7908;-0.1;20.1;63.8;111.0;6.6
OTL;197912;-;3;55;971.2;6924;-2.0;16.7;68.7;120.4;4.9
OTL;198001;-;0;58;971.5;7416;-5.3;12.1;68.6;65.9;1.8
OTL;198002;-;0;44;976.1;10512;0.1;15.4;59.6;0.4;5.6
OTL;198003;-;0;64;966.1;7662;0.1;16.9;68.8;168.7;6.6
OTL;198004;-;0;53;969.6;14262;1.9;21.9;46.8;2.3;10.3
OTL;198005;-;0;74;967.3;7704;5.2;21.5;71.3;181.2;12.4
OTL;198006;-;0;58;969.0;12234;8.5;27.7;64.2;260.2;16.7
OTL;198007;-;0;55;969.4;11574;10.5;31.5;64.9;230.6;18.6
OTL;198008;-;0;45;971.7;12564;13.4;31.0;68.6;237.3;21.3
OTL;198009;-;0;50;975.8;12582;11.2;26.1;72.2;53.1;18.1
OTL;198010;-;0;55;968.4;8700;4.4;22.9;70.2;235.8;11.5
OTL;198011;-;0;70;971.0;5028;0.5;17.9;71.4;34.1;6.2
OTL;198012;-;0;41;973.3;8352;-4.1;13.2;51.0;3.9;3.6
OTL;198101;69;0;33;974.0;9865;-6.0;16.2;50.0;8.3;2.8
OTL;198102;99;0;44;973.5;8826;-3.4;13.3;59.5;2.4;3.8
OTL;198103;118;0;66;968.8;8701;-1.2;20.7;65.4;262.7;8.8
OTL;198104;174;0;61;970.9;10757;2.0;23.9;64.3;104.7;12.2
OTL;198105;186;0;71;969.0;9157;5.5;25.0;69.4;334.7;13.8
OTL;198106;244;0;54;971.9;12971;11.8;31.3;63.1;81.3;19.4
OTL;198107;230;0;54;972.2;12314;9.8;28.1;64.7;340.7;19.4
OTL;198108;234;0;43;973.3;16121;12.3;29.4;64.7;34.2;20.9
OTL;198109;119;0;73;972.6;7102;9.4;24.0;76.6;690.6;16.7
OTL;198110;89;0;65;970.5;7808;0.5;23.2;71.9;174.2;11.3
OTL;198111;85;0;26;978.0;11328;-1.5;19.4;55.8;0.6;7.0
OTL;198112;46;11;61;960.4;6335;-3.2;13.1;64.8;168.7;2.7
OTL;198201;60;8;58;974.4;7267;-2.8;19.9;71.1;5.8;3.3
OTL;198202;87;0;50;976.3;8230;-4.3;12.5;67.3;22.7;3.3
OTL;198203;139;0;56;973.1;10610;-0.1;18.6;56.1;82.3;6.5
OTL;198204;212;0;50;969.7;14078;3.5;22.6;52.4;7.3;11.7
OTL;198205;228;0;53;975.0;12578;3.0;27.8;61.1;184.9;15.5
OTL;198206;239;0;56;971.0;13393;12.0;29.3;62.2;229.6;19.7
OTL;198207;249;0;50;972.4;14060;11.9;33.8;65.9;169.6;21.9
OTL;198208;189;0;55;972.0;11965;10.4;27.9;72.2;311.0;19.1
OTL;198209;153;0;48;975.3;11408;10.5;26.3;76.9;340.7;17.9
OTL;198210;96;0;56;970.9;9131;4.6;20.4;79.6;205.8;10.5
OTL;198211;53;0;69;974.9;5085;1.4;15.9;75.6;235.2;7.4
OTL;198212;47;0;48;971.2;6729;-0.9;14.8;64.8;79.9;4.7
OTL;198301;67;0;40;980.9;8900;-0.7;20.4;55.1;10.3;5.7
OTL;198302;92;5;54;972.7;7301;-3.0;9.8;67.4;36.0;1.8
OTL;198303;138;0;54;972.2;10669;0.4;19.2;60.6;125.3;8.3
OTL;198304;125;0;79;968.9;6276;0.6;19.7;72.0;307.7;9.7
OTL;198305;144;0;79;967.7;6376;6.2;22.2;73.8;514.6;12.5
OTL;198306;249;0;59;974.2;13061;8.3;28.4;62.1;108.4;19.0
OTL;198307;267;0;34;973.2;16774;14.4;37.3;60.6;64.7;23.8
OTL;198308;210;0;60;972.7;12103;13.6;32.6;62.5;74.5;20.9
OTL;198309;156;0;45;973.9;12922;7.7;30.9;67.7;444.0;17.2
OTL;198310;113;0;40;977.7;12898;4.1;22.7;71.1;46.2;12.8
OTL;198311;62;0;43;974.1;8323;-0.5;16.0;69.9;50.5;6.7
OTL;198312;46;8;38;974.2;8102;-2.9;16.3;66.2;156.0;3.6
OTL;198401;58;3;51;971.3;7475;-3.7;11.0;58.2;26.8;3.0
OTL;198402;72;1;63;973.1;5943;-3.2;14.8;67.3;82.1;3.0
OTL;198403;140;0;49;968.5;10035;-1.4;15.3;55.1;160.7;6.5
OTL;198404;206;0;48;970.2;14305;0.4;26.9;53.2;142.9;10.8
OTL;198405;144;0;83;964.8;5479;3.3;21.5;78.2;417.7;10.6
OTL;198406;257;0;54;971.5;14152;6.7;30.1;61.3;172.1;18.2
OTL;198407;283;0;28;973.4;18854;12.5;32.2;51.9;3.6;22.2
OTL;198408;194;0;58;972.6;11531;12.6;31.6;68.6;266.2;19.4
OTL;198409;146;0;59;968.2;10493;5.9;26.5;69.3;429.9;14.7
OTL;198410;88;0;56;975.6;9069;4.1;21.3;75.3;207.9;11.7
OTL;198411;50;0;63;971.0;5747;0.4;17.1;73.1;134.8;7.7
OTL;198412;46;1;50;977.4;8004;-2.0;20.3;67.9;87.2;5.1
OTL;198501;54;25;59;966.3;6258;-10.1;10.1;65.5;153.4;-0.6
OTL;198502;79;5;63;973.5;6225;-3.2;18.7;66.4;8.5;3.6
OTL;198503;124;0;70;969.1;9075;0.0;14.7;63.3;233.7;5.6
OTL;198504;205;0;50;968.1;13355;3.5;21.8;50.7;131.4;11.8
OTL;198505;199;0;68;967.7;10513;4.4;26.4;66.3;287.1;14.1
OTL;198506;241;0;58;970.2;13387;9.4;27.0;58.3;135.8;17.6
OTL;198507;246;0;40;973.0;15016;13.8;30.7;63.7;178.8;22.2
OTL;198508;220;0;41;972.1;15689;10.1;29.7;59.3;364.0;20.3
OTL;198509;180;0;33;976.1;15699;10.2;28.5;66.1;79.7;18.5
OTL;198510;111;0;43;978.9;10100;4.1;25.3;70.8;12.4;13.4
OTL;198511;58;0;56;968.9;6658;-1.3;16.9;70.4;86.3;4.9
OTL;198512;43;0;54;974.7;5915;-0.6;19.9;68.7;58.0;5.7
OTL;198601;59;5;56;967.9;7454;-4.1;14.8;62.2;158.0;2.8
OTL;198602;85;33;69;964.9;6006;-7.0;11.6;68.6;56.3;1.0
OTL;198603;134;2;61;972.0;9111;-1.7;19.4;63.0;38.5;7.1
OTL;198604;92;1;84;965.9;4724;-1.0;25.3;77.4;687.6;8.5
OTL;198605;180;0;71;973.8;10043;8.2;29.6;65.1;237.4;17.3
OTL;198606;248;0;51;970.9;14552;7.0;31.6;60.4;79.5;19.8
OTL;198607;245;0;49;972.7;15118;12.9;31.0;61.4;99.9;21.3
OTL;198608;204;0;53;971.6;14175;9.4;30.6;69.0;303.9;20.1
OTL;198609;143;0;59;975.8;9916;10.4;25.8;76.6;31.7;17.1
OTL;198610;119;0;36;975.9;12577;3.9;24.6;67.7;7.0;13.8
OTL;198611;63;0;53;979.0;7633;2.6;18.1;67.4;57.4;8.4
OTL;198612;55;0;46;975.7;8615;-3.2;15.2;55.4;6.1;4.5
OTL;198701;63;8;39;969.8;8983;-7.6;14.2;59.7;45.2;1.8
OTL;198702;67;4;66;969.3;5184;-4.2;15.4;72.6;165.5;3.7
OTL;198703;141;0;50;970.9;10337;-3.3;17.4;53.4;49.8;5.0
OTL;198704;194;0;46;972.9;13953;1.4;24.0;53.4;171.0;12.3
OTL;198705;220;0;58;968.6;13743;4.3;25.7;55.6;120.0;14.0
OTL;198706;205;0;63;971.7;11338;7.9;28.7;68.4;523.3;16.9
OTL;198707;218;0;58;971.5;11473;12.5;29.6;70.8;452.2;20.8
OTL;198708;208;0;48;971.7;14542;11.4;30.0;68.6;199.8;20.4
OTL;198709;167;0;54;974.5;12786;9.6;27.2;73.2;77.3;19.0
OTL;198710;61;0;81;974.8;4394;5.9;19.3;85.7;349.2;11.7
OTL;198711;62;0;53;971.2;7137;1.4;19.9;70.7;96.9;7.7
OTL;198712;43;0;56;976.2;6094;-1.8;16.5;75.0;27.3;4.8
OTL;198801;43;0;68;972.0;5074;-0.6;11.1;75.2;175.4;4.0
OTL;198802;94;0;43;969.9;10217;-0.6;16.8;51.2;69.8;4.9
OTL;198803;142;0;56;967.1;11570;-0.6;18.6;44.6;92.9;8.0
OTL;198804;163;0;70;970.1;8941;5.8;23.4;65.8;83.8;12.2
OTL;198805;158;0;79;970.1;6391;8.2;25.8;79.6;337.9;14.7
OTL;198806;225;0;64;969.4;10976;8.8;27.0;69.7;187.2;17.6
OTL;198807;233;0;44;971.8;14845;12.4;30.0;67.6;256.2;21.4
OTL;198808;207;0;45;971.3;15135;12.8;29.8;68.3;366.0;20.7
OTL;198809;160;0;53;974.1;12441;9.0;30.3;68.0;142.4;17.2
OTL;198810;80;0;65;975.4;7489;6.9;21.3;81.7;340.4;13.2
OTL;198811;70;0;38;976.5;8897;-3.5;18.0;67.6;12.0;5.2
OTL;198812;55;0;31;976.0;9510;-1.5;19.0;57.5;63.1;5.8
OTL;198901;72;0;19;986.1;11620;-2.2;13.6;57.7;0.0;4.4
OTL;198902;85;0;39;976.2;9207;0.3;16.4;60.2;140.1;6.3
OTL;198903;150;0;43;972.6;14065;1.4;22.7;53.5;41.9;10.8
OTL;198904;117;0;80;965.3;6219;3.7;19.7;75.0;574.1;9.2
OTL;198905;226;0;53;974.3;13701;8.3;27.5;63.5;113.0;16.0
OTL;198906;262;0;49;971.1;14903;8.0;28.5;61.0;73.9;18.3
OTL;198907;238;0;53;973.9;13673;13.1;32.7;65.4;138.3;21.5
OTL;198908;231;0;43;970.9;16590;12.3;31.1;62.2;94.2;21.3
OTL;198909;151;0;58;973.8;10434;10.5;26.0;68.3;29.6;17.3
OTL;198910;128;0;29;976.6;13729;6.5;27.8;61.5;10.6;13.2
OTL;198911;56;0;50;973.3;6911;-1.1;14.4;68.5;122.4;6.9
OTL;198912;49;0;43;974.3;7683;-2.0;13.7;68.3;140.0;4.0
OTL;199001;61;0;33;980.3;9682;-3.1;11.9;57.6;67.0;3.5
OTL;199002;86;0;46;975.0;8529;0.5;20.1;60.7;39.6;7.6
OTL;199003;149;0;43;980.6;12620;0.8;25.3;43.4;12.6;11.6
OTL;199004;175;0;64;968.5;10568;3.9;24.4;63.1;114.6;10.9
OTL;199005;231;0;58;974.1;12918;10.9;27.3;63.7;83.1;17.2
OTL;199006;224;0;60;970.6;11300;10.7;28.0;70.3;392.3;18.2
OTL;199007;261;0;39;973.0;16892;12.3;31.0;61.1;17.9;22.0
OTL;199008;217;0;44;975.0;15057;14.3;32.2;61.6;138.3;21.9
OTL;199009;169;0;53;972.5;13251;11.1;27.8;62.1;12.0;17.7
OTL;199010;78;0;71;972.2;6392;5.9;23.9;80.3;307.3;13.0
OTL;199011;67;0;48;969.6;8405;0.2;19.1;68.8;156.8;6.9
OTL;199012;53;12;43;973.0;7587;-3.6;11.0;63.9;132.8;2.1
OTL;199101;59;0;48;980.5;7710;-2.7;11.1;68.0;64.3;3.1
OTL;199102;106;1;38;972.7;11004;-8.7;18.0;60.3;35.5;2.8
OTL;199103;105;0;69;970.7;7405;1.9;20.0;69.7;368.1;9.7
OTL;199104;178;0;60;970.1;11110;1.1;22.1;54.4;37.5;11.0
OTL;199105;245;0;54;970.6;14918;2.8;28.1;51.0;73.8;14.3
OTL;199106;225;0;63;970.7;12352;8.9;29.9;62.5;183.8;18.4
OTL;199107;262;0;35;971.6;18319;13.6;31.8;57.8;86.4;23.5
OTL;199108;240;0;38;973.9;17755;13.6;31.9;57.7;35.8;23.8
OTL;199109;142;0;61;973.4;10204;8.8;30.0;67.7;561.4;19.5
OTL;199110;86;0;59;973.5;8166;2.5;24.7;75.5;180.2;11.2
OTL;199111;59;0;53;972.0;7200;1.1;14.8;68.0;94.4;6.5
OTL;199112;57;0;23;980.9;9793;-3.7;15.8;55.6;61.2;4.0
OTL;199201;55;1;43;983.2;7492;-3.0;14.0;71.2;60.0;3.2
OTL;199202;105;0;33;979.7;10759;-3.2;17.8;52.7;20.5;6.3
OTL;199203;140;0;48;971.4;11194;0.8;21.4;55.0;173.0;9.0
OTL;199204;165;0;63;968.2;9490;2.5;24.4;61.1;114.0;11.6
OTL;199205;203;0;63;974.0;11393;9.4;27.8;63.6;104.9;17.1
OTL;199206;190;0;74;969.8;8054;10.2;26.6;75.3;259.5;17.1
OTL;199207;222;0;48;973.2;12911;13.5;33.2;67.8;123.9;21.5
OTL;199208;209;0;44;973.0;15034;11.5;31.9;65.5;216.5;23.2
OTL;199209;146;0;48;976.2;10649;9.4;24.5;71.4;256.8;16.9
OTL;199210;69;0;75;965.9;5177;1.9;19.2;75.6;181.8;10.7
OTL;199211;67;0;46;974.6;8267;3.0;17.6;65.5;24.2;8.9
OTL;199212;43;0;56;975.6;5296;-2.6;12.5;72.8;105.9;4.1
OTL;199301;60;0;46;982.5;7709;-4.3;17.5;65.0;0.9;4.7
OTL;199302;107;0;29;980.3;11336;-5.1;13.7;50.3;35.8;5.2
OTL;199303;151;0;41;974.5;12585;0.3;24.4;50.3;31.3;8.7
OTL;199304;164;0;68;969.1;9630;5.1;22.6;63.0;124.2;12.1
OTL;199305;188;0;68;970.9;9895;7.7;26.9;70.4;154.6;16.1
OTL;199306;233;0;54;972.0;13245;11.1;28.9;63.9;255.9;19.8
OTL;199307;246;0;46;973.1;15807;11.1;28.5;60.8;213.6;20.4
OTL;199308;211;0;46;973.5;15620;11.9;30.3;62.5;126.5;21.7
OTL;199309;113;0;73;970.2;7458;7.7;23.9;73.8;385.1;15.9
OTL;199310;60;0;69;971.6;5625;5.0;18.8;83.2;686.9;11.2
OTL;199311;53;0;64;974.5;5225;-1.7;14.0;72.2;76.9;6.4
OTL;199312;53;1;50;970.2;8003;-1.1;11.5;63.0;42.3;4.8
OTL;199401;58;1;53;971.9;7639;-1.7;15.5;67.5;263.2;4.5
OTL;199402;77;0;63;972.2;5866;-4.4;14.3;67.7;138.4;3.6
OTL;199403;157;0;45;975.1;14623;2.3;22.0;51.7;18.8;12.0
OTL;199404;168;0;65;966.6;10902;2.6;23.9;56.1;93.2;11.2
OTL;199405;155;0;71;969.9;8818;7.9;27.5;73.6;303.5;15.2
OTL;199406;233;0;53;973.7;14699;9.6;31.2;60.5;77.0;19.9
OTL;199407;240;0;43;973.1;16804;16.1;32.2;63.4;72.6;23.7
OTL;199408;211;0;41;971.5;16360;15.2;34.0;62.3;273.2;22.5
OTL;199409;120;0;71;971.9;8079;7.2;26.1;79.1;320.4;16.3
OTL;199410;104;0;49;973.9;10346;4.1;22.6;74.8;99.5;11.7
OTL;199411;50;0;68;976.1;5155;4.3;17.2;78.4;179.4;9.7
OTL;199412;50;0;49;977.3;7491;-1.0;19.4;68.4;25.6;5.5
OTL;199501;66;1;44;973.9;8993;-4.9;14.4;58.2;57.3;2.6
OTL;199502;87;0;56;973.1;8440;0.0;19.8;63.0;57.1;6.6
OTL;199503;161;0;44;970.4;14176;-0.6;21.0;47.2;18.2;7.4
OTL;199504;179;0;58;970.2;12807;3.2;25.2;58.7;235.3;12.6
OTL;199505;212;0;60;970.8;13061;6.6;27.3;62.4;153.3;15.8
OTL;199506;227;0;53;970.5;12430;8.6;29.5;67.6;113.2;17.7
OTL;199507;241;0;44;972.1;16050;12.3;32.5;66.9;125.8;23.0
OTL;199508;216;0;54;971.6;14462;10.1;30.4;66.1;93.4;20.5
OTL;199509;128;0;61;970.0;9531;5.1;24.5;73.3;371.0;14.6
OTL;199510;114;0;40;979.6;12786;5.1;22.8;74.9;39.7;14.2
OTL;199511;66;0;50;973.7;8447;-0.7;21.0;65.7;79.2;7.6
OTL;199512;40;0;64;971.3;5351;-1.5;10.6;76.3;62.7;3.8
OTL;199601;39;0;70;971.3;4609;-0.7;13.5;83.2;150.3;3.8
OTL;199602;88;1;58;967.3;7849;-2.9;16.8;64.4;21.0;3.1
OTL;199603;132;0;60;969.2;10093;-1.8;17.8;58.8;11.3;6.8
OTL;199604;178;0;60;969.8;11506;3.1;24.7;52.8;32.8;13.1
OTL;199605;191;0;69;968.0;10943;6.0;26.2;69.2;182.2;15.2
OTL;199606;261;0;45;973.5;16360;10.5;33.2;59.7;119.3;20.7
OTL;199607;230;0;54;972.3;14248;11.0;29.0;66.1;243.7;20.4
OTL;199608;199;0;58;971.1;13298;12.8;28.6;71.7;266.5;19.8
OTL;199609;161;0;50;968.8;12849;7.5;24.3;65.6;46.1;14.9
OTL;199610;84;0;65;973.2;7177;6.3;22.0;72.2;196.3;12.6
OTL;199611;57;0;61;968.9;6980;-0.8;18.1;70.1;319.3;7.9
OTL;199612;38;0;68;969.0;4364;-7.3;11.5;77.9;71.7;4.0
OTL;199701;52;1;55;976.4;6660;-2.3;12.1;78.0;74.2;4.0
OTL;199702;102;0;39;978.9;10697;-1.2;14.7;56.1;2.6;6.6
OTL;199703;173;0;26;976.4;16157;4.5;25.3;43.2;2.1;12.0
OTL;199704;241;0;31;970.6;18702;2.8;23.4;40.4;60.9;12.6
OTL;199705;214;0;59;970.9;12875;5.3;27.9;63.9;114.6;16.0
OTL;199706;185;0;71;967.5;9588;8.7;27.5;74.8;432.0;17.8
OTL;199707;233;0;51;971.5;14995;10.6;30.4;62.4;156.6;20.4
OTL;199708;217;0;53;972.8;14983;12.0;30.1;69.9;261.6;21.8
OTL;199709;166;0;44;975.8;13648;12.3;27.9;71.1;13.4;19.0
OTL;199710;113;0;45;972.0;11688;0.1;27.4;65.8;26.4;13.2
OTL;199711;51;0;61;967.5;5501;1.2;15.6;78.3;258.2;7.0
OTL;199712;44;1;58;970.2;5788;-0.5;17.1;68.6;161.6;4.6
OTL;199801;60;0;45;974.6;8273;-2.9;13.5;70.5;55.7;3.6
OTL;199802;114;0;22;979.9;12702;-3.3;20.8;53.9;20.7;7.9
OTL;199803;172;0;35;975.4;15746;0.1;22.8;44.3;1.5;9.4
OTL;199804;134;0;77;964.0;7769;0.2;22.8;70.2;464.1;10.0
OTL;199805;221;0;51;970.2;14378;7.8;28.2;61.5;185.4;16.6
OTL;199806;242;0;53;972.2;14409;9.8;29.1;67.2;211.7;19.7
OTL;199807;244;0;45;969.2;15972;14.3;31.5;62.8;154.5;22.4
OTL;199808;213;0;42;972.0;15635;11.9;32.3;64.0;72.7;22.2
OTL;199809;133;0;61;968.9;9807;8.0;25.1;71.2;375.2;16.4
OTL;199810;90;0;55;971.5;9034;5.9;18.9;71.5;167.7;12.0
OTL;199811;67;0;41;972.0;9001;-3.6;15.9;56.7;8.0;5.8
OTL;199812;47;0;44;977.0;7203;-2.9;18.6;59.1;34.4;3.7
OTL;199901;63;0;43;973.2;9414;-2.1;13.8;65.8;99.2;4.2
OTL;199902;105;0;44;969.3;10400;-3.6;17.6;52.5;13.4;3.9
OTL;199903;138;0;51;968.5;11994;0.3;20.1;59.0;124.7;8.9
OTL;199904;169;0;63;969.1;10689;2.7;23.7;57.6;166.7;12.2
OTL;199905;188;0;69;971.6;10461;10.0;26.5;70.7;194.1;17.3
OTL;199906;230;0;56;972.5;13685;10.9;28.7;66.6;299.8;18.6
OTL;199907;251;0;49;971.2;16538;15.7;29.8;63.6;161.6;22.1
OTL;199908;188;0;64;970.1;11793;13.3;28.6;76.4;321.9;20.8
OTL;199909;131;0;59;971.0;9853;11.0;26.4;77.5;544.6;18.1
OTL;199910;87;0;63;973.9;8543;5.0;21.1;76.8;265.0;12.7
OTL;199911;59;0;49;974.9;7183;-0.5;16.7;64.9;126.8;7.0
OTL;199912;48;0;52;970.9;6662;-3.9;11.3;57.3;48.8;3.2
OTL;200001;70;0;32;977.8;10079;-5.5;18.2;58.3;0.2;3.6
OTL;200002;101;0;35;977.9;10677;-0.2;17.5;55.7;16.9;6.6
OTL;200003;149;0;41;973.0;13417;2.1;26.4;50.2;87.4;10.1
OTL;200004;125;0;75;966.0;7009;4.9;25.9;69.9;443.5;11.5
OTL;200005;195;0;63;972.2;11152;11.1;26.6;71.0;212.3;17.1
OTL;200006;249;0;46;974.7;15206;13.4;30.0;62.5;186.3;20.7
OTL;200007;228;0;51;968.8;13935;10.0;28.5;61.3;295.2;20.0
OTL;200008;207;0;44;973.6;15325;14.0;32.0;68.4;107.1;21.6
OTL;200009;164;0;48;971.0;13461;11.5;26.6;67.7;214.6;18.2
OTL;200010;71;0;70;972.4;5908;7.6;21.5;80.1;428.8;12.8
OTL;200011;42;0;67;968.3;4307;1.7;14.7;81.4;491.8;6.7
OTL;200012;40;1;62;971.3;5340;-2.4;13.0;75.9;138.6;5.2
OTL;200101;46;2;67;971.6;4944;-3.6;11.7;73.8;145.9;3.1
OTL;200102;94;0;44;972.8;9939;-1.7;19.8;56.7;110.7;6.6
OTL;200103;112;1;71;964.6;8248;-0.8;20.7;70.4;238.5;9.2
OTL;200104;185;0;59;967.8;12047;2.7;21.5;52.2;82.6;11.4
OTL;200105;207;0;60;971.2;12537;10.6;31.2;68.5;122.1;17.4
OTL;200106;262;0;44;971.2;16526;9.0;29.8;56.8;329.4;19.1
OTL;200107;231;0;52;970.8;13913;13.1;30.4;66.0;233.4;21.2
OTL;200108;215;0;45;972.5;15691;13.0;30.8;68.8;163.3;22.1
OTL;200109;156;0;54;969.5;12055;7.6;26.1;64.0;150.4;15.2
OTL;200110;102;0;51;976.9;10211;7.9;22.2;78.6;163.3;14.8
OTL;200111;74;0;41;973.9;9240;1.0;19.3;61.6;14.2;7.6
OTL;200112;67;0;24;975.2;10685;-4.9;19.4;53.2;0.1;2.7
OTL;200201;70;0;31;981.2;10141;-3.7;11.6;55.2;19.1;2.8
OTL;200202;97;1;50;973.0;9685;0.1;15.7;62.2;142.4;6.4
OTL;200203;156;0;48;972.9;12977;2.5;27.3;51.9;55.6;10.7
OTL;200204;181;0;65;968.8;11445;4.5;25.2;57.8;64.2;12.5
OTL;200205;186;0;65;970.1;10515;5.0;25.7;72.2;671.2;14.9
OTL;200206;249;0;48;972.0;15199;11.1;31.6;67.9;159.6;21.2
OTL;200207;216;0;54;970.3;13214;12.8;29.2;70.1;298.2;20.4
OTL;200208;201;0;53;970.0;13547;11.9;28.5;73.8;174.2;20.0
OTL;200209;153;0;60;971.6;10569;7.9;26.6;71.1;140.7;16.4
OTL;200210;108;0;51;970.8;10430;5.2;25.1;68.5;88.2;13.0
OTL;200211;47;0;73;967.5;4780;3.4;18.5;75.8;790.0;9.2
OTL;200212;40;0;71;972.1;4173;-1.0;13.8;77.6;45.8;5.0
OTL;200301;70;2;39;969.5;9368;-4.0;17.8;59.6;39.5;3.8
OTL;200302;111;0;27;975.1;11264;-4.3;12.3;54.8;9.1;2.4
OTL;200303;173;0;33;976.9;15364;1.5;20.7;47.8;2.6;10.4
OTL;200304;181;0;54;970.9;11866;-0.4;26.1;56.0;69.1;12.1
OTL;200305;228;0;60;973.5;13098;9.3;28.7;56.5;54.9;18.1
OTL;200306;277;0;42;971.8;17666;16.6;34.8;55.6;29.1;24.8
OTL;200307;252;0;46;971.1;16429;14.3;34.1;56.3;140.1;23.8
OTL;200308;228;0;36;972.4;17876;16.1;37.9;54.0;173.2;25.3
OTL;200309;170;0;45;975.5;13839;10.7;27.2;59.9;68.7;17.8
OTL;200310;103;0;65;969.0;9162;0.2;25.5;68.8;160.2;11.0
OTL;200311;50;0;68;974.7;5166;1.4;15.6;82.3;200.8;7.3
OTL;200312;47;2;52;974.8;6455;-3.0;16.7;66.2;160.1;4.5
OTL;200401;62;3;58;966.9;7411;-2.6;15.4;66.8;18.9;3.2
OTL;200402;93;2;55;972.9;8752;-3.0;15.8;56.6;108.9;5.0
OTL;200403;141;1;61;974.6;9942;-1.4;20.9;58.0;46.3;7.8
OTL;200404;165;0;64;968.1;10395;2.1;25.5;61.6;209.0;11.7
OTL;200405;221;0;55;968.8;13868;4.3;27.9;62.7;187.7;14.8
OTL;200406;252;0;54;971.7;15871;11.9;31.9;53.9;27.4;21.1
OTL;200407;227;0;49;971.7;14614;13.1;31.5;59.4;190.7;21.9
OTL;200408;185;0;57;970.6;12385;13.5;31.2;69.5;396.0;20.7
OTL;200409;158;0;55;975.2;12581;9.6;28.0;66.9;74.4;18.5
OTL;200410;71;0;81;971.3;4740;4.8;22.0;85.1;371.1;13.4
OTL;200411;71;0;48;973.5;7709;1.1;18.5;62.8;196.9;7.9
OTL;200412;57;2;46;974.5;7438;-2.8;12.1;66.8;66.5;4.4
OTL;200501;83;0;26;976.1;11298;-4.3;14.8;53.8;3.1;3.7
OTL;200502;111;0;47;969.7;9258;-3.3;13.6;50.9;7.0;3.4
OTL;200503;147;0;45;971.2;12188;-5.9;27.9;53.4;64.1;8.9
OTL;200504;161;0;64;969.8;10174;5.0;24.5;62.8;165.1;11.8
OTL;200505;223;0;56;971.7;14841;7.5;29.5;57.7;123.3;17.4
OTL;200506;259;0;49;973.0;17208;10.2;32.0;60.7;161.5;21.2
OTL;200507;240;0;48;970.6;15307;13.5;31.9;57.3;83.6;22.5
OTL;200508;205;0;52;971.1;14011;13.9;29.2;61.1;198.3;20.3
OTL;200509;154;0;61;973.7;11189;11.2;29.7;73.0;110.5;18.3
OTL;200510;84;0;60;977.5;7812;7.7;19.2;81.7;61.2;12.3
OTL;200511;66;0;49;972.8;8183;-2.2;16.8;70.4;18.5;7.1
OTL;200512;54;4;43;971.3;8033;-6.3;12.1;65.5;61.5;1.9
OTL;200601;65;5;38;977.9;8863;-4.7;12.5;64.0;50.1;2.2
OTL;200602;84;2;52;968.2;7588;-2.9;11.7;67.1;103.5;3.4
OTL;200603;144;0;54;967.5;11230;-2.2;19.1;58.5;47.2;6.9
OTL;200604;192;0;54;969.9;11646;3.9;23.7;60.1;114.7;12.9
OTL;200605;213;0;64;973.0;11692;7.8;28.2;64.0;88.9;16.6
OTL;200606;266;0;51;975.6;15937;9.2;32.3;53.7;32.6;21.5
OTL;200607;263;0;45;975.6;17043;15.6;34.4;63.4;138.3;24.4
OTL;200608;203;0;54;968.6;12669;11.4;30.8;61.3;306.6;19.8
OTL;200609;154;0;55;973.9;11848;12.2;30.8;75.3;220.5;19.0
OTL;200610;95;0;56;974.7;9603;8.4;25.1;79.7;221.9;14.5
OTL;200611;60;0;51;977.5;7354;1.7;21.5;70.2;84.8;9.2
OTL;200612;50;0;39;982.7;8768;-1.0;12.4;76.2;219.9;5.0
OTL;200701;58;0;47;976.9;8503;-3.0;24.0;67.6;74.0;6.4
OTL;200702;81;0;54;970.3;7460;1.1;19.5;66.5;31.6;7.3
OTL;200703;158;0;56;970.2;12011;1.7;19.7;52.4;73.5;10.2
OTL;200704;259;0;43;973.0;15866;6.6;26.5;55.5;30.3;16.7
OTL;200705;217;0;58;967.7;12448;7.8;30.2;59.7;220.8;17.4
OTL;200706;241;0;64;969.7;12057;10.8;29.0;72.1;299.5;19.5
OTL;200707;289;0;34;970.9;18785;13.1;32.0;54.1;111.4;22.1
OTL;200708;206;0;57;970.7;12609;11.0;29.5;68.3;321.7;20.1
OTL;200709;186;0;44;973.8;14193;7.8;27.5;62.2;198.9;16.8
OTL;200710;130;0;50;976.2;12100;4.4;23.5;67.6;11.1;13.4
OTL;200711;80;0;44;973.3;9504;-1.4;19.3;55.9;116.9;7.6
OTL;200712;65;0;33;978.1;9722;-3.3;14.5;57.7;14.1;4.6
OTL;200801;60;1;55;978.1;7532;-0.7;20.7;70.8;161.5;4.8
OTL;200802;113;0;34;982.3;11458;-2.6;15.0;62.9;39.5;6.0
OTL;200803;170;0;51;963.4;12991;-0.3;23.7;47.5;88.0;9.3
OTL;200804;169;0;67;966.8;9951;4.3;23.2;59.8;243.4;11.2
OTL;200805;213;0;68;971.1;11117;6.1;25.2;70.9;287.4;16.0
OTL;200806;246;0;60;971.5;12666;11.3;31.1;71.7;136.6;19.8
OTL;200807;259;0;49;971.3;15814;12.3;29.9;64.4;284.9;21.2
OTL;200808;227;0;50;971.0;15275;13.6;31.2;65.2;93.3;21.4
OTL;200809;162;0;57;972.5;11358;8.1;25.9;73.0;351.9;16.0
OTL;200810;105;0;56;974.5;9373;4.9;22.1;75.2;218.5;13.1
OTL;200811;56;1;66;971.7;5042;-0.7;18.1;75.9;269.6;7.4
OTL;200812;43;4;57;973.0;5571;-5.2;20.5;75.3;172.5;3.8
OTL;200901;59;2;57;969.4;6548;-3.3;9.6;72.7;29.8;2.6
OTL;200902;110;1;47;968.0;10076;-2.5;15.4;55.9;121.2;4.8
OTL;200903;164;0;53;968.2;12963;0.4;22.6;50.1;141.3;9.3
OTL;200904;173;0;70;970.5;9465;4.2;25.0;65.3;312.2;12.7
OTL;200905;254;0;55;974.4;14982;9.3;31.1;55.5;49.0;18.7
OTL;200906;277;0;49;970.0;15412;10.6;29.9;59.6;304.7;20.2
OTL;200907;274;0;46;972.3;16516;11.0;31.2;61.8;349.6;21.9
OTL;200908;245;0;39;973.7;17127;14.9;31.2;66.9;201.4;22.6
OTL;200909;182;0;47;975.0;13935;11.7;27.2;72.0;120.5;18.5
OTL;200910;122;0;43;972.7;11485;3.2;24.6;64.2;148.7;13.0
OTL;200911;61;0;63;970.4;5891;3.0;16.0;78.4;197.6;8.3
OTL;200912;51;3;55;965.0;5734;-5.6;14.7;66.3;130.0;3.1
OTL;201001;61;1;60;968.1;5981;-3.9;11.9;69.6;47.6;1.5
OTL;201002;90;1;65;962.3;6600;-3.2;12.3;64.7;77.2;3.9
OTL;201003;137;0;63;972.4;9366;-2.3;17.8;60.0;154.0;7.6
OTL;201004;206;0;57;973.2;13360;2.0;24.3;57.6;104.3;12.5
OTL;201005;203;0;67;967.9;11106;5.8;27.4;66.2;406.6;14.8
OTL;201006;233;0;61;969.4;12165;12.3;29.3;65.2;226.2;19.9
OTL;201007;291;0;44;972.4;18548;15.4;32.6;55.7;68.0;24.3
OTL;201008;222;0;51;971.0;13959;11.6;30.5;66.2;221.6;20.8
OTL;201009;184;0;55;970.9;13467;7.4;25.8;66.4;114.4;17.0
OTL;201010;95;0;61;971.2;8000;2.9;21.5;73.8;200.4;11.4
OTL;201011;55;0;71;964.7;5490;-1.5;15.8;78.7;280.7;7.0
OTL;201012;49;2;55;967.6;6354;-5.4;13.6;64.7;118.8;2.0
OTL;201101;62;0;50;975.0;7570;-3.8;13.6;67.9;46.4;3.2
OTL;201102;103;0;45;972.8;9012;0.0;18.6;60.4;51.3;6.3
OTL;201103;145;0;57;976.5;11136;-0.2;20.2;65.3;97.7;8.9
OTL;201104;237;0;46;972.9;16373;6.5;31.8;47.3;34.3;16.1
OTL;201105;272;0;46;974.1;17004;8.9;29.0;54.5;77.8;18.3
OTL;201106;229;0;60;972.2;11482;11.9;30.9;70.6;244.0;19.3
OTL;201107;240;0;54;968.4;13892;11.4;29.6;64.7;382.6;20.1
OTL;201108;242;0;39;972.1;16892;14.1;32.5;62.9;212.4;22.4
OTL;201109;184;0;41;973.9;14277;10.4;29.5;68.4;118.4;19.9
OTL;201110;131;0;41;977.1;12597;3.1;27.0;65.7;70.0;13.1
OTL;201111;72;0;43;979.0;8701;1.8;15.2;74.0;226.5;8.0
OTL;201112;55;0;49;973.8;6904;-0.9;15.5;60.1;16.9;5.5
OTL;201201;68;2;42;976.1;8420;-3.7;17.0;59.4;72.5;4.5
OTL;201202;117;7;39;975.0;10643;-9.5;24.5;54.6;3.3;3.1
OTL;201203;172;0;36;979.2;14438;1.9;25.6;49.8;126.5;12.4
OTL;201204;160;0;72;963.5;8079;2.0;26.3;69.2;260.4;10.8
OTL;201205;236;0;57;971.5;13699;6.9;28.9;62.7;190.2;16.2
OTL;201206;254;0;59;970.8;13519;11.7;30.8;65.6;142.9;21.0
OTL;201207;274;0;45;971.0;16405;14.6;32.1;60.4;140.1;22.5
OTL;201208;231;0;47;973.2;15099;12.9;33.9;63.7;153.7;23.0
OTL;201209;161;0;57;972.4;11359;11.1;27.7;67.2;234.7;17.9
OTL;201210;104;0;54;970.2;8807;1.2;22.6;76.4;205.9;13.0
OTL;201211;67;0;62;971.1;6797;2.5;19.1;73.5;288.6;8.7
OTL;201212;57;2;51;971.6;7800;-2.9;13.4;62.5;44.1;3.6
OTL;201301;67;0;50;968.3;8004;-1.5;22.6;60.1;24.0;4.9
OTL;201302;105;1;51;967.2;8513;-3.6;12.4;54.8;26.3;3.6
OTL;201303;131;0;61;963.3;9303;-1.1;16.3;67.9;98.6;6.4
OTL;201304;166;0;69;970.7;9917;2.7;24.4;71.8;347.3;12.0
OTL;201305;199;0;70;967.2;9609;6.1;23.9;66.0;300.5;14.1
OTL;201306;291;0;51;972.4;16072;10.3;31.5;57.4;52.6;20.2
OTL;201307;286;0;44;974.6;17825;14.5;33.5;62.5;113.6;23.3
OTL;201308;250;0;43;973.4;16688;13.9;32.8;61.4;72.9;22.3
OTL;201309;182;0;53;971.8;13489;10.2;29.3;66.2;221.8;18.4
OTL;201310;74;0;81;975.5;4361;4.3;20.1;84.7;287.6;13.2
OTL;201311;61;0;58;970.0;6111;-1.2;17.3;70.7;146.3;8.0
OTL;201312;57;0;39;979.5;8343;-0.8;17.0;64.0;255.8;5.6
OTL;201401;53;2;65;968.9;5487;-1.3;14.8;74.5;212.7;4.5
OTL;201402;74;1;69;969.1;5496;-0.2;14.5;78.3;285.7;5.3
OTL;201403;167;0;45;971.9;13397;0.0;26.3;55.2;125.1;10.8
OTL;201404;207;0;56;969.1;12706;2.9;24.9;57.7;132.9;14.0
OTL;201405;257;0;57;971.0;14211;8.0;26.1;55.9;82.8;16.2
OTL;201406;274;0;56;972.2;15118;11.6;32.2;64.3;159.3;20.3
OTL;201407;223;0;64;970.3;11374;11.7;30.1;73.4;269.0;20.2
OTL;201408;203;0;63;970.7;11195;12.8;28.8;73.8;347.7;19.6
OTL;201409;174;0;51;973.5;11911;10.8;26.7;70.1;60.1;18.0
OTL;201410;104;0;60;975.1;8714;5.9;22.6;78.9;326.9;14.5
OTL;201411;48;0;73;970.7;4522;4.0;17.2;85.7;732.6;9.3
OTL;201412;52;0;55;974.5;6154;-1.3;14.1;69.1;46.6;6.6
OTL;201501;64;1;49;973.2;7555;-1.7;20.5;60.0;126.7;5.2
OTL;201502;90;3;55;970.4;7308;-1.1;14.4;63.5;130.0;4.9
OTL;201503;142;0;56;974.7;10629;2.3;22.8;58.6;50.9;9.5
OTL;201504;222;0;46;974.8;15073;3.8;25.7;47.9;113.8;14.0
OTL;201505;221;0;63;971.5;12539;8.1;26.3;64.5;230.4;17.0
OTL;201506;279;0;52;974.1;15545;12.8;31.5;63.4;83.1;21.1
OTL;201507;287;0;40;972.0;18492;17.8;36.8;56.7;51.4;25.8
OTL;201508;220;0;49;973.2;14851;14.4;34.9;67.9;130.3;22.3
OTL;201509;146;0;62;972.9;9267;9.6;26.5;71.1;219.4;16.7
OTL;201510;113;0;55;973.6;10526;6.4;21.0;79.2;207.7;12.4
OTL;201511;91;0;32;976.6;11104;0.1;20.6;59.5;0.5;10.1
OTL;201512;67;0;29;986.3;10015;1.9;19.5;62.8;0.3;6.7
OTL;201601;66;0;47;972.4;7736;-2.9;14.1;64.4;27.9;4.3
OTL;201602;80;0;66;969.4;6233;0.2;19.7;69.0;147.3;6.4
OTL;201603;163;2;48;968.6;12517;-0.2;19.3;56.6;137.6;8.8
OTL;201604;178;0;69;968.7;9324;5.7;22.8;64.6;230.8;12.8
OTL;201605;208;0;66;969.7;10977;6.0;25.5;62.5;250.2;15.5
OTL;201606;259;0;61;970.7;12608;11.1;31.1;69.7;228.0;19.4
OTL;201607;269;0;45;973.4;16504;14.4;31.8;63.5;78.5;22.7
OTL;201608;251;0;41;975.3;17271;14.4;30.8;63.9;129.5;22.1
OTL;201609;194;0;48;975.0;14268;12.3;29.5;65.8;67.1;20.3
OTL;201610;104;0;56;975.7;8990;4.8;23.2;77.3;104.2;11.9
OTL;201611;56;0;70;973.1;4840;0.3;18.3;76.4;215.4;8.0
OTL;201612;64;0;34;984.3;9684;-0.2;18.6;61.3;3.4;6.4
OTL;201701;76;0;31;977.0;9755;-3.5;13.6;55.5;5.5;2.2
OTL;201702;83;0;64;975.1;6320;1.0;15.2;71.6;92.7;6.4
OTL;201703;150;0;55;973.4;11776;3.2;24.6;56.9;156.4;11.7
OTL;201704;230;0;44;972.6;15732;1.8;25.7;49.9;155.7;13.8
OTL;201705;258;0;53;972.9;15407;4.4;30.0;61.4;142.6;17.3
OTL;201706;277;0;49;971.7;16096;11.3;32.7;64.6;312.5;22.1
OTL;201707;286;0;46;972.2;17210;11.9;31.4;59.4;46.1;22.8
OTL;201708;223;0;48;974.0;14639;13.1;34.5;63.9;380.6;22.7
OTL;201709;167;0;61;972.1;11117;8.4;26.3;66.4;151.4;16.3
OTL;201710;141;0;33;977.0;13904;8.3;25.1;58.5;0.5;14.8
OTL;201711;75;0;47;972.3;8072;0.4;16.5;61.0;117.3;7.9
OTL;201712;57;6;47;973.4;7609;-2.4;13.9;63.7;124.2;3.2
OTL;201801;55;0;64;974.0;6030;0.4;13.7;79.0;94.6;5.3
OTL;201802;96;0;60;968.5;7625;-7.5;11.6;61.9;13.1;3.3
OTL;201803;123;0;71;961.5;8001;-3.8;17.4;70.0;142.8;6.9
OTL;201804;196;0;56;972.1;11952;4.9;27.6;61.3;142.9;14.6
OTL;201805;220;0;70;971.2;10810;9.5;27.8;74.6;156.0;16.8
OTL;201806;311;0;46;971.0;17396;14.1;32.5;60.2;42.6;21.7
OTL;201807;315;0;40;971.1;19210;16.0;34.3;59.2;67.5;24.1
OTL;201808;259;0;47;973.2;16692;13.8;35.0;64.1;162.2;23.3
OTL;201809;206;0;41;976.5;15108;9.8;28.8;67.3;41.3;19.9
OTL;201810;109;0;55;973.9;10272;7.5;30.5;71.7;367.9;15.1
OTL;201811;39;0;78;974.6;1982;1.5;17.2;84.9;216.8;8.7
OTL;201812;65;0;42;976.7;8526;-2.0;18.2;62.3;17.9;5.6