stn;time;gre000m0;prestam0;sre000m0;tre200mx;hto000m0;nto000m0;rre150m0;tre200m0;tre200mn;ure200m0
ANT;186401;-;-;-;-;-;-;-;-11.0;-;-
ANT;186402;-;-;-;-;-;-;-;-5.3;-;-
ANT;186403;-;-;-;-;-;-;-;-1.3;-;-
ANT;186404;-;-;-;-;-;-;-;0.7;-;-
ANT;186405;-;-;-;-;-;-;-;6.5;-;-
ANT;186406;-;-;-;-;-;-;-;8.9;-;-
ANT;186407;-;-;-;-;-;-;-;11.6;-;-
ANT;186408;-;-;-;-;-;-;-;9.8;-;-
ANT;186409;-;-;-;-;-;-;-;7.5;-;-
ANT;186410;-;-;-;-;-;-;-;3.3;-;-
ANT;186411;-;-;-;-;-;-;-;-0.4;-;-
ANT;186412;-;-;-;-;-;-;-;-4.9;-;-
ANT;186501;-;-;-;-;-;-;-;-3.9;-;-
ANT;186502;-;-;-;-;-;-;-;-7.6;-;-
ANT;186503;-;-;-;-;-;-;-;-5.6;-;-
ANT;186504;-;-;-;-;-;-;-;5.2;-;-
ANT;186505;-;-;-;-;-;-;-;9.8;-;-
ANT;186506;-;-;-;-;-;-;-;9.9;-;-
ANT;186507;-;-;-;-;-;-;-;13.4;-;-
ANT;186508;-;-;-;-;-;-;-;10.7;-;-
ANT;186509;-;-;-;-;-;-;-;10.4;-;-
ANT;186510;-;-;-;-;-;-;-;4.7;-;-
ANT;186511;-;-;-;-;-;-;-;-0.2;-;-
ANT;186512;-;-;-;-;-;-;-;-5.5;-;-
ANT;186601;-;-;-;-;-;-;-;-3.2;-;-
ANT;186602;-;-;-;-;-;-;-;-0.7;-;-
ANT;186603;-;-;-;-;-;-;-;-0.9;-;-
ANT;186604;-;-;-;-;-;-;-;3.7;-;-
ANT;186605;-;-;-;-;-;-;-;4.9;-;-
ANT;186606;-;-;-;-;-;-;-;11.8;-;-
ANT;186607;-;-;-;-;-;-;-;11.7;-;-
ANT;186608;-;-;-;-;-;-;-;9.8;-;-
ANT;186609;-;-;-;-;-;-;-;9.5;-;-
ANT;186610;-;-;-;-;-;-;-;4.7;-;-
ANT;186611;-;-;-;-;-;-;-;-1.6;-;-
ANT;186612;-;-;-;-;-;-;-;-2.8;-;-
ANT;186701;-;-;-;-;-;-;-;-4.6;-;-
ANT;186702;-;-;-;-;-;-;-;-0.4;-;-
ANT;186703;-;-;-;-;-;-;-;0.6;-;-
ANT;186704;-;-;-;-;-;-;-;3.9;-;-
ANT;186705;-;-;-;-;-;-;-;7.2;-;-
ANT;186706;-;-;-;-;-;-;-;10.0;-;-
ANT;186707;-;-;-;-;-;-;-;10.7;-;-
ANT;186708;-;-;-;-;-;-;-;12.7;-;-
ANT;186709;-;-;-;-;-;-;-;9.7;-;-
ANT;186710;-;-;-;-;-;-;-;3.3;-;-
ANT;186711;-;-;-;-;-;-;-;-2.3;-;-
ANT;186712;-;-;-;-;-;-;-;-8.2;-;-
ANT;186801;-;-;-;-;-;-;-;-7.9;-;-
ANT;186802;-;-;-;-;-;-;-;-4.8;-;-
ANT;186803;-;-;-;-;-;-;-;-3.0;-;-
ANT;186804;-;-;-;-;-;-;-;2.2;-;-
ANT;186805;-;-;-;-;-;-;-;11.1;-;-
ANT;186806;-;-;-;-;-;-;-;11.1;-;-
ANT;186807;-;-;-;-;-;-;-;11.8;-;-
ANT;186808;-;-;-;-;-;-;-;12.0;-;-
ANT;186809;-;-;-;-;-;-;-;10.9;-;-
ANT;186810;-;-;-;-;-;-;-;4.4;-;-
ANT;186811;-;-;-;-;-;-;-;-4.0;-;-
ANT;186812;-;-;-;-;-;-;-;0.7;-;-
ANT;186901;-;-;-;-;-;-;-;-6.3;-;-
ANT;186902;-;-;-;-;-;-;-;0.0;-;-
ANT;186903;-;-;-;-;-;-;-;-3.9;-;-
ANT;186904;-;-;-;-;-;-;-;3.5;-;-
ANT;186905;-;-;-;-;-;-;-;9.0;-;-
ANT;186906;-;-;-;-;-;-;-;7.5;-;-
ANT;186907;-;-;-;-;-;-;-;14.2;-;-
ANT;186908;-;-;-;-;-;-;-;10.1;-;-
ANT;186909;-;-;-;-;-;-;-;9.7;-;-
ANT;186910;-;-;-;-;-;-;-;2.0;-;-
ANT;186911;-;-;-;-;-;-;-;-1.5;-;-
ANT;186912;-;-;-;-;-;-;-;-4.0;-;-
ANT;187001;-;-;-;-;-;-;-;-8.5;-;-
ANT;187002;-;-;-;-;-;-;-;-3.5;-;-
ANT;187003;-;-;-;-;-;-;-;-2.5;-;-
ANT;187004;-;-;-;-;-;-;-;2.0;-;-
ANT;187005;-;-;-;-;-;-;-;9.0;-;-
ANT;187006;-;-;-;-;-;-;-;11.0;-;-
ANT;187007;-;-;-;-;-;-;-;13.5;-;-
ANT;187008;-;-;-;-;-;-;-;9.5;-;-
ANT;187009;-;-;-;-;-;-;-;7.5;-;-
ANT;187010;-;-;-;-;-;-;-;3.5;-;-
ANT;187011;-;-;-;-;-;-;-;-0.5;-;-
ANT;187012;-;-;-;-;-;-;-;-6.5;-;-
ANT;187101;-;-;-;-;-;-;-;-8.5;-;-
ANT;187102;-;-;-;-;-;-;-;-5.0;-;-
ANT;187103;-;-;-;-;-;-;-;-0.5;-;-
ANT;187104;-;-;-;-;-;-;-;3.0;-;-
ANT;187105;-;-;-;-;-;-;-;6.5;-;-
ANT;187106;-;-;-;-;-;-;-;7.0;-;-
ANT;187107;-;-;-;-;-;-;-;12.5;-;-
ANT;187108;-;-;-;-;-;-;-;11.5;-;-
ANT;187109;-;-;-;-;-;-;-;11.0;-;-
ANT;187110;-;-;-;-;-;-;-;2.4;-;-
ANT;187111;-;-;-;-;-;-;-;-3.6;-;-
ANT;187112;-;-;-;-;-;-;-;-12.7;-;-
ANT;187201;-;-;-;-;-;-;-;-4.8;-;-
ANT;187202;-;-;-;-;-;-;-;-2.8;-;-
ANT;187203;-;-;-;-;-;-;-;-0.8;-;-
ANT;187204;-;-;-;-;-;-;-;3.2;-;-
ANT;187205;-;-;-;-;-;-;-;6.1;-;-
ANT;187206;-;-;-;-;-;-;-;9.7;-;-
ANT;187207;-;-;-;-;-;-;-;12.7;-;-
ANT;187208;-;-;-;-;-;-;-;10.1;-;-
ANT;187209;-;-;-;-;-;-;-;9.8;-;-
ANT;187210;-;-;-;-;-;-;-;5.3;-;-
ANT;187211;-;-;-;-;-;-;-;2.3;-;-
ANT;187212;-;-;-;-;-;-;-;-1.5;-;-
ANT;187301;-;-;-;-;-;-;-;-3.2;-;-
ANT;187302;-;-;-;-;-;-;-;-4.5;-;-
ANT;187303;-;-;-;-;-;-;-;2.0;-;-
ANT;187304;-;-;-;-;-;-;-;1.7;-;-
ANT;187305;-;-;-;-;-;-;-;5.1;-;-
ANT;187306;-;-;-;-;-;-;-;11.3;-;-
ANT;187307;-;-;-;-;-;-;-;14.0;-;-
ANT;187308;-;-;-;-;-;-;-;13.6;-;-
ANT;187309;-;-;-;-;-;-;-;8.0;-;-
ANT;187310;-;-;-;-;-;-;-;5.0;-;-
ANT;187311;-;-;-;-;-;-;-;0.0;-;-
ANT;187312;-;-;-;-;-;-;-;-6.5;-;-
ANT;187401;-;-;-;-;-;-;-;-5.7;-;-
ANT;187402;-;-;-;-;-;-;-;-5.6;-;-
ANT;187403;-;-;-;-;-;-;-;-2.6;-;-
ANT;187404;-;-;-;-;-;-;-;3.5;-;-
ANT;187405;-;-;-;-;-;-;-;4.5;-;-
ANT;187406;-;-;-;-;-;-;-;11.2;-;-
ANT;187407;-;-;-;-;-;-;-;14.5;-;-
ANT;187408;-;-;-;-;-;-;-;10.4;-;-
ANT;187409;-;-;-;-;-;-;-;11.2;-;-
ANT;187410;-;-;-;-;-;-;-;5.8;-;-
ANT;187411;-;-;-;-;-;-;-;-4.3;-;-
ANT;187412;-;-;-;-;-;-;-;-7.7;-;-
ANT;187501;-;-;-;-;-;-;-;-4.1;-;-
ANT;187502;-;-;-;-;-;-;-;-7.9;-;-
ANT;187503;-;-;-;-;-;-;-;-3.5;-;-
ANT;187504;-;-;-;-;-;-;-;1.6;-;-
ANT;187505;-;-;-;-;-;-;-;9.1;-;-
ANT;187506;-;-;-;-;-;-;-;11.3;-;-
ANT;187507;-;-;-;-;-;-;-;11.4;-;-
ANT;187508;-;-;-;-;-;-;-;13.1;-;-
ANT;187509;-;-;-;-;-;-;-;9.8;-;-
ANT;187510;-;-;-;-;-;-;-;3.3;-;-
ANT;187511;-;-;-;-;-;-;-;-2.7;-;-
ANT;187512;-;-;-;-;-;-;-;-9.0;-;-
ANT;187601;-;-;-;-;-;-;-;-5.3;-;-
ANT;187602;-;-;-;-;-;-;-;-3.6;-;-
ANT;187603;-;-;-;-;-;-;-;-1.4;-;-
ANT;187604;-;-;-;-;-;-;-;2.3;-;-
ANT;187605;-;-;-;-;-;-;-;3.8;-;-
ANT;187606;-;-;-;-;-;-;-;10.5;-;-
ANT;187607;-;-;-;-;-;-;-;12.7;-;-
ANT;187608;-;-;-;-;-;-;-;12.7;-;-
ANT;187609;-;-;-;-;-;-;-;7.4;-;-
ANT;187610;-;-;-;-;-;-;-;7.3;-;-
ANT;187611;-;-;-;-;-;-;-;-2.3;-;-
ANT;187612;-;-;-;-;-;-;-;-1.1;-;-
ANT;187701;-;-;-;-;-;-;-;-3.7;-;-
ANT;187702;-;-;-;-;-;-;-;-2.8;-;-
ANT;187703;-;-;-;-;-;-;-;-3.0;-;-
ANT;187704;-;-;-;-;-;-;-;2.0;-;-
ANT;187705;-;-;-;-;-;-;-;5.2;-;-
ANT;187706;-;-;-;-;-;-;-;13.4;-;-
ANT;187707;-;-;-;-;-;-;-;11.5;-;-
ANT;187708;-;-;-;-;-;-;-;13.4;-;-
ANT;187709;-;-;-;-;-;-;-;6.6;-;-
ANT;187710;-;-;-;-;-;-;-;1.9;-;-
ANT;187711;-;-;-;-;-;-;-;0.3;-;-
ANT;187712;-;-;-;-;-;-;-;-6.3;-;-
ANT;187801;-;-;-;-;-;-;-;-9.4;-;-
ANT;187802;-;-;-;-;-;-;-;-5.4;-;-
ANT;187803;-;-;-;-;-;-;-;-3.7;-;-
ANT;187804;-;-;-;-;-;-;-;2.4;-;-
ANT;187805;-;-;-;-;-;-;-;8.3;-;-
ANT;187806;-;-;-;-;-;-;-;10.4;-;-
ANT;187807;-;-;-;-;-;-;-;11.3;-;-
ANT;187808;-;-;-;-;-;-;-;12.4;-;-
ANT;187809;-;-;-;-;-;-;-;8.4;-;-
ANT;187810;-;-;-;-;-;-;-;5.3;-;-
ANT;187811;-;-;-;-;-;-;-;-2.1;-;-
ANT;187812;-;-;-;-;-;-;-;-7.3;-;-
ANT;187901;-;-;-;-;-;-;-;-4.9;-;-
ANT;187902;-;-;-;-;-;-;-;-2.8;-;-
ANT;187903;-;-;-;-;-;-;-;-0.7;-;-
ANT;187904;-;-;-;-;-;-;-;0.7;-;-
ANT;187905;-;-;-;-;-;-;-;3.4;-;-
ANT;187906;-;-;-;-;-;-;-;11.1;-;-
ANT;187907;-;-;-;-;-;-;-;9.9;-;-
ANT;187908;-;-;-;-;-;-;-;13.6;-;-
ANT;187909;-;-;-;-;-;-;-;8.4;-;-
ANT;187910;-;-;-;-;-;-;-;2.8;-;-
ANT;187911;-;-;-;-;-;-;-;-5.2;-;-
ANT;187912;-;-;-;-;-;-;-;-10.7;-;-
ANT;188001;-;-;-;-;-;-;-;-9.4;-;-
ANT;188002;-;-;-;-;-;-;-;-2.9;-;-
ANT;188003;-;-;-;-;-;-;-;1.0;-;-
ANT;188004;-;-;-;-;-;-;-;4.1;-;-
ANT;188005;-;-;-;-;-;-;-;6.3;-;-
ANT;188006;-;-;-;-;-;-;-;9.3;-;-
ANT;188007;-;-;-;-;-;-;-;13.7;-;-
ANT;188008;-;-;-;-;-;-;-;10.9;-;-
ANT;188009;-;-;-;-;-;-;-;9.2;-;-
ANT;188010;-;-;-;-;-;-;-;5.1;-;-
ANT;188011;-;-;-;-;-;-;-;0.3;-;-
ANT;188012;-;-;-;-;-;-;-;-0.9;-;-
ANT;188101;-;-;-;-;-;-;127.4;-7.9;-;-
ANT;188102;-;-;-;-;-;-;85.6;-3.2;-;-
ANT;188103;-;-;-;-;-;-;75.8;0.2;-;-
ANT;188104;-;-;-;-;-;-;73.9;2.5;-;-
ANT;188105;-;-;-;-;-;-;72.0;6.3;-;-
ANT;188106;-;-;-;-;-;-;103.3;9.6;-;-
ANT;188107;-;-;-;-;-;-;45.0;14.9;-;-
ANT;188108;-;-;-;-;-;-;246.7;12.5;-;-
ANT;188109;-;-;-;-;-;-;223.2;6.8;-;-
ANT;188110;-;-;-;-;-;-;89.5;1.0;-;-
ANT;188111;-;-;-;-;-;-;52.3;1.3;-;-
ANT;188112;-;-;-;-;-;-;67.6;-4.9;-;-
ANT;188201;-;-;-;-;-;-;18.5;-5.5;-;-
ANT;188202;-;-;-;-;-;-;25.0;-5.5;-;-
ANT;188203;-;-;-;-;-;-;65.6;0.5;-;-
ANT;188204;-;-;-;-;-;-;112.3;2.5;-;-
ANT;188205;-;-;-;-;-;-;111.7;7.4;-;-
ANT;188206;-;-;-;-;-;-;132.3;9.4;-;-
ANT;188207;-;-;-;-;-;-;122.2;10.9;-;-
ANT;188208;-;-;-;-;-;-;132.5;9.8;-;-
ANT;188209;-;-;-;-;-;-;376.7;6.6;-;-
ANT;188210;-;-;-;-;-;-;227.4;5.0;-;-
ANT;188211;-;-;-;-;-;-;46.3;-0.3;-;-
ANT;188212;-;-;-;-;-;-;41.5;-2.1;-;-
ANT;188301;-;-;-;-;-;-;82.0;-4.5;-;-
ANT;188302;-;-;-;-;-;-;16.0;-2.4;-;-
ANT;188303;-;-;-;-;-;-;104.0;-4.8;-;-
ANT;188304;-;-;-;-;-;-;61.0;1.0;-;-
ANT;188305;-;-;-;-;-;-;137.0;6.5;-;-
ANT;188306;-;-;-;-;-;-;147.0;9.6;-;-
ANT;188307;-;-;-;-;-;-;75.0;10.9;-;-
ANT;188308;-;-;-;-;-;-;58.0;11.1;-;-
ANT;188309;-;-;-;-;-;-;137.0;8.3;-;-
ANT;188310;-;-;-;-;-;-;32.0;3.0;-;-
ANT;188311;-;-;-;-;-;-;34.0;-1.2;-;-
ANT;188312;-;-;-;-;-;-;171.0;-6.2;-;-
ANT;188401;-;-;-;-;-;-;12.4;-4.0;-;-
ANT;188402;-;-;-;-;-;-;24.6;-2.4;-;-
ANT;188403;-;-;-;-;-;-;21.8;-0.6;-;-
ANT;188404;-;-;-;-;-;-;27.2;2.1;-;-
ANT;188405;-;-;-;-;-;-;66.7;8.0;-;-
ANT;188406;-;-;-;-;-;-;98.6;6.8;-;-
ANT;188407;-;-;-;-;-;-;74.8;12.8;-;-
ANT;188408;-;-;-;-;-;-;70.1;12.2;-;-
ANT;188409;-;-;-;-;-;-;160.4;8.8;-;-
ANT;188410;-;-;-;-;-;-;33.6;2.4;-;-
ANT;188411;-;-;-;-;-;-;19.4;-3.6;-;-
ANT;188412;-;-;-;-;-;-;78.1;-3.8;-;-
ANT;188501;-;-;-;-;-;-;42.4;-8.4;-;-
ANT;188502;-;-;-;-;-;-;51.3;-1.3;-;-
ANT;188503;-;-;-;-;-;-;15.6;-1.3;-;-
ANT;188504;-;-;-;-;-;-;81.0;3.0;-;-
ANT;188505;-;-;-;-;-;-;77.3;4.7;-;-
ANT;188506;-;-;-;-;-;-;59.4;12.1;-;-
ANT;188507;-;-;-;-;-;-;46.6;12.8;-;-
ANT;188508;-;-;-;-;-;-;99.2;11.0;-;-
ANT;188509;-;-;-;-;-;-;224.9;8.3;-;-
ANT;188510;-;-;-;-;-;-;296.8;2.3;-;-
ANT;188511;-;-;-;-;-;-;88.1;1.2;-;-
ANT;188512;-;-;-;-;-;-;60.6;-4.8;-;-
ANT;188601;-;-;-;-;-;-;77.8;-5.7;-;-
ANT;188602;-;-;-;-;-;-;37.4;-5.8;-;-
ANT;188603;-;-;-;-;-;-;34.1;-3.0;-;-
ANT;188604;-;-;-;-;-;-;127.7;4.0;-;-
ANT;188605;-;-;-;-;-;-;178.0;7.1;-;-
ANT;188606;-;-;-;-;-;-;78.1;8.2;-;-
ANT;188607;-;-;-;-;-;-;148.5;12.7;-;-
ANT;188608;-;-;-;-;-;-;112.2;11.4;-;-
ANT;188609;-;-;-;-;-;-;32.1;10.6;-;-
ANT;188610;-;-;-;-;-;-;95.4;6.6;-;-
ANT;188611;-;-;-;-;-;-;218.9;-2.0;-;-
ANT;188612;-;-;-;-;-;-;167.6;-4.7;-;-
ANT;188701;-;-;-;-;-;-;25.5;-9.9;-;-
ANT;188702;-;-;-;-;-;-;8.0;-6.9;-;-
ANT;188703;-;-;-;-;-;-;98.6;-2.6;-;-
ANT;188704;-;-;-;-;-;-;137.6;1.2;-;-
ANT;188705;-;-;-;-;-;-;138.2;4.3;-;-
ANT;188706;-;-;-;-;-;-;57.8;11.3;-;-
ANT;188707;-;-;-;-;-;-;89.4;14.3;-;-
ANT;188708;-;-;-;-;-;-;80.6;11.9;-;-
ANT;188709;-;-;-;-;-;-;146.2;7.6;-;-
ANT;188710;-;-;-;-;-;-;60.8;-0.1;-;-
ANT;188711;-;-;-;-;-;-;56.2;-0.8;-;-
ANT;188712;-;-;-;-;-;-;101.0;-6.9;-;-
ANT;188801;-;-;-;-;-;-;104.5;-7.5;-;-
ANT;188802;-;-;-;-;-;-;352.1;-6.1;-;-
ANT;188803;-;-;-;-;-;-;156.1;-3.1;-;-
ANT;188804;-;-;-;-;-;-;98.6;0.1;-;-
ANT;188805;-;-;-;-;-;-;46.9;7.6;-;-
ANT;188806;-;-;-;-;-;-;105.3;10.9;-;-
ANT;188807;-;-;-;-;-;-;207.4;9.9;-;-
ANT;188808;-;-;-;-;-;-;217.0;10.6;-;-
ANT;188809;-;-;-;-;-;-;106.6;9.5;-;-
ANT;188810;-;-;-;-;-;-;159.0;1.8;-;-
ANT;188811;-;-;-;-;-;-;92.9;0.7;-;-
ANT;188812;-;-;-;-;-;-;21.0;-2.7;-;-
ANT;188901;-;-;-;-;-;-;28.9;-6.3;-;-
ANT;188902;-;-;-;-;-;-;214.2;-6.1;-;-
ANT;188903;-;-;-;-;-;-;77.2;-4.1;-;-
ANT;188904;-;-;-;-;-;-;123.8;1.3;-;-
ANT;188905;-;-;-;-;-;-;31.8;8.8;-;-
ANT;188906;-;-;-;-;-;-;72.4;12.1;-;-
ANT;188907;-;-;-;-;-;-;68.7;11.6;-;-
ANT;188908;-;-;-;-;-;-;123.4;10.8;-;-
ANT;188909;-;-;-;-;-;-;64.9;6.8;-;-
ANT;188910;-;-;-;-;-;-;380.0;4.0;-;-
ANT;188911;-;-;-;-;-;-;19.9;0.3;-;-
ANT;188912;-;-;-;-;-;-;17.6;-7.9;-;-
ANT;189001;-;-;-;-;-;-;62.8;-2.3;-;-
ANT;189002;-;-;-;-;-;-;0.0;-6.8;-;-
ANT;189003;-;-;-;-;-;-;44.0;-1.7;-;-
ANT;189004;-;-;-;-;-;-;56.2;1.9;-;-
ANT;189005;-;-;-;-;-;-;82.2;7.9;-;-
ANT;189006;-;-;-;-;-;-;83.6;9.1;-;-
ANT;189007;-;-;-;-;-;-;157.1;10.3;-;-
ANT;189008;-;-;-;-;-;-;343.5;11.7;-;-
ANT;189009;-;-;-;-;-;-;84.8;7.8;-;-
ANT;189010;-;-;-;-;-;-;105.3;2.2;-;-
ANT;189011;-;-;-;-;-;-;73.3;-1.3;-;-
ANT;189012;-;-;-;-;-;-;27.8;-7.5;-;-
ANT;189101;-;-;-;-;-;-;52.0;-12.4;-;-
ANT;189102;-;-;-;-;-;-;12.2;-6.9;-;-
ANT;189103;-;-;-;-;-;-;52.1;-1.9;-;-
ANT;189104;-;-;-;-;-;-;11.0;0.2;-;-
ANT;189105;-;-;-;-;-;-;82.6;6.7;-;-
ANT;189106;-;-;-;-;-;-;58.1;10.7;-;-
ANT;189107;-;-;-;-;-;-;269.0;10.7;-;-
ANT;189108;-;-;-;-;-;-;81.1;10.5;-;-
ANT;189109;-;-;-;-;-;-;92.8;9.5;-;-
ANT;189110;-;-;-;-;-;-;163.6;5.8;-;-
ANT;189111;-;-;-;-;-;-;49.9;-0.4;-;-
ANT;189112;-;-;-;-;-;-;182.9;-3.8;-;-
ANT;189201;-;-;-;-;-;-;62.4;-5.7;-;-
ANT;189202;-;-;-;-;-;-;234.1;-3.7;-;-
ANT;189203;-;-;-;-;-;-;64.0;-4.1;-;-
ANT;189204;-;-;-;-;-;-;36.0;2.0;-;-
ANT;189205;-;-;-;-;-;-;22.8;7.1;-;-
ANT;189206;-;-;-;-;-;-;103.9;10.7;-;-
ANT;189207;-;-;-;-;-;-;72.5;11.5;-;-
ANT;189208;-;-;-;-;-;-;112.7;13.2;-;-
ANT;189209;-;-;-;-;-;-;124.6;9.8;-;-
ANT;189210;-;-;-;-;-;-;81.9;3.6;-;-
ANT;189211;-;-;-;-;-;-;22.7;0.3;-;-
ANT;189212;-;-;-;-;-;-;64.6;-8.4;-;-
ANT;189301;-;-;-;-;-;-;147.4;-12.0;-;-
ANT;189302;-;-;-;-;-;-;85.3;-4.1;-;-
ANT;189303;-;-;-;-;-;-;19.9;-0.8;-;-
ANT;189304;-;-;-;-;-;-;4.7;5.2;-;-
ANT;189305;-;-;-;-;-;-;50.1;6.9;-;-
ANT;189306;-;-;-;-;-;-;99.7;10.3;-;-
ANT;189307;-;-;-;-;-;-;152.4;11.9;-;-
ANT;189308;-;-;-;-;-;-;30.3;12.6;-;-
ANT;189309;-;-;-;-;-;-;149.2;9.0;-;-
ANT;189310;-;-;-;-;-;-;72.6;6.0;-;-
ANT;189311;-;-;-;-;-;-;54.9;-1.5;-;-
ANT;189312;-;-;-;-;-;-;31.2;-5.3;-;-
ANT;189401;-;-;-;-;-;-;1.2;-5.5;-;-
ANT;189402;-;-;-;-;-;-;50.3;-4.4;-;-
ANT;189403;-;-;-;-;-;-;72.8;-1.5;-;-
ANT;189404;-;-;-;-;-;-;52.7;4.2;-;-
ANT;189405;-;-;-;-;-;-;75.8;6.4;-;-
ANT;189406;-;-;-;-;-;-;58.2;9.7;-;-
ANT;189407;-;-;-;-;-;-;146.8;13.0;-;-
ANT;189408;-;-;-;-;-;-;135.3;11.5;-;-
ANT;189409;-;-;-;-;-;-;70.0;7.7;-;-
ANT;189410;-;-;-;-;-;-;26.7;3.9;-;-
ANT;189411;-;-;-;-;-;-;44.5;0.8;-;-
ANT;189412;-;-;-;-;-;-;89.5;-6.5;-;-
ANT;189501;-;-;-;-;-;-;132.3;-10.6;-;-
ANT;189502;-;-;-;-;-;-;29.7;-10.4;-;-
ANT;189503;-;-;-;-;-;-;59.7;-2.9;-;-
ANT;189504;-;-;-;-;-;-;59.9;3.6;-;-
ANT;189505;-;-;-;-;-;-;103.5;7.0;-;-
ANT;189506;-;-;-;-;-;-;114.9;10.2;-;-
ANT;189507;-;-;-;-;-;-;65.2;13.1;-;-
ANT;189508;-;-;-;-;-;-;60.0;11.6;-;-
ANT;189509;-;-;-;-;-;-;4.8;11.9;-;-
ANT;189510;-;-;-;-;-;-;161.6;3.6;-;-
ANT;189511;-;-;-;-;-;-;37.7;3.2;-;-
ANT;189512;-;-;-;-;-;-;133.7;-3.8;-;-
ANT;189601;-;-;-;-;-;-;27.2;-9.0;-;-
ANT;189602;-;-;-;-;-;-;32.3;-5.7;-;-
ANT;189603;-;-;-;-;-;-;50.9;0.0;-;-
ANT;189604;-;-;-;-;-;-;47.1;-0.5;-;-
ANT;189605;-;-;-;-;-;-;16.1;4.7;-;-
ANT;189606;-;-;-;-;-;-;101.4;10.3;-;-
ANT;189607;-;-;-;-;-;-;116.5;12.6;-;-
ANT;189608;-;-;-;-;-;-;105.7;9.1;-;-
ANT;189609;-;-;-;-;-;-;165.6;8.4;-;-
ANT;189610;-;-;-;-;-;-;190.6;3.7;-;-
ANT;189611;-;-;-;-;-;-;44.1;-4.1;-;-
ANT;189612;-;-;-;-;-;-;53.5;-4.4;-;-
ANT;189701;-;-;-;-;-;-;47.0;-5.1;-;-
ANT;189702;-;-;-;-;-;-;109.5;-2.7;-;-
ANT;189703;-;-;-;-;-;-;90.8;0.7;-;-
ANT;189704;-;-;-;-;-;-;92.4;2.9;-;-
ANT;189705;-;-;-;-;-;-;122.9;5.5;-;-
ANT;189706;-;-;-;-;-;-;60.6;12.2;-;-
ANT;189707;-;-;-;-;-;-;97.1;12.8;-;-
ANT;189708;-;-;-;-;-;-;166.6;12.0;-;-
ANT;189709;-;-;-;-;-;-;281.4;7.6;-;-
ANT;189710;-;-;-;-;-;-;23.7;3.7;-;-
ANT;189711;-;-;-;-;-;-;29.2;-0.2;-;-
ANT;189712;-;-;-;-;-;-;38.9;-5.7;-;-
ANT;189801;-;-;-;-;-;-;7.3;-3.7;-;-
ANT;189802;-;-;-;-;-;-;326.8;-5.1;-;-
ANT;189803;-;-;-;-;-;-;165.1;-1.5;-;-
ANT;189804;-;-;-;-;-;-;90.8;2.7;-;-
ANT;189805;-;-;-;-;-;-;196.2;5.7;-;-
ANT;189806;-;-;-;-;-;-;143.5;9.6;-;-
ANT;189807;-;-;-;-;-;-;77.2;10.5;-;-
ANT;189808;-;-;-;-;-;-;77.5;13.5;-;-
ANT;189809;-;-;-;-;-;-;11.4;10.1;-;-
ANT;189810;-;-;-;-;-;-;176.3;6.9;-;-
ANT;189811;-;-;-;-;-;-;273.5;3.6;-;-
ANT;189812;-;-;-;-;-;-;68.9;-5.3;-;-
ANT;189901;-;-;-;-;-;-;245.8;-1.8;-;-
ANT;189902;-;-;-;-;-;-;8.6;-2.3;-;-
ANT;189903;-;-;-;-;-;-;68.8;-1.4;-;-
ANT;189904;-;-;-;-;-;-;87.3;2.4;-;-
ANT;189905;-;-;-;-;-;-;112.0;6.0;-;-
ANT;189906;-;-;-;-;-;-;70.8;10.0;-;-
ANT;189907;-;-;-;-;-;-;29.9;12.2;-;-
ANT;189908;-;-;-;-;-;-;48.5;13.1;-;-
ANT;189909;-;-;-;-;-;-;131.7;8.4;-;-
ANT;189910;-;-;-;-;-;-;16.9;6.6;-;-
ANT;189911;-;-;-;-;-;-;6.9;0.7;-;-
ANT;189912;-;-;-;-;-;-;67.3;-5.4;-;-
ANT;190001;-;-;-;-;-;-;148.9;-4.9;-;-
ANT;190002;-;-;-;-;-;-;110.7;-1.1;-;-
ANT;190003;-;-;-;-;-;-;34.4;-4.8;-;-
ANT;190004;-;-;-;-;-;-;47.2;1.3;-;-
ANT;190005;-;-;-;-;-;-;102.6;6.0;-;-
ANT;190006;-;-;-;-;-;-;30.6;11.4;-;-
ANT;190007;-;-;-;-;-;-;153.6;13.5;-;-
ANT;190008;-;-;-;-;-;-;216.1;11.2;-;-
ANT;190009;-;-;-;-;-;-;7.5;11.4;-;-
ANT;190010;-;-;-;-;-;-;48.6;5.2;-;-
ANT;190011;-;-;-;-;-;-;117.4;1.2;-;-
ANT;190012;-;-;-;-;-;-;93.5;-3.4;-;-
ANT;190101;-;-;-;-;-;-;79.3;-5.9;-;-
ANT;190102;-;-;-;-;-;-;26.8;-10.1;-;-
ANT;190103;-;-;-;-;-;-;97.1;-3.0;-;-
ANT;190104;-;-;-;-;-;-;186.5;3.1;-;-
ANT;190105;-;-;-;-;-;-;38.2;7.9;-;-
ANT;190106;-;-;-;-;-;-;137.1;11.2;-;-
ANT;190107;-;-;-;-;-;-;102.9;12.6;-;-
ANT;190108;-;-;-;-;-;-;70.7;11.8;-;-
ANT;190109;-;-;-;-;-;-;104.2;9.9;-;-
ANT;190110;-;-;-;-;-;-;89.9;4.9;-;-
ANT;190111;-;-;-;-;-;-;33.5;-3.1;-;-
ANT;190112;-;-;-;-;-;-;63.2;-3.9;-;-
ANT;190201;-;-;-;-;-;-;60.0;-5.1;-;-
ANT;190202;-;-;-;-;-;-;44.1;-2.5;-;-
ANT;190203;-;-;-;-;-;-;204.8;-1.1;-;-
ANT;190204;-;-;-;-;-;-;10.5;5.4;-;-
ANT;190205;-;-;-;-;-;-;86.4;2.6;-;-
ANT;190206;-;-;-;-;-;-;30.1;9.4;-;-
ANT;190207;-;-;-;-;-;-;82.4;12.7;-;-
ANT;190208;-;-;-;-;-;-;120.3;11.7;-;-
ANT;190209;-;-;-;-;-;-;77.3;9.4;-;-
ANT;190210;-;-;-;-;-;-;90.9;4.6;-;-
ANT;190211;-;-;-;-;-;-;26.4;0.0;-;-
ANT;190212;-;-;-;-;-;-;77.2;-4.2;-;-
ANT;190301;-;-;-;-;-;-;47.4;-4.9;-;-
ANT;190302;-;-;-;-;-;-;34.7;-2.5;-;-
ANT;190303;-;-;-;-;-;-;65.4;0.0;-;-
ANT;190304;-;-;-;-;-;-;117.3;-1.0;-;-
ANT;190305;-;-;-;-;-;-;131.3;7.3;-;-
ANT;190306;-;-;-;-;-;-;99.6;9.1;-;-
ANT;190307;-;-;-;-;-;-;146.5;11.1;-;-
ANT;190308;-;-;-;-;-;-;76.5;12.7;-;-
ANT;190309;-;-;-;-;-;-;99.3;9.6;-;-
ANT;190310;-;-;-;-;-;-;203.0;5.8;-;-
ANT;190311;-;-;-;-;-;-;192.2;-1.1;-;-
ANT;190312;-;-;-;-;-;-;67.3;-4.2;-;-
ANT;190401;-;-;-;-;-;-;39.0;-4.6;-;-
ANT;190402;-;-;-;-;-;-;138.4;-3.3;-;-
ANT;190403;-;-;-;-;-;-;124.5;-0.5;-;-
ANT;190404;-;-;-;-;-;-;179.9;3.9;-;-
ANT;190405;-;-;-;-;-;-;198.9;9.2;-;-
ANT;190406;-;-;-;-;-;-;111.1;11.9;-;-
ANT;190407;-;-;-;-;-;-;97.0;14.7;-;-
ANT;190408;-;-;-;-;-;-;86.4;13.3;-;-
ANT;190409;-;-;-;-;-;-;82.8;6.9;-;-
ANT;190410;-;-;-;-;-;-;94.8;4.3;-;-
ANT;190411;-;-;-;-;-;-;94.0;-2.5;-;-
ANT;190412;-;-;-;-;-;-;70.0;-5.2;-;-
ANT;190501;-;-;-;-;-;-;106.5;-8.4;-;-
ANT;190502;-;-;-;-;-;-;89.1;-6.1;-;-
ANT;190503;-;-;-;-;-;-;103.9;-0.9;-;-
ANT;190504;-;-;-;-;-;-;214.0;1.8;-;-
ANT;190505;-;-;-;-;-;-;198.2;5.4;-;-
ANT;190506;-;-;-;-;-;-;48.9;10.9;-;-
ANT;190507;-;-;-;-;-;-;59.5;14.2;-;-
ANT;190508;-;-;-;-;-;-;161.0;11.7;-;-
ANT;190509;-;-;-;-;-;-;167.3;9.5;-;-
ANT;190510;-;-;-;-;-;-;131.8;-1.6;-;-
ANT;190511;-;-;-;-;-;-;184.9;-1.8;-;-
ANT;190512;-;-;-;-;-;-;49.2;-6.2;-;-
ANT;190601;-;-;-;-;-;-;97.9;-5.8;-;-
ANT;190602;-;-;-;-;-;-;128.3;-6.8;-;-
ANT;190603;-;-;-;-;-;-;135.3;-2.7;-;-
ANT;190604;-;-;-;-;-;-;91.2;1.4;-;-
ANT;190605;-;-;-;-;-;-;95.2;6.8;-;-
ANT;190606;-;-;-;-;-;-;73.8;9.2;-;-
ANT;190607;-;-;-;-;-;-;117.3;11.8;-;-
ANT;190608;-;-;-;-;-;-;46.4;11.7;-;-
ANT;190609;-;-;-;-;-;-;39.7;7.1;-;-
ANT;190610;-;-;-;-;-;-;51.2;6.1;-;-
ANT;190611;-;-;-;-;-;-;240.0;-0.2;-;-
ANT;190612;-;-;-;-;-;-;209.1;-8.6;-;-
ANT;190701;-;-;-;-;-;-;198.5;-7.0;-;-
ANT;190702;-;-;-;-;-;-;107.3;-8.3;-;-
ANT;190703;-;-;-;-;-;-;227.8;-3.9;-;-
ANT;190704;-;-;-;-;-;-;110.3;0.5;-;-
ANT;190705;-;-;-;-;-;-;98.8;7.6;-;-
ANT;190706;-;-;-;-;-;-;115.4;10.2;-;-
ANT;190707;-;-;-;-;-;-;152.2;9.7;-;-
ANT;190708;-;-;-;-;-;-;76.1;12.8;-;-
ANT;190709;-;-;-;-;-;-;67.1;9.5;-;-
ANT;190710;-;-;-;-;-;-;344.0;6.1;-;-
ANT;190711;-;-;-;-;-;-;30.1;1.1;-;-
ANT;190712;-;-;-;-;-;-;167.7;-3.4;-;-
ANT;190801;-;-;-;-;-;-;50.2;-6.5;-;-
ANT;190802;-;-;-;-;-;-;223.5;-5.4;-;-
ANT;190803;-;-;-;-;-;-;116.9;-2.7;-;-
ANT;190804;-;-;-;-;-;-;194.6;0.1;-;-
ANT;190805;-;-;-;-;-;-;170.7;8.5;-;-
ANT;190806;-;-;-;-;-;-;187.4;12.1;-;-
ANT;190807;-;-;-;-;-;-;146.6;10.8;-;-
ANT;190808;-;-;-;-;-;-;87.6;10.1;-;-
ANT;190809;-;-;-;-;-;-;132.5;7.9;-;-
ANT;190810;-;-;-;-;-;-;28.7;5.5;-;-
ANT;190811;-;-;-;-;-;-;59.0;-2.5;-;-
ANT;190812;-;-;-;-;-;-;65.4;-6.4;-;-
ANT;190901;-;-;-;-;-;-;62.0;-8.3;-;-
ANT;190902;-;-;-;-;-;-;98.9;-8.5;-;-
ANT;190903;-;-;-;-;-;-;128.3;-3.2;-;-
ANT;190904;-;-;-;-;-;-;102.9;3.2;-;-
ANT;190905;-;-;-;-;-;-;107.6;6.3;-;-
ANT;190906;-;-;-;-;-;-;191.6;8.1;-;-
ANT;190907;-;-;-;-;-;-;126.3;9.5;-;-
ANT;190908;-;-;-;-;-;-;231.5;10.6;-;-
ANT;190909;-;-;-;-;-;-;80.3;7.9;-;-
ANT;190910;-;-;-;-;-;-;151.8;5.5;-;-
ANT;190911;-;-;-;-;-;-;68.3;-3.8;-;-
ANT;190912;-;-;-;-;-;-;94.5;-1.7;-;-
ANT;191001;-;-;-;-;-;-;204.6;-6.0;-;-
ANT;191002;-;-;-;-;-;-;88.4;-4.0;-;-
ANT;191003;-;-;-;-;-;-;45.5;-2.0;-;-
ANT;191004;-;-;-;-;-;-;192.7;1.1;-;-
ANT;191005;-;-;-;-;-;-;86.3;5.0;-;-
ANT;191006;-;-;-;-;-;-;121.0;10.0;-;-
ANT;191007;-;-;-;-;-;-;140.7;9.6;-;-
ANT;191008;-;-;-;-;-;-;137.5;10.7;-;-
ANT;191009;-;-;-;-;-;-;136.1;5.8;-;-
ANT;191010;-;-;-;-;-;-;138.8;5.7;-;-
ANT;191011;-;-;-;-;-;-;178.3;-2.4;-;-
ANT;191012;-;-;-;-;-;-;126.2;-2.0;-;-
ANT;191101;-;-;-;-;-;-;17.2;-8.4;-;-
ANT;191102;-;-;-;-;-;-;112.3;-5.4;-;-
ANT;191103;-;-;-;-;-;-;195.9;-1.4;-;-
ANT;191104;-;-;-;-;-;-;54.3;0.8;-;-
ANT;191105;-;-;-;-;-;-;77.6;6.8;-;-
ANT;191106;-;-;-;-;-;-;153.2;9.5;-;-
ANT;191107;-;-;-;-;-;-;17.3;13.7;-;-
ANT;191108;-;-;-;-;-;-;89.9;13.7;-;-
ANT;191109;-;-;-;-;-;-;135.4;9.4;-;-
ANT;191110;-;-;-;-;-;-;182.1;4.9;-;-
ANT;191111;-;-;-;-;-;-;120.6;0.9;-;-
ANT;191112;-;-;-;-;-;-;116.2;-2.0;-;-
ANT;191201;-;-;-;-;-;-;108.0;-4.2;-;-
ANT;191202;-;-;-;-;-;-;47.5;-1.3;-;-
ANT;191203;-;-;-;-;-;-;154.3;0.7;-;-
ANT;191204;-;-;-;-;-;-;110.9;1.0;-;-
ANT;191205;-;-;-;-;-;-;168.0;7.0;-;-
ANT;191206;-;-;-;-;-;-;59.7;9.8;-;-
ANT;191207;-;-;-;-;-;-;158.7;11.7;-;-
ANT;191208;-;-;-;-;-;-;184.8;9.5;-;-
ANT;191209;-;-;-;-;-;-;49.1;3.9;-;-
ANT;191210;-;-;-;-;-;-;139.0;3.2;-;-
ANT;191211;-;-;-;-;-;-;143.5;-4.7;-;-
ANT;191212;-;-;-;-;-;-;81.4;-3.4;-;-
ANT;191301;-;-;-;-;-;-;109.3;-3.4;-;-
ANT;191302;-;-;-;-;-;-;33.1;-5.1;-;-
ANT;191303;-;-;-;-;-;-;79.2;1.0;-;-
ANT;191304;-;-;-;-;-;-;151.8;1.9;-;-
ANT;191305;-;-;-;-;-;-;99.3;6.3;-;-
ANT;191306;-;-;-;-;-;-;107.9;9.2;-;-
ANT;191307;-;-;-;-;-;-;94.7;8.6;-;-
ANT;191308;-;-;-;-;-;-;105.6;10.9;-;-
ANT;191309;-;-;-;-;-;-;165.2;8.4;-;-
ANT;191310;-;-;-;-;-;-;178.3;6.1;-;-
ANT;191311;-;-;-;-;-;-;67.3;1.1;-;-
ANT;191312;-;-;-;-;-;-;121.4;-5.5;-;-
ANT;191401;-;-;-;-;-;-;245.8;-9.7;-;-
ANT;191402;-;-;-;-;-;-;103.8;-1.2;-;-
ANT;191403;-;-;-;-;-;-;216.0;-0.9;-;-
ANT;191404;-;-;-;-;-;-;44.6;4.0;-;-
ANT;191405;-;-;-;-;-;-;175.5;5.3;-;-
ANT;191406;-;-;-;-;-;-;166.7;8.2;-;-
ANT;191407;-;-;-;-;-;-;199.7;10.1;-;-
ANT;191408;-;-;-;-;-;-;214.0;11.6;-;-
ANT;191409;-;-;-;-;-;-;75.4;7.8;-;-
ANT;191410;-;-;-;-;-;-;213.6;4.0;-;-
ANT;191411;-;-;-;-;-;-;58.1;-1.7;-;-
ANT;191412;-;-;-;-;-;-;93.3;-2.0;-;-
ANT;191501;-;-;-;-;-;-;205.5;-6.0;-;-
ANT;191502;-;-;-;-;-;-;141.4;-5.0;-;-
ANT;191503;-;-;-;-;-;-;149.8;-2.4;-;-
ANT;191504;-;-;-;-;-;-;84.4;1.3;-;-
ANT;191505;-;-;-;-;-;-;53.3;9.2;-;-
ANT;191506;-;-;-;-;-;-;56.9;12.4;-;-
ANT;191507;-;-;-;-;-;-;158.8;11.2;-;-
ANT;191508;-;-;-;-;-;-;94.1;10.2;-;-
ANT;191509;-;-;-;-;-;-;186.3;6.8;-;-
ANT;191510;-;-;-;-;-;-;18.8;1.8;-;-
ANT;191511;-;-;-;-;-;-;60.8;-2.9;-;-
ANT;191512;-;-;-;-;-;-;83.0;0.9;-;-
ANT;191601;-;-;-;-;-;-;121.3;-5.0;-;-
ANT;191602;-;-;-;-;-;-;190.9;-3.2;-;-
ANT;191603;-;-;-;-;-;-;224.6;-0.4;-;-
ANT;191604;-;-;-;-;-;-;216.8;2.2;-;-
ANT;191605;-;-;-;-;-;-;135.7;7.5;-;-
ANT;191606;-;-;-;-;-;-;142.9;8.1;-;-
ANT;191607;-;-;-;-;-;-;266.5;11.2;-;-
ANT;191608;-;-;-;-;-;-;143.2;10.9;-;-
ANT;191609;-;-;-;-;-;-;138.2;6.6;-;-
ANT;191610;-;-;-;-;-;-;117.6;4.1;-;-
ANT;191611;-;-;-;-;-;-;134.3;-0.7;-;-
ANT;191612;-;-;-;-;-;-;221.5;-2.0;-;-
ANT;191701;-;-;-;-;-;-;83.7;-7.4;-;-
ANT;191702;-;-;-;-;-;-;11.4;-6.4;-;-
ANT;191703;-;-;-;-;-;-;69.3;-3.2;-;-
ANT;191704;-;-;-;-;-;-;294.4;-1.1;-;-
ANT;191705;-;-;-;-;-;-;106.0;8.9;-;-
ANT;191706;-;-;-;-;-;-;69.0;12.3;-;-
ANT;191707;-;-;-;-;-;-;153.6;11.6;-;-
ANT;191708;-;-;-;-;-;-;142.9;11.3;-;-
ANT;191709;-;-;-;-;-;-;33.6;10.7;-;-
ANT;191710;-;-;-;-;-;-;244.1;1.2;-;-
ANT;191711;-;-;-;-;-;-;117.1;-4.0;-;-
ANT;191712;-;-;-;-;-;-;83.5;-7.2;-;-
ANT;191801;-;-;-;-;-;-;70.5;-4.8;-;-
ANT;191802;-;-;-;-;-;-;40.9;-5.4;-;-
ANT;191803;-;-;-;-;-;-;113.9;-2.1;-;-
ANT;191804;-;-;-;-;-;-;97.1;2.6;-;-
ANT;191805;-;-;-;-;-;-;58.1;7.6;-;-
ANT;191806;-;-;-;-;-;-;152.8;7.6;-;-
ANT;191807;-;-;-;-;-;-;90.9;11.5;-;-
ANT;191808;-;-;-;-;-;-;152.3;10.7;-;-
ANT;191809;-;-;-;-;-;-;188.8;9.6;-;-
ANT;191810;-;-;-;-;-;-;143.8;2.9;-;-
ANT;191811;-;-;-;-;-;-;52.8;-0.4;-;-
ANT;191812;-;-;-;-;-;-;306.0;-4.0;-;-
ANT;191901;-;-;-;-;-;-;251.7;-7.4;-;-
ANT;191902;-;-;-;-;-;-;61.6;-5.7;-;-
ANT;191903;-;-;-;-;-;-;141.5;-1.5;-;-
ANT;191904;-;-;-;-;-;-;169.5;0.2;-;-
ANT;191905;-;-;-;-;-;-;92.7;5.4;-;-
ANT;191906;-;-;-;-;-;-;98.8;10.0;-;-
ANT;191907;-;-;-;-;-;-;171.1;8.9;-;-
ANT;191908;-;-;-;-;-;-;41.7;13.0;-;-
ANT;191909;-;-;-;-;-;-;171.1;10.5;-;-
ANT;191910;-;-;-;-;-;-;118.7;0.0;-;-
ANT;191911;-;-;-;-;-;-;180.3;-2.4;-;-
ANT;191912;-;-;-;-;-;-;271.3;-4.2;-;-
ANT;192001;-;-;-;-;-;-;267.1;-3.0;-;-
ANT;192002;-;-;-;-;-;-;14.6;-3.2;-;-
ANT;192003;-;-;-;-;-;-;142.4;0.7;-;-
ANT;192004;-;-;-;-;-;-;154.1;2.7;-;-
ANT;192005;-;-;-;-;-;-;92.0;9.8;-;-
ANT;192006;-;-;-;-;-;-;101.0;9.5;-;-
ANT;192007;-;-;-;-;-;-;202.9;11.4;-;-
ANT;192008;-;-;-;-;-;-;95.7;10.2;-;-
ANT;192009;-;-;-;-;-;-;236.8;9.4;-;-
ANT;192010;-;-;-;-;-;-;22.9;6.3;-;-
ANT;192011;-;-;-;-;-;-;20.5;1.0;-;-
ANT;192012;-;-;-;-;-;-;53.4;-4.2;-;-
ANT;192101;-;-;-;-;-;-;122.5;-2.8;-;-
ANT;192102;-;-;-;-;-;-;11.0;-6.2;-;-
ANT;192103;-;-;-;-;-;-;22.9;0.3;-;-
ANT;192104;-;-;-;-;-;-;70.6;1.4;-;-
ANT;192105;-;-;-;-;-;-;32.7;8.6;-;-
ANT;192106;-;-;-;-;-;-;141.0;10.3;-;-
ANT;192107;-;-;-;-;-;-;15.8;14.1;-;-
ANT;192108;-;-;-;-;-;-;286.0;11.8;-;-
ANT;192109;-;-;-;-;-;-;65.4;10.4;-;-
ANT;192110;-;-;-;-;-;-;48.8;6.8;-;-
ANT;192111;-;-;-;-;-;-;81.4;-2.4;-;-
ANT;192112;-;-;-;-;-;-;49.5;-4.4;-;-
ANT;192201;-;-;-;-;-;-;171.4;-6.4;-;-
ANT;192202;-;-;-;-;-;-;80.7;-4.3;-;-
ANT;192203;-;-;-;-;-;-;140.7;-0.2;-;-
ANT;192204;-;-;-;-;-;-;161.4;0.9;-;-
ANT;192205;-;-;-;-;-;-;17.4;8.0;-;-
ANT;192206;-;-;-;-;-;-;113.4;10.5;-;-
ANT;192207;-;-;-;-;-;-;150.9;11.1;-;-
ANT;192208;-;-;-;-;-;-;185.8;11.9;-;-
ANT;192209;-;-;-;-;-;-;161.8;6.1;-;-
ANT;192210;-;-;-;-;-;-;97.1;3.2;-;-
ANT;192211;-;-;-;-;-;-;135.9;-3.9;-;-
ANT;192212;-;-;-;-;-;-;214.4;-5.3;-;-
ANT;192301;-;-;-;-;-;-;121.5;-7.5;-;-
ANT;192302;-;-;-;-;-;-;68.4;-2.5;-;-
ANT;192303;-;-;-;-;-;-;18.1;-1.0;-;-
ANT;192304;-;-;-;-;-;-;116.8;2.5;-;-
ANT;192305;-;-;-;-;-;-;210.6;7.2;-;-
ANT;192306;-;-;-;-;-;-;81.6;6.7;-;-
ANT;192307;-;-;-;-;-;-;50.3;14.2;-;-
ANT;192308;-;-;-;-;-;-;157.0;13.0;-;-
ANT;192309;-;-;-;-;-;-;90.9;8.1;-;-
ANT;192310;-;-;-;-;-;-;146.9;6.6;-;-
ANT;192311;-;-;-;-;-;-;135.5;0.6;-;-
ANT;192312;-;-;-;-;-;-;316.1;-4.3;-;-
ANT;192401;-;-;-;-;-;-;47.4;-6.4;-;-
ANT;192402;-;-;-;-;-;-;89.8;-7.5;-;-
ANT;192403;-;-;-;-;-;-;14.5;-1.6;-;-
ANT;192404;-;-;-;-;-;-;89.6;3.3;-;-
ANT;192405;-;-;-;-;-;-;227.8;8.6;-;-
ANT;192406;-;-;-;-;-;-;142.3;10.1;-;-
ANT;192407;-;-;-;-;-;-;147.2;12.1;-;-
ANT;192408;-;-;-;-;-;-;223.2;8.9;-;-
ANT;192409;-;-;-;-;-;-;120.4;9.2;-;-
ANT;192410;-;-;-;-;-;-;147.5;4.8;-;-
ANT;192411;-;-;-;-;-;-;27.7;1.2;-;-
ANT;192412;-;-;-;-;-;-;63.0;-3.7;-;-
ANT;192501;-;-;-;-;-;-;33.5;-4.0;-;-
ANT;192502;-;-;-;-;-;-;158.8;-3.2;-;-
ANT;192503;-;-;-;-;-;-;79.4;-4.3;-;-
ANT;192504;-;-;-;-;-;-;94.0;2.7;-;-
ANT;192505;-;-;-;-;-;-;105.4;7.5;-;-
ANT;192506;-;-;-;-;-;-;48.1;10.7;-;-
ANT;192507;-;-;-;-;-;-;123.9;11.7;-;-
ANT;192508;-;-;-;-;-;-;225.5;11.3;-;-
ANT;192509;-;-;-;-;-;-;197.3;6.2;-;-
ANT;192510;-;-;-;-;-;-;64.1;5.1;-;-
ANT;192511;-;-;-;-;-;-;92.1;-1.3;-;-
ANT;192512;-;-;-;-;-;-;119.9;-5.2;-;-
ANT;192601;-;-;-;-;-;-;98.1;-5.1;-;-
ANT;192602;-;-;-;-;-;-;99.1;-0.2;-;-
ANT;192603;-;-;-;-;-;-;143.2;-0.3;-;-
ANT;192604;-;-;-;-;-;-;106.4;3.1;-;-
ANT;192605;-;-;-;-;-;-;269.3;5.6;-;-
ANT;192606;-;-;-;-;-;-;162.9;7.9;-;-
ANT;192607;-;-;-;-;-;-;133.7;11.3;-;-
ANT;192608;-;-;-;-;-;-;51.3;11.6;-;-
ANT;192609;-;-;-;-;-;-;32.4;11.0;-;-
ANT;192610;-;-;-;-;-;-;182.2;4.9;-;-
ANT;192611;-;-;-;-;-;-;224.4;2.7;-;-
ANT;192612;-;-;-;-;-;-;132.7;-6.2;-;-
ANT;192701;-;-;-;-;-;-;84.3;-4.9;-;-
ANT;192702;-;-;-;-;-;-;87.6;-5.1;-;-
ANT;192703;-;-;-;-;-;-;154.5;-0.8;-;-
ANT;192704;-;-;-;-;-;-;144.9;2.1;-;-
ANT;192705;-;-;-;-;-;-;51.1;7.6;-;-
ANT;192706;-;-;-;-;-;-;246.9;10.3;-;-
ANT;192707;-;-;-;-;-;-;211.7;12.1;-;-
ANT;192708;-;-;-;-;-;-;227.7;11.3;-;-
ANT;192709;-;-;-;-;-;-;174.3;9.2;-;-
ANT;192710;-;-;-;-;-;-;22.9;4.5;-;-
ANT;192711;-;-;-;-;-;-;116.3;1.2;-;-
ANT;192712;-;-;-;-;-;-;34.1;-2.3;-;-
ANT;192801;-;-;-;-;-;-;89.0;-4.5;-;-
ANT;192802;-;-;-;-;-;-;173.4;-3.7;-;-
ANT;192803;-;-;-;-;-;-;93.8;-0.3;-;-
ANT;192804;-;-;-;-;-;-;213.1;2.7;-;-
ANT;192805;-;-;-;-;-;-;114.3;5.0;-;-
ANT;192806;-;-;-;-;-;-;114.5;10.9;-;-
ANT;192807;-;-;-;-;-;-;34.8;15.4;-;-
ANT;192808;-;-;-;-;-;-;145.0;13.5;-;-
ANT;192809;-;-;-;-;-;-;45.8;8.8;-;-
ANT;192810;-;-;-;-;-;-;392.7;4.3;-;-
ANT;192811;-;-;-;-;-;-;247.3;0.3;-;-
ANT;192812;-;-;-;-;-;-;89.2;-7.0;-;-
ANT;192901;-;-;-;-;-;-;47.9;-10.3;-;-
ANT;192902;-;-;-;-;-;-;17.4;-11.0;-;-
ANT;192903;-;-;-;-;-;-;15.5;-1.7;-;-
ANT;192904;-;-;-;-;-;-;246.3;0.0;-;-
ANT;192905;-;-;-;-;-;-;94.5;7.5;-;-
ANT;192906;-;-;-;-;-;-;89.2;11.4;-;-
ANT;192907;-;-;-;-;-;-;106.3;13.3;-;-
ANT;192908;-;-;-;-;-;-;132.8;12.0;-;-
ANT;192909;-;-;-;-;-;-;31.1;11.2;-;-
ANT;192910;-;-;-;-;-;-;154.8;5.0;-;-
ANT;192911;-;-;-;-;-;-;28.9;0.7;-;-
ANT;192912;-;-;-;-;-;-;118.9;-1.8;-;-
ANT;193001;-;-;-;-;-;-;35.3;-1.9;-;-
ANT;193002;-;-;-;-;-;-;21.2;-4.2;-;-
ANT;193003;-;-;-;-;-;-;77.0;0.6;-;-
ANT;193004;-;-;-;-;-;-;156.2;3.3;-;-
ANT;193005;-;-;-;-;-;-;173.1;6.2;-;-
ANT;193006;-;-;-;-;-;-;29.9;13.4;-;-
ANT;193007;-;-;-;-;-;-;182.9;11.3;-;-
ANT;193008;-;-;-;-;-;-;102.4;11.8;-;-
ANT;193009;-;-;-;-;-;-;155.8;9.4;-;-
ANT;193010;-;-;-;-;-;-;162.9;4.2;-;-
ANT;193011;-;-;-;-;-;-;219.9;1.3;-;-
ANT;193012;-;-;-;-;-;-;30.9;-4.7;-;-
ANT;193101;-;-;-;-;-;-;169.4;-7.0;-;-
ANT;193102;-;-;-;-;-;-;174.1;-6.7;-;-
ANT;193103;-;-;-;-;-;-;95.4;-1.9;-;-
ANT;193104;-;-;-;-;-;-;50.4;1.6;-;-
ANT;193105;-;-;-;-;-;-;89.0;8.6;-;-
ANT;193106;-;-;-;-;-;-;53.2;13.3;-;-
ANT;193107;-;-;-;-;-;-;222.3;11.8;-;-
ANT;193108;-;-;-;-;-;-;170.0;10.5;-;-
ANT;193109;-;-;-;-;-;-;64.9;4.9;-;-
ANT;193110;-;-;-;-;-;-;45.8;3.9;-;-
ANT;193111;-;-;-;-;-;-;54.7;1.2;-;-
ANT;193112;-;-;-;-;-;-;76.7;-7.7;-;-
ANT;193201;-;-;-;-;-;-;98.9;-4.0;-;-
ANT;193202;-;-;-;-;-;-;13.8;-10.6;-;-
ANT;193203;-;-;-;-;-;-;84.0;-2.4;-;-
ANT;193204;-;-;-;-;-;-;105.6;1.2;-;-
ANT;193205;-;-;-;-;-;-;201.4;6.3;-;-
ANT;193206;-;-;-;-;-;-;124.4;9.6;-;-
ANT;193207;-;-;-;-;-;-;177.4;11.7;-;-
ANT;193208;-;-;-;-;-;-;82.4;14.4;-;-
ANT;193209;-;-;-;-;-;-;93.8;12.1;-;-
ANT;193210;-;-;-;-;-;-;126.5;4.3;-;-
ANT;193211;-;-;-;-;-;-;52.2;1.4;-;-
ANT;193212;-;-;-;-;-;-;20.6;0.3;-;-
ANT;193301;-;-;-;-;-;-;55.4;-6.7;-;-
ANT;193302;-;-;-;-;-;-;80.9;-4.8;-;-
ANT;193303;-;-;-;-;-;-;54.3;-0.1;-;-
ANT;193304;-;-;-;-;-;-;58.1;3.0;-;-
ANT;193305;-;-;-;-;-;-;172.4;5.7;-;-
ANT;193306;-;-;-;-;-;-;260.5;8.0;-;-
ANT;193307;-;-;-;-;-;-;74.0;13.3;-;-
ANT;193308;-;-;-;-;-;-;42.7;12.8;-;-
ANT;193309;-;-;-;-;-;-;195.9;9.7;-;-
ANT;193310;-;-;-;-;-;-;109.6;5.0;-;-
ANT;193311;-;-;-;-;-;-;98.2;-1.5;-;-
ANT;193312;-;-;-;-;-;-;17.3;-7.3;-;-
ANT;193401;-;-;-;-;-;-;100.4;-5.9;-;-
ANT;193402;-;-;-;-;-;-;38.4;-5.5;-;-
ANT;193403;-;-;-;-;-;-;88.3;-0.7;-;-
ANT;193404;-;-;-;-;-;-;126.8;4.8;-;-
ANT;193405;-;-;-;-;-;-;47.5;9.2;-;-
ANT;193406;-;-;-;-;-;-;168.4;10.4;-;-
ANT;193407;-;-;-;-;-;-;59.9;13.4;-;-
ANT;193408;-;-;-;-;-;-;218.3;10.7;-;-
ANT;193409;-;-;-;-;-;-;44.0;9.7;-;-
ANT;193410;-;-;-;-;-;-;89.3;3.3;-;-
ANT;193411;-;-;-;-;-;-;182.0;-2.0;-;-
ANT;193412;-;-;-;-;-;-;55.3;-0.5;-;-
ANT;193501;-;-;-;-;-;-;133.4;-9.6;-;-
ANT;193502;-;-;-;-;-;-;233.2;-4.1;-;-
ANT;193503;-;-;-;-;-;-;161.3;-2.1;-;-
ANT;193504;-;-;-;-;-;-;163.7;1.7;-;-
ANT;193505;-;-;-;-;-;-;115.1;4.8;-;-
ANT;193506;-;-;-;-;-;-;92.6;12.4;-;-
ANT;193507;-;-;-;-;-;-;56.4;13.0;-;-
ANT;193508;-;-;-;-;-;-;281.9;11.0;-;-
ANT;193509;-;-;-;-;-;-;98.1;9.6;-;-
ANT;193510;-;-;-;-;-;-;407.7;4.5;-;-
ANT;193511;-;-;-;-;-;-;197.9;0.8;-;-
ANT;193512;-;-;-;-;-;-;196.9;-5.2;-;-
ANT;193601;-;-;-;-;-;-;72.8;-0.7;-;-
ANT;193602;-;-;-;-;-;-;65.7;-3.8;-;-
ANT;193603;-;-;-;-;-;-;103.9;0.1;-;-
ANT;193604;-;-;-;-;-;-;84.2;2.6;-;-
ANT;193605;-;-;-;-;-;-;94.0;7.4;-;-
ANT;193606;-;-;-;-;-;-;102.4;10.2;-;-
ANT;193607;-;-;-;-;-;-;272.7;11.2;-;-
ANT;193608;-;-;-;-;-;-;62.6;11.4;-;-
ANT;193609;-;-;-;-;-;-;207.6;8.9;-;-
ANT;193610;-;-;-;-;-;-;72.7;0.3;-;-
ANT;193611;-;-;-;-;-;-;21.5;0.0;-;-
ANT;193612;-;-;-;-;-;-;173.3;-4.1;-;-
ANT;193701;-;-;-;-;-;-;70.5;-3.2;-;-
ANT;193702;-;-;-;-;-;-;246.3;-1.7;-;-
ANT;193703;-;-;-;-;-;-;184.0;-2.1;-;-
ANT;193704;-;-;-;-;-;-;101.9;1.7;-;-
ANT;193705;-;-;-;-;-;-;142.0;8.4;-;-
ANT;193706;-;-;-;-;-;-;59.6;11.6;-;-
ANT;193707;-;-;-;-;-;-;106.9;12.6;-;-
ANT;193708;-;-;-;-;-;-;81.6;11.7;-;-
ANT;193709;-;-;-;-;-;-;186.7;7.7;-;-
ANT;193710;-;-;-;-;-;-;140.8;5.5;-;-
ANT;193711;-;-;-;-;-;-;53.0;-1.2;-;-
ANT;193712;-;-;-;-;-;-;68.7;-7.1;-;-
ANT;193801;-;-;-;-;-;-;168.2;-5.7;-;-
ANT;193802;-;-;-;-;-;-;104.0;-6.1;-;-
ANT;193803;-;-;-;-;-;-;51.7;0.1;-;-
ANT;193804;-;-;-;-;-;-;54.7;-0.9;-;-
ANT;193805;-;-;-;-;-;-;136.3;5.3;-;-
ANT;193806;-;-;-;-;-;-;147.1;11.8;-;-
ANT;193807;-;-;-;-;-;-;213.0;11.6;-;-
ANT;193808;-;-;-;-;-;-;102.2;11.6;-;-
ANT;193809;-;-;-;-;-;-;52.6;9.0;-;-
ANT;193810;-;-;-;-;-;-;91.1;4.5;-;-
ANT;193811;-;-;-;-;-;-;34.0;1.7;-;-
ANT;193812;-;-;-;-;-;-;91.1;-4.5;-;-
ANT;193901;-;-;-;-;-;-;87.2;-2.8;-;-
ANT;193902;-;-;-;-;-;-;29.7;-3.7;-;-
ANT;193903;-;-;-;-;-;-;166.0;-4.6;-;-
ANT;193904;-;-;-;-;-;-;177.3;3.6;-;-
ANT;193905;-;-;-;-;-;-;193.8;4.0;-;-
ANT;193906;-;-;-;-;-;-;118.2;10.7;-;-
ANT;193907;-;-;-;-;-;-;141.8;11.6;-;-
ANT;193908;-;-;-;-;-;-;169.6;12.3;-;-
ANT;193909;-;-;-;-;-;-;47.6;8.3;-;-
ANT;193910;-;-;-;-;-;-;159.9;3.4;-;-
ANT;193911;-;-;-;-;-;-;270.2;1.4;-;-
ANT;193912;-;-;-;-;-;-;55.2;-5.2;-;-
ANT;194001;-;-;-;-;-;-;87.9;-9.0;-;-
ANT;194002;-;-;-;-;-;-;102.9;-3.7;-;-
ANT;194003;-;-;-;-;-;-;151.2;-1.3;-;-
ANT;194004;-;-;-;-;-;-;147.1;2.4;-;-
ANT;194005;-;-;-;-;-;-;153.3;7.0;-;-
ANT;194006;-;-;-;-;-;-;126.2;9.8;-;-
ANT;194007;-;-;-;-;-;-;216.4;11.1;-;-
ANT;194008;-;-;-;-;-;-;92.6;10.2;-;-
ANT;194009;-;-;-;-;-;-;111.8;9.1;-;-
ANT;194010;-;-;-;-;-;-;129.0;4.8;-;-
ANT;194011;-;-;-;-;-;-;151.5;-0.1;-;-
ANT;194012;-;-;-;-;-;-;140.7;-11.2;-;-
ANT;194101;-;-;-;-;-;-;67.5;-6.6;-;-
ANT;194102;-;-;-;-;-;-;58.5;-4.2;-;-
ANT;194103;-;-;-;-;-;-;74.7;-1.1;-;-
ANT;194104;-;-;-;-;-;-;129.8;0.9;-;-
ANT;194105;-;-;-;-;-;-;173.7;3.7;-;-
ANT;194106;-;-;-;-;-;-;75.1;10.9;-;-
ANT;194107;-;-;-;-;-;-;100.8;13.5;-;-
ANT;194108;-;-;-;-;-;-;162.2;10.9;-;-
ANT;194109;-;-;-;-;-;-;43.6;7.7;-;-
ANT;194110;-;-;-;-;-;-;152.2;3.1;-;-
ANT;194111;-;-;-;-;-;-;97.9;-0.6;-;-
ANT;194112;-;-;-;-;-;-;80.2;-6.3;-;-
ANT;194201;-;-;-;-;-;-;117.0;-10.7;-;-
ANT;194202;-;-;-;-;-;-;38.7;-8.5;-;-
ANT;194203;-;-;-;-;-;-;68.6;1.1;-;-
ANT;194204;-;-;-;-;-;-;43.8;3.7;-;-
ANT;194205;-;-;-;-;-;-;83.0;7.9;-;-
ANT;194206;-;-;-;-;-;-;78.9;11.4;-;-
ANT;194207;-;-;-;-;-;-;92.0;12.4;-;-
ANT;194208;-;-;-;-;-;-;120.4;12.1;-;-
ANT;194209;-;-;-;-;-;-;214.9;10.8;-;-
ANT;194210;-;-;-;-;-;-;19.8;6.6;-;-
ANT;194211;-;-;-;-;-;-;56.2;-3.6;-;-
ANT;194212;-;-;-;-;-;-;41.5;-3.6;-;-
ANT;194301;-;-;-;-;-;-;122.0;-5.2;-;-
ANT;194302;-;-;-;-;-;-;60.7;-3.8;-;-
ANT;194303;-;-;-;-;-;-;65.8;1.2;-;-
ANT;194304;-;-;-;-;-;-;131.5;3.2;-;-
ANT;194305;-;-;-;-;-;-;78.5;8.2;-;-
ANT;194306;-;-;-;-;-;-;111.6;9.2;-;-
ANT;194307;-;-;-;-;-;-;82.0;12.0;-;-
ANT;194308;-;-;-;-;-;-;91.5;13.0;-;-
ANT;194309;-;-;-;-;-;-;203.6;10.1;-;-
ANT;194310;-;-;-;-;-;-;12.0;7.1;-;-
ANT;194311;-;-;-;-;-;-;94.5;-1.9;-;-
ANT;194312;-;-;-;-;-;-;42.0;-2.4;-;-
ANT;194401;-;-;-;-;-;-;85.5;-6.2;-;-
ANT;194402;-;-;-;-;-;-;141.5;-7.6;-;-
ANT;194403;-;-;-;-;-;-;278.0;-5.3;-;-
ANT;194404;-;-;-;-;-;-;52.5;3.3;-;-
ANT;194405;-;-;-;-;-;-;47.2;6.9;-;-
ANT;194406;-;-;-;-;-;-;61.5;9.4;-;-
ANT;194407;-;-;-;-;-;-;141.6;12.0;-;-
ANT;194408;-;-;-;-;-;-;55.1;14.7;-;-
ANT;194409;-;-;-;-;-;-;95.8;8.5;-;-
ANT;194410;-;-;-;-;-;-;149.3;3.7;-;-
ANT;194411;-;-;-;-;-;-;276.5;-2.2;-;-
ANT;194412;-;-;-;-;-;-;104.5;-6.9;-;-
ANT;194501;-;-;-;-;-;-;59.0;-10.8;-;-
ANT;194502;-;-;-;-;-;-;124.5;-2.2;-;-
ANT;194503;-;-;-;-;-;-;189.5;-0.7;-;-
ANT;194504;-;-;-;-;-;-;95.8;3.4;-;-
ANT;194505;-;-;-;-;-;-;103.8;8.7;-;-
ANT;194506;-;-;-;-;-;-;88.7;12.4;-;-
ANT;194507;-;-;-;-;-;-;104.2;13.5;-;-
ANT;194508;-;-;-;-;-;-;238.1;11.2;-;-
ANT;194509;-;-;-;-;-;-;150.7;9.0;-;-
ANT;194510;-;-;-;-;-;-;168.2;4.0;-;-
ANT;194511;-;-;-;-;-;-;60.3;-3.0;-;-
ANT;194512;-;-;-;-;-;-;182.8;-4.3;-;-
ANT;194601;-;-;-;-;-;-;98.0;-7.1;-;-
ANT;194602;-;-;-;-;-;-;211.9;-2.3;-;-
ANT;194603;-;-;-;-;-;-;80.0;0.2;-;-
ANT;194604;-;-;-;-;-;-;33.0;4.2;-;-
ANT;194605;-;-;-;-;-;-;147.3;8.2;-;-
ANT;194606;-;-;-;-;-;-;216.2;9.5;-;-
ANT;194607;-;-;-;-;-;-;124.0;12.8;-;-
ANT;194608;-;-;-;-;-;-;192.5;11.7;-;-
ANT;194609;-;-;-;-;-;-;65.5;9.8;-;-
ANT;194610;-;-;-;-;-;-;53.5;3.6;-;-
ANT;194611;-;-;-;-;-;-;48.0;0.0;-;-
ANT;194612;-;-;-;-;-;-;45.1;-6.0;-;-
ANT;194701;-;-;-;-;-;-;57.5;-8.7;-;-
ANT;194702;-;-;-;-;-;-;26.8;-5.4;-;-
ANT;194703;-;-;-;-;-;-;101.2;0.6;-;-
ANT;194704;-;-;-;-;-;-;35.0;4.9;-;-
ANT;194705;-;-;-;-;-;-;134.3;9.5;-;-
ANT;194706;-;-;-;-;-;-;116.8;12.0;-;-
ANT;194707;-;-;-;-;-;-;71.8;13.7;-;-
ANT;194708;-;-;-;-;-;-;44.3;13.3;-;-
ANT;194709;-;-;-;-;-;-;124.1;9.9;-;-
ANT;194710;-;-;-;-;-;-;20.4;5.2;-;-
ANT;194711;-;-;-;-;-;-;229.2;0.8;-;-
ANT;194712;-;-;-;-;-;-;141.4;-5.0;-;-
ANT;194801;-;-;-;-;-;-;125.8;-2.1;-;-
ANT;194802;-;-;-;-;-;-;141.1;-3.5;-;-
ANT;194803;-;-;-;-;-;-;46.0;0.9;-;-
ANT;194804;-;-;-;-;-;-;79.7;3.4;-;-
ANT;194805;-;-;-;-;-;-;53.6;8.6;-;-
ANT;194806;-;-;-;-;-;-;182.9;9.1;-;-
ANT;194807;-;-;-;-;-;-;121.0;9.8;-;-
ANT;194808;-;-;-;-;-;-;139.6;11.5;-;-
ANT;194809;-;-;-;-;-;-;175.2;8.2;-;-
ANT;194810;-;-;-;-;-;-;49.3;4.8;-;-
ANT;194811;-;-;-;-;-;-;27.2;0.0;-;-
ANT;194812;-;-;-;-;-;-;27.4;-3.6;-;-
ANT;194901;-;-;-;-;-;-;130.8;-5.3;-;-
ANT;194902;-;-;-;-;-;-;38.3;-5.8;-;-
ANT;194903;-;-;-;-;-;-;95.8;-3.4;-;-
ANT;194904;-;-;-;-;-;-;117.6;5.2;-;-
ANT;194905;-;-;-;-;-;-;161.9;6.3;-;-
ANT;194906;-;-;-;-;-;-;34.4;10.3;-;-
ANT;194907;-;-;-;-;-;-;57.1;12.6;-;-
ANT;194908;-;-;-;-;-;-;68.9;11.5;-;-
ANT;194909;-;-;-;-;-;-;62.4;11.6;-;-
ANT;194910;-;-;-;-;-;-;60.0;6.2;-;-
ANT;194911;-;-;-;-;-;-;118.1;-1.3;-;-
ANT;194912;-;-;-;-;-;-;115.3;-3.1;-;-
ANT;195001;-;-;-;-;-;-;140.0;-7.3;-;-
ANT;195002;-;-;-;-;-;-;130.7;-2.3;-;-
ANT;195003;-;-;-;-;-;-;17.9;-1.1;-;-
ANT;195004;-;-;-;-;-;-;114.6;1.1;-;-
ANT;195005;-;-;-;-;-;-;130.8;8.5;-;-
ANT;195006;-;-;-;-;-;-;62.0;12.9;-;-
ANT;195007;-;-;-;-;-;-;105.2;14.4;-;-
ANT;195008;-;-;-;-;-;-;174.0;12.7;-;-
ANT;195009;-;-;-;-;-;-;111.2;8.6;-;-
ANT;195010;-;-;-;-;-;-;8.5;4.2;-;-
ANT;195011;-;-;-;-;-;-;212.9;-0.6;-;-
ANT;195012;-;-;-;-;-;-;49.9;-5.7;-;-
ANT;195101;-;-;-;-;-;-;224.3;-3.4;-;-
ANT;195102;-;-;-;-;-;-;282.9;-3.7;-;-
ANT;195103;-;-;-;-;-;-;118.8;-2.4;-;-
ANT;195104;-;-;-;-;-;-;146.0;1.5;-;-
ANT;195105;-;-;-;-;-;-;147.4;5.9;-;-
ANT;195106;-;-;-;-;-;-;136.7;10.3;-;-
ANT;195107;-;-;-;-;-;-;83.1;12.3;-;-
ANT;195108;-;-;-;-;-;-;190.7;12.0;-;-
ANT;195109;-;-;-;-;-;-;45.7;10.1;-;-
ANT;195110;-;-;-;-;-;-;83.0;4.7;-;-
ANT;195111;-;-;-;-;-;-;335.6;0.9;-;-
ANT;195112;-;-;-;-;-;-;27.0;-3.7;-;-
ANT;195201;-;-;-;-;-;-;108.9;-6.3;-;-
ANT;195202;-;-;-;-;-;-;137.1;-7.5;-;-
ANT;195203;-;-;-;-;-;-;135.2;-0.5;-;-
ANT;195204;-;-;-;-;-;-;73.2;3.8;-;-
ANT;195205;-;-;-;-;-;-;96.1;7.8;-;-
ANT;195206;-;-;-;-;-;-;72.4;11.9;-;-
ANT;195207;-;-;-;-;-;-;63.5;14.3;-;-
ANT;195208;-;-;-;-;-;-;95.9;12.6;-;-
ANT;195209;-;-;-;-;-;-;115.8;6.3;-;-
ANT;195210;-;-;-;-;-;-;111.5;4.0;-;-
ANT;195211;-;-;-;-;-;-;259.2;-2.4;-;-
ANT;195212;-;-;-;-;-;-;95.5;-4.7;-;-
ANT;195301;-;-;-;-;-;-;34.2;-10.6;-;-
ANT;195302;-;-;-;-;-;-;43.7;-7.5;-;-
ANT;195303;-;-;-;-;-;-;7.3;-1.7;-;-
ANT;195304;-;-;-;-;-;-;80.4;3.8;-;-
ANT;195305;-;-;-;-;-;-;99.8;8.0;-;-
ANT;195306;-;-;-;-;-;-;183.5;9.4;-;-
ANT;195307;-;-;-;-;-;-;114.7;12.6;-;-
ANT;195308;-;-;-;-;-;-;33.5;11.5;-;-
ANT;195309;-;-;-;-;-;-;126.0;10.1;-;-
ANT;195310;-;-;-;-;-;-;237.5;6.3;-;-
ANT;195311;-;-;-;-;-;-;9.5;-0.7;-;-
ANT;195312;-;-;-;-;-;-;30.3;-0.5;-;-
ANT;195401;-;-;-;-;-;-;155.7;-8.3;-;-
ANT;195402;-;-;-;-;-;-;40.2;-5.2;-;-
ANT;195403;-;-;-;-;-;-;27.5;0.1;-;-
ANT;195404;-;-;-;-;-;-;128.5;0.8;-;-
ANT;195405;-;-;-;-;-;-;90.4;5.9;-;-
ANT;195406;-;-;-;-;-;-;151.1;10.4;-;-
ANT;195407;-;-;-;-;-;-;109.2;9.7;-;-
ANT;195408;-;-;-;-;-;-;268.3;10.5;-;-
ANT;195409;-;-;-;-;-;-;129.4;9.3;-;-
ANT;195410;-;-;-;-;-;-;69.3;4.7;-;-
ANT;195411;-;-;-;-;-;-;108.5;0.4;-;-
ANT;195412;-;-;-;-;-;-;343.0;-4.1;-;-
ANT;195501;-;-;-;-;-;-;127.0;-1.9;-;-
ANT;195502;-;-;-;-;-;-;147.2;-4.3;-;-
ANT;195503;-;-;-;-;-;-;27.9;-3.4;-;-
ANT;195504;-;-;-;-;-;-;56.7;1.5;-;-
ANT;195505;-;-;-;-;-;-;70.5;6.0;-;-
ANT;195506;-;-;-;-;-;-;125.3;10.3;-;-
ANT;195507;-;-;-;-;-;-;93.9;11.8;-;-
ANT;195508;-;-;-;-;-;-;76.4;10.7;-;-
ANT;195509;-;-;-;-;-;-;56.5;7.8;-;-
ANT;195510;-;-;-;-;-;-;116.3;3.1;-;-
ANT;195511;-;-;-;-;-;-;17.5;-1.6;-;-
ANT;195512;-;-;-;-;-;-;72.8;-2.0;-;-
ANT;195601;-;-;-;-;-;-;97.3;-4.2;-;-
ANT;195602;-;-;-;-;-;-;28.1;-14.1;-;-
ANT;195603;-;-;-;-;-;-;155.3;-2.0;-;-
ANT;195604;-;-;-;-;-;-;119.7;0.4;-;-
ANT;195605;-;-;-;-;-;-;113.9;6.7;-;-
ANT;195606;-;-;-;-;-;-;129.3;7.7;-;-
ANT;195607;-;-;-;-;-;-;145.3;12.0;-;-
ANT;195608;-;-;-;-;-;-;264.1;10.8;-;-
ANT;195609;-;-;-;-;-;-;149.8;10.2;-;-
ANT;195610;-;-;-;-;-;-;94.7;2.4;-;-
ANT;195611;-;-;-;-;-;-;38.9;-3.5;-;-
ANT;195612;-;-;-;-;-;-;12.2;-5.6;-;-
ANT;195701;-;-;-;-;-;-;28.1;-6.8;-;-
ANT;195702;-;-;-;-;-;-;148.0;-0.9;-;-
ANT;195703;-;-;-;-;-;-;65.4;1.4;-;-
ANT;195704;-;-;-;-;-;-;29.1;3.2;-;-
ANT;195705;-;-;-;-;-;-;102.9;4.2;-;-
ANT;195706;-;-;-;-;-;-;193.6;11.2;-;-
ANT;195707;-;-;-;-;-;-;93.4;11.7;-;-
ANT;195708;-;-;-;-;-;-;174.0;10.5;-;-
ANT;195709;-;-;-;-;-;-;73.5;7.4;-;-
ANT;195710;-;-;-;-;-;-;22.1;4.7;-;-
ANT;195711;-;-;-;-;-;-;121.4;0.7;-;-
ANT;195712;-;-;-;-;-;-;104.7;-5.9;-;-
ANT;195801;-;-;-;-;-;-;103.2;-6.8;-;-
ANT;195802;-;-;-;-;-;-;199.9;-2.0;-;-
ANT;195803;-;-;-;-;-;-;108.9;-4.9;-;-
ANT;195804;-;-;-;-;-;-;144.4;-0.2;-;-
ANT;195805;-;-;-;-;-;-;153.5;8.3;-;-
ANT;195806;-;-;-;-;-;-;100.0;9.8;-;-
ANT;195807;-;-;-;-;-;-;139.1;12.4;-;-
ANT;195808;-;-;-;-;-;-;165.9;12.0;-;-
ANT;195809;-;-;-;-;-;-;87.4;10.1;-;-
ANT;195810;-;-;-;-;-;-;246.7;3.4;-;-
ANT;195811;-;-;-;-;-;-;73.9;0.3;-;-
ANT;195812;-;-;-;-;-;-;134.9;-2.6;-;-
ANT;195901;-;857.8;-;-;-;-;110.5;-5.9;-;-
ANT;195902;-;870.5;-;-;-;-;19.0;-3.4;-;-
ANT;195903;-;860.9;-;-;-;-;96.1;2.0;-;-
ANT;195904;-;857.9;-;-;-;-;130.5;3.3;-;-
ANT;195905;-;860.7;-;-;-;-;43.8;7.6;-;-
ANT;195906;-;864.8;-;-;-;-;89.8;10.4;-;-
ANT;195907;-;865.3;-;-;-;-;86.8;13.4;-;-
ANT;195908;-;864.4;-;-;-;-;71.5;11.1;-;-
ANT;195909;-;864.5;-;-;-;-;30.3;10.0;-;-
ANT;195910;-;863.2;-;-;-;-;111.9;4.0;-;-
ANT;195911;-;858.1;-;-;-;-;101.3;-1.5;-;-
ANT;195912;-;853.8;-;-;-;-;118.2;-2.4;-;-
ANT;196001;-;857.8;-;-;-;-;61.7;-5.9;-;83.4
ANT;196002;-;855.4;-;-;-;-;46.5;-2.6;-;75.4
ANT;196003;-;855.8;-;-;-;-;96.1;0.5;-;76.7
ANT;196004;-;859.9;-;-;-;-;85.7;2.0;-;72.8
ANT;196005;-;862.1;-;-;-;-;109.0;8.4;-;70.4
ANT;196006;-;864.8;-;-;-;-;113.2;11.5;-;75.6
ANT;196007;-;862.7;-;-;-;-;155.0;10.2;-;79.9
ANT;196008;-;862.4;-;-;-;-;127.7;11.4;-;75.8
ANT;196009;-;861.5;-;-;-;-;322.8;7.4;-;80.4
ANT;196010;-;855.9;-;-;-;-;217.2;3.7;-;80.7
ANT;196011;-;857.9;-;-;-;-;114.3;0.4;-;79.0
ANT;196012;-;853.4;-;-;-;-;91.5;-4.5;-;74.7
ANT;196101;-;857.4;-;-;-;-;34.5;-4.2;-;73.1
ANT;196102;-;865.8;-;-;-;-;185.3;-2.2;-;75.1
ANT;196103;-;866.5;-;-;-;-;61.9;-1.5;-;66.3
ANT;196104;-;858.0;-;-;-;-;87.9;4.1;-;77.6
ANT;196105;-;860.2;-;-;-;-;109.4;4.1;-;78.7
ANT;196106;-;864.3;-;-;-;-;126.3;9.6;-;79.0
ANT;196107;-;864.2;-;-;-;-;124.2;9.8;-;81.3
ANT;196108;-;867.6;-;-;-;-;118.7;10.0;-;81.5
ANT;196109;-;868.7;-;-;-;-;15.2;11.7;-;74.4
ANT;196110;-;863.3;-;-;-;-;131.7;5.2;-;79.3
ANT;196111;-;858.6;-;-;-;-;61.1;0.3;-;72.8
ANT;196112;-;859.8;-;-;-;-;131.8;-2.4;-;79.9
ANT;196201;-;863.1;-;-;-;-;106.2;-3.4;-;75.9
ANT;196202;-;862.5;-;-;-;-;167.2;-5.7;-;79.1
ANT;196203;-;854.5;-;-;-;-;98.1;-4.6;-;74.5
ANT;196204;-;861.2;-;-;-;-;152.2;1.2;-;72.2
ANT;196205;-;861.8;-;-;-;-;121.1;4.6;-;74.5
ANT;196206;-;866.6;-;-;-;-;55.5;9.4;-;66.8
ANT;196207;-;866.1;-;-;-;-;59.4;11.2;-;75.3
ANT;196208;-;869.1;-;-;-;-;69.9;12.7;-;75.4
ANT;196209;-;866.8;-;-;-;-;40.2;9.0;-;73.5
ANT;196210;-;867.7;-;-;-;-;16.3;4.3;-;75.6
ANT;196211;-;859.7;-;-;-;-;126.1;-2.5;-;76.0
ANT;196212;-;859.2;-;-;-;-;292.1;-7.4;-;75.7
ANT;196301;-;858.7;-;-;-;-;59.8;-10.5;-;76.3
ANT;196302;-;853.2;-;-;-;-;33.3;-8.8;-;66.8
ANT;196303;-;861.7;-;-;-;-;137.7;-2.7;-;76.9
ANT;196304;-;861.3;-;-;-;-;73.5;2.7;-;80.7
ANT;196305;-;864.5;-;-;-;-;121.0;5.2;-;75.3
ANT;196306;-;865.1;-;-;-;-;135.8;10.0;-;73.7
ANT;196307;-;869.8;-;-;-;-;90.4;12.6;-;74.8
ANT;196308;-;865.5;-;-;-;-;132.3;10.9;-;72.5
ANT;196309;-;868.5;-;-;-;-;104.8;9.3;-;72.1
ANT;196310;-;869.4;-;-;-;-;97.9;3.9;-;71.6
ANT;196311;-;861.6;-;-;-;-;223.4;2.4;-;69.5
ANT;196312;-;862.3;-;-;-;-;15.3;-5.5;-;65.3
ANT;196401;-;871.5;-;-;-;-;21.7;-7.0;-;61.1
ANT;196402;-;863.4;-;-;-;-;38.1;-2.9;-;76.1
ANT;196403;-;858.0;-;-;-;-;85.2;-0.9;-;81.7
ANT;196404;-;863.7;-;-;-;-;189.7;3.2;-;82.6
ANT;196405;-;867.8;-;-;-;-;97.6;8.0;-;77.9
ANT;196406;-;867.9;-;-;-;-;107.3;11.4;-;79.4
ANT;196407;-;870.7;-;-;-;-;52.2;13.0;-;78.6
ANT;196408;-;868.1;-;-;-;-;112.8;10.7;-;81.8
ANT;196409;-;871.1;-;-;-;-;70.3;9.1;-;79.2
ANT;196410;-;864.2;-;-;-;-;129.0;3.0;-;82.8
ANT;196411;-;866.3;-;-;-;-;173.8;1.3;-;81.7
ANT;196412;-;861.2;-;-;-;-;96.4;-5.0;-;78.6
ANT;196501;-;860.2;-;-;-;-;58.1;-3.5;-;77.3
ANT;196502;-;863.3;-;-;-;-;72.7;-9.7;-;80.4
ANT;196503;-;863.5;-;-;-;-;88.0;-1.1;-;74.8
ANT;196504;-;861.0;-;-;-;-;104.1;0.6;-;80.1
ANT;196505;-;865.0;-;-;-;-;133.0;6.0;-;76.7
ANT;196506;-;867.8;-;-;-;-;116.9;10.5;-;78.5
ANT;196507;-;867.0;-;-;-;-;130.8;10.6;-;80.1
ANT;196508;-;868.2;-;-;-;-;218.4;10.4;-;80.4
ANT;196509;-;864.9;-;-;-;-;326.8;6.8;-;79.4
ANT;196510;-;869.2;-;-;-;-;7.1;5.6;-;68.2
ANT;196511;-;858.7;-;-;-;-;95.2;-0.3;-;79.5
ANT;196512;-;858.5;-;-;-;-;222.0;-3.6;-;80.9
ANT;196601;-;860.5;-;-;-;49;71.0;-8.1;-;78.7
ANT;196602;-;860.3;-;-;-;64;153.4;0.3;-;77.0
ANT;196603;-;865.8;-;-;-;58;164.9;-3.3;-;78.2
ANT;196604;-;862.4;-;-;-;59;120.0;3.3;-;75.9
ANT;196605;-;868.0;-;-;-;53;134.8;6.5;-;74.7
ANT;196606;-;868.8;-;-;-;55;90.2;11.0;-;73.6
ANT;196607;-;866.9;-;-;-;70;174.9;10.3;-;80.9
ANT;196608;-;868.1;-;-;-;65;126.7;10.0;-;80.8
ANT;196609;-;870.0;-;-;-;41;43.3;10.0;-;80.9
ANT;196610;-;862.7;-;-;-;69;180.3;7.7;-;78.0
ANT;196611;-;862.0;-;-;-;65;175.1;-3.1;-;78.4
ANT;196612;-;861.2;-;-;106;71;166.7;-4.9;-;83.1
ANT;196701;-;-;-;-;136;45;68.9;-6.3;-;77.9
ANT;196702;-;-;-;-;125;45;86.2;-3.4;-;68.2
ANT;196703;-;-;-;-;137;64;259.7;-0.7;-;78.9
ANT;196704;-;-;-;-;127;56;149.2;0.3;-;77.8
ANT;196705;-;-;-;-;39;63;228.2;5.8;-;73.6
ANT;196706;-;-;-;-;0;56;94.9;8.7;-;75.8
ANT;196707;-;-;-;-;0;48;61.7;13.5;-;74.0
ANT;196708;-;-;-;-;0;55;82.6;11.5;-;79.6
ANT;196709;-;-;-;-;0;63;146.5;8.2;-;80.3
ANT;196710;-;-;-;-;0;33;52.3;6.9;-;69.0
ANT;196711;-;-;-;-;3;54;57.9;1.6;-;74.2
ANT;196712;-;-;-;-;37;53;78.8;-7.2;-;81.4
ANT;196801;-;-;-;-;166;64;412.5;-6.7;-;86.7
ANT;196802;-;-;-;-;217;65;69.4;-3.0;-;77.7
ANT;196803;-;-;-;-;218;43;134.7;-1.4;-;71.6
ANT;196804;-;-;-;-;99;51;80.0;3.0;-;71.8
ANT;196805;-;-;-;-;3;77;191.7;5.9;-;74.0
ANT;196806;-;-;-;-;0;59;82.8;10.1;-;71.2
ANT;196807;-;-;-;-;0;57;85.2;11.4;-;74.5
ANT;196808;-;-;-;-;0;66;139.6;10.0;-;81.3
ANT;196809;-;-;-;-;0;54;156.9;7.9;-;78.9
ANT;196810;-;-;-;-;0;40;32.0;6.2;-;75.2
ANT;196811;-;-;-;-;10;51;295.5;-0.4;-;77.8
ANT;196812;-;-;-;-;35;47;134.7;-4.8;-;74.6
ANT;196901;-;-;-;-;98;57;83.8;-4.2;-;76.4
ANT;196902;-;-;-;-;107;62;65.4;-6.8;-;75.1
ANT;196903;-;-;-;-;76;64;23.9;-0.7;-;74.9
ANT;196904;-;-;-;-;36;70;147.5;1.8;-;72.2
ANT;196905;-;-;-;-;0;63;233.9;7.8;-;72.5
ANT;196906;-;-;-;-;0;73;239.9;8.0;-;78.9
ANT;196907;-;-;-;-;0;50;62.6;12.7;-;78.9
ANT;196908;-;-;-;-;0;68;124.1;10.8;-;78.3
ANT;196909;-;-;-;-;0;56;35.9;9.8;-;77.6
ANT;196910;-;-;-;-;0;31;11.7;6.2;-;68.7
ANT;196911;-;-;-;-;9;63;111.8;-0.5;-;74.6
ANT;196912;-;-;-;-;52;52;105.9;-8.4;-;79.0
ANT;197001;-;-;-;-;65;64;48.8;-4.0;-;72.5
ANT;197002;-;-;-;-;147;83;303.8;-4.8;-;81.3
ANT;197003;-;-;-;-;172;73;104.7;-4.0;-;77.8
ANT;197004;-;-;-;-;157;79;234.6;-0.8;-;77.4
ANT;197005;-;-;-;-;68;79;88.3;4.6;-;75.6
ANT;197006;-;-;-;-;0;65;68.0;11.4;-;72.6
ANT;197007;-;-;-;-;0;59;68.6;11.8;-;74.0
ANT;197008;-;-;-;-;0;61;139.7;11.8;-;79.2
ANT;197009;-;-;-;-;0;45;72.4;9.7;-;74.7
ANT;197010;-;-;-;-;8;49;174.9;3.4;-;76.2
ANT;197011;-;-;-;-;5;54;62.7;1.0;-;73.5
ANT;197012;-;-;-;-;12;52;50.5;-5.7;-;74.8
ANT;197101;-;-;-;-;35;46;24.2;-5.1;-25.0;68.0
ANT;197102;-;-;-;-;67;58;93.3;-5.7;-18.0;81.4
ANT;197103;-;-;-;-;87;68;145.0;-5.2;-23.6;78.6
ANT;197104;-;-;-;-;19;60;55.0;4.4;-4.0;69.6
ANT;197105;-;-;-;-;0;80;104.4;8.3;0.4;73.8
ANT;197106;-;-;-;-;0;78;150.5;8.6;2.0;79.8
ANT;197107;-;-;-;-;0;40;34.7;13.1;1.5;77.8
ANT;197108;-;-;-;-;0;58;120.9;13.5;5.0;79.4
ANT;197109;-;-;-;-;0;46;53.4;7.8;-4.0;83.7
ANT;197110;-;-;-;-;0;31;17.5;5.1;-7.0;75.3
ANT;197111;-;-;-;-;33;65;174.3;-2.1;-20.0;84.2
ANT;197112;-;-;-;-;68;40;48.8;-3.6;-12.0;79.4
ANT;197201;-;-;-;-;73;68;27.8;-3.9;-15.0;76.9
ANT;197202;-;-;-;-;63;81;31.5;0.0;-8.0;72.6
ANT;197203;-;-;-;-;35;60;67.2;1.6;-7.7;70.8
ANT;197204;-;-;-;-;3;80;140.5;1.6;-6.5;85.8
ANT;197205;-;-;-;-;0;78;119.2;6.1;-4.0;79.8
ANT;197206;-;-;-;-;1;73;160.9;8.3;0.0;79.6
ANT;197207;-;-;-;-;0;74;111.1;11.1;2.5;84.5
ANT;197208;-;-;-;-;0;69;148.5;10.5;0.5;84.6
ANT;197209;-;-;-;-;0;61;89.5;5.6;-4.0;79.3
ANT;197210;-;-;-;-;12;48;115.9;3.6;-4.5;75.3
ANT;197211;-;-;-;-;23;54;179.5;-0.5;-16.0;79.5
ANT;197212;-;-;-;-;35;40;7.0;-2.1;-12.0;63.1
ANT;197301;-;-;-;-;39;49;65.7;-3.2;-15.0;72.7
ANT;197302;-;-;-;-;83;56;108.7;-6.4;-19.5;79.9
ANT;197303;-;-;-;-;101;60;35.8;-3.4;-18.6;77.1
ANT;197304;-;-;-;-;90;75;137.3;-1.3;-14.5;77.7
ANT;197305;-;-;-;-;9;73;97.8;7.5;-1.2;72.3
ANT;197306;-;-;-;-;1;69;178.7;10.6;0.6;77.2
ANT;197307;-;-;-;-;0;69;197.6;11.1;3.5;82.6
ANT;197308;-;-;-;-;0;64;80.2;13.5;5.0;79.6
ANT;197309;-;-;-;-;0;58;82.9;9.7;-0.8;77.9
ANT;197310;-;-;-;-;2;54;116.8;4.1;-8.6;73.5
ANT;197311;-;-;-;-;5;58;122.3;-0.8;-15.5;78.5
ANT;197312;-;-;-;-;70;70;142.2;-4.5;-24.5;79.6
ANT;197401;-;-;-;-;88;68;72.5;-1.5;-12.0;74.0
ANT;197402;-;-;-;-;130;86;125.0;-1.5;-14.5;76.6
ANT;197403;-;-;-;-;117;81;65.6;0.6;-15.2;70.6
ANT;197404;-;-;-;-;14;70;67.6;2.5;-8.2;72.8
ANT;197405;-;-;-;-;0;71;89.9;5.6;-2.3;78.0
ANT;197406;-;-;-;-;0;71;90.2;8.7;0.3;77.3
ANT;197407;-;-;-;-;0;60;70.9;11.2;2.5;75.7
ANT;197408;-;-;-;-;0;64;140.9;12.9;2.4;75.1
ANT;197409;-;-;-;-;0;63;111.5;8.6;-4.4;71.6
ANT;197410;-;-;-;-;14;88;148.5;-1.0;-15.5;85.4
ANT;197411;-;-;-;-;40;78;190.3;-0.9;-12.6;78.0
ANT;197412;-;-;-;-;100;65;173.3;-2.9;-17.0;84.3
ANT;197501;-;-;-;-;126;61;119.6;-2.3;-14.8;72.9
ANT;197502;-;-;-;-;145;35;22.4;-4.1;-16.0;65.4
ANT;197503;-;-;-;-;166;85;197.6;-1.9;-13.9;76.4
ANT;197504;-;-;-;-;213;64;304.2;0.9;-13.4;76.8
ANT;197505;-;-;-;-;61;73;94.4;6.0;-2.8;72.8
ANT;197506;-;-;-;-;0;75;133.5;8.6;-0.1;76.4
ANT;197507;-;-;-;-;0;61;122.1;12.0;0.5;75.4
ANT;197508;-;-;-;-;0;64;186.9;11.9;2.1;80.2
ANT;197509;-;-;-;-;0;69;187.7;11.4;2.5;73.7
ANT;197510;-;-;-;-;4;43;84.8;3.4;-4.0;75.6
ANT;197511;-;-;-;-;23;66;173.8;-1.0;-16.0;79.4
ANT;197512;-;-;-;-;49;38;10.6;-5.6;-14.6;75.4
ANT;197601;-;-;-;-;68;68;65.1;-4.4;-25.6;76.7
ANT;197602;-;-;-;-;80;51;19.2;-2.0;-11.8;66.2
ANT;197603;-;-;-;-;58;48;19.7;-2.1;-18.4;71.8
ANT;197604;-;-;-;-;14;60;125.2;2.0;-9.2;71.8
ANT;197605;-;-;-;-;0;58;47.4;7.7;-3.0;68.0
ANT;197606;-;-;-;-;0;51;82.5;11.6;-0.2;67.9
ANT;197607;-;-;-;-;0;73;143.8;12.5;2.5;74.7
ANT;197608;-;-;-;-;0;64;98.7;9.9;2.2;77.0
ANT;197609;-;-;-;-;0;69;180.2;7.3;-2.0;75.3
ANT;197610;-;-;-;-;0;73;297.4;6.7;-2.1;69.4
ANT;197611;-;-;-;-;16;69;136.9;-1.6;-11.2;82.0
ANT;197612;-;-;-;-;55;59;107.3;-5.2;-21.1;77.3
ANT;197701;-;-;-;-;82;71;86.3;-3.0;-14.8;76.6
ANT;197702;-;-;-;-;83;70;96.2;-1.5;-14.5;76.4
ANT;197703;-;-;-;-;64;71;126.9;1.7;-14.0;74.2
ANT;197704;-;-;-;-;41;83;265.6;1.1;-7.5;81.7
ANT;197705;-;-;-;-;0;79;140.8;6.7;-1.5;75.3
ANT;197706;-;-;-;-;0;73;91.2;9.9;2.5;75.0
ANT;197707;-;-;-;-;0;63;150.8;11.4;4.0;78.2
ANT;197708;-;-;-;-;0;76;214.1;10.6;4.0;80.9
ANT;197709;-;-;-;-;0;53;25.7;7.1;-2.0;81.8
ANT;197710;-;-;-;-;0;51;234.3;7.0;-1.5;72.8
ANT;197711;-;-;-;-;17;70;147.6;-0.6;-16.0;79.1
ANT;197712;-;-;-;-;32;58;92.8;-3.1;-15.0;74.8
ANT;197801;-;-;-;-;82;69;174.0;-4.3;-14.5;76.2
ANT;197802;-;-;-;-;157;79;172.3;-4.0;-19.0;80.8
ANT;197803;-;-;-;-;132;80;177.2;-0.1;-9.5;80.4
ANT;197804;-;-;-;-;94;70;78.2;1.5;-9.8;79.5
ANT;197805;-;-;-;-;7;74;139.6;5.2;-2.0;79.5
ANT;197806;-;-;-;-;0;66;129.5;8.7;-1.9;77.8
ANT;197807;-;-;-;-;0;60;95.2;11.1;3.0;78.9
ANT;197808;-;-;-;-;0;58;173.5;10.5;0.0;80.4
ANT;197809;-;-;-;-;0;50;62.3;8.1;-1.5;80.1
ANT;197810;-;-;-;-;5;45;93.7;4.2;-3.0;78.0
ANT;197811;-;-;-;-;3;23;24.0;-0.8;-17.5;73.5
ANT;197812;-;-;-;-;16;70;53.4;-1.5;-15.5;72.8
ANT;197901;-;-;-;-;45;71;82.1;-5.9;-20.5;74.4
ANT;197902;-;-;-;-;66;71;58.8;-2.3;-17.5;72.9
ANT;197903;-;-;-;-;82;83;282.0;-0.3;-10.0;74.1
ANT;197904;-;-;-;-;72;69;80.8;0.2;-10.5;75.6
ANT;197905;-;-;-;-;15;60;139.0;6.9;-8.0;64.5
ANT;197906;-;-;-;-;0;69;118.8;10.6;-5.0;78.9
ANT;197907;-;-;-;-;0;64;46.2;11.1;1.0;76.1
ANT;197908;-;-;-;-;0;65;141.5;10.0;0.4;79.6
ANT;197909;-;-;-;-;0;46;111.2;8.6;-0.4;80.4
ANT;197910;-;-;-;-;0;66;239.2;6.7;-1.7;73.7
ANT;197911;-;-;-;-;20;58;182.1;-2.6;-14.5;79.5
ANT;197912;-;-;-;-;52;73;194.5;-2.1;-13.5;77.8
ANT;198001;-;-;-;-;108;66;90.8;-5.0;-17.5;74.6
ANT;198002;-;-;-;-;117;54;95.1;-2.4;-12.0;70.4
ANT;198003;-;-;-;-;126;71;120.0;-0.8;-12.1;74.8
ANT;198004;-;-;-;-;110;71;107.0;-0.6;-13.0;79.1
ANT;198005;-;-;-;-;18;74;49.6;5.4;-1.9;74.8
ANT;198006;-;-;-;-;0;75;207.8;8.5;-0.3;78.0
ANT;198007;-;-;-;-;0;69;165.3;10.0;3.0;78.3
ANT;198008;-;-;-;-;0;56;84.8;12.6;1.4;78.3
ANT;198009;-;-;-;-;0;41;23.1;9.6;0.6;74.4
ANT;198010;-;-;-;-;7;65;213.9;3.0;-6.9;79.8
ANT;198011;-;-;-;-;4;64;51.6;-0.7;-9.5;76.0
ANT;198012;-;-;-;-;55;60;117.2;-6.9;-20.4;80.6
ANT;198101;-;-;-;-;148;61;285.9;-7.9;-20.6;82.5
ANT;198102;-;-;-;-;163;41;59.3;-7.6;-20.0;72.1
ANT;198103;-;-;-;-;136;73;225.4;1.2;-10.0;74.5
ANT;198104;-;-;-;-;22;59;51.0;4.2;-7.4;71.9
ANT;198105;-;-;-;-;1;64;156.1;6.5;-2.0;73.1
ANT;198106;-;-;-;-;0;56;140.2;10.1;0.6;74.8
ANT;198107;-;-;-;-;0;66;264.6;10.3;1.1;78.5
ANT;198108;-;-;-;-;0;46;82.3;11.9;1.9;74.4
ANT;198109;-;-;-;-;0;75;385.7;9.4;-1.0;82.3
ANT;198110;-;-;-;-;14;73;225.0;4.4;-10.5;74.5
ANT;198111;-;-;-;-;32;55;154.9;-2.4;-16.3;80.1
ANT;198112;-;-;-;-;147;84;214.9;-4.5;-22.0;78.8
ANT;198201;-;-;-;-;156;63;170.0;-2.7;-15.8;76.8
ANT;198202;-;-;-;-;179;45;19.5;-4.1;-17.7;68.0
ANT;198203;-;-;-;-;189;69;126.6;-1.7;-10.4;71.5
ANT;198204;-;-;-;-;111;56;45.4;1.3;-5.7;69.3
ANT;198205;-;-;-;-;19;48;89.9;7.0;-6.0;67.3
ANT;198206;-;-;-;-;0;61;94.0;11.0;0.4;72.9
ANT;198207;-;-;-;-;0;50;123.5;13.8;6.0;72.5
ANT;198208;-;-;-;-;0;59;160.1;11.7;1.8;76.0
ANT;198209;-;-;-;-;0;48;214.4;10.9;1.0;74.3
ANT;198210;-;-;-;-;0;55;107.8;4.8;-2.6;70.7
ANT;198211;-;-;-;-;12;63;84.9;1.1;-11.0;70.8
ANT;198212;-;-;-;-;24;59;75.4;-3.0;-16.5;73.2
ANT;198301;-;-;-;-;73;55;236.0;-3.6;-14.5;77.4
ANT;198302;-;-;-;-;136;53;79.5;-6.6;-18.5;68.4
ANT;198303;-;-;-;-;123;55;69.6;-0.8;-14.8;71.0
ANT;198304;-;-;-;-;81;79;201.0;3.0;-6.0;72.6
ANT;198305;-;-;-;-;5;75;377.3;5.1;-1.5;75.2
ANT;198306;-;-;-;-;0;54;40.5;11.0;-0.5;68.8
ANT;198307;-;-;-;-;0;33;57.9;15.9;4.5;61.1
ANT;198308;-;-;-;-;0;59;66.6;12.4;2.9;72.6
ANT;198309;-;-;-;-;0;51;130.3;10.1;1.0;70.5
ANT;198310;-;-;-;-;0;45;63.0;5.5;-4.5;69.7
ANT;198311;-;-;-;-;3;35;116.4;0.3;-8.5;68.9
ANT;198312;-;-;-;-;54;51;121.6;-3.8;-18.5;73.7
ANT;198401;-;-;-;-;92;74;135.3;-4.1;-18.0;69.3
ANT;198402;-;-;-;-;166;63;216.4;-6.6;-22.1;73.2
ANT;198403;-;-;-;-;156;45;53.2;-3.9;-18.5;67.4
ANT;198404;-;-;-;-;123;53;55.4;0.6;-8.1;68.8
ANT;198405;-;-;-;-;14;76;139.4;4.3;-4.1;72.2
ANT;198406;-;-;-;-;0;51;82.2;9.4;1.0;68.1
ANT;198407;-;-;-;-;0;50;58.8;11.8;1.6;68.4
ANT;198408;-;-;-;-;0;59;128.2;10.9;4.0;75.6
ANT;198409;-;-;-;-;0;60;261.1;7.2;-0.1;75.0
ANT;198410;-;-;-;-;0;54;143.2;5.6;-3.0;67.7
ANT;198411;-;-;-;-;6;60;56.8;3.5;-8.5;60.6
ANT;198412;-;-;-;-;15;59;80.0;-2.7;-14.5;72.4
ANT;198501;-;-;-;-;62;69;141.5;-9.0;-28.0;71.6
ANT;198502;-;-;-;-;93;63;71.5;-3.6;-23.0;68.8
ANT;198503;-;-;-;-;109;68;106.1;-2.2;-11.5;68.5
ANT;198504;-;-;-;-;54;65;94.8;1.9;-6.1;66.5
ANT;198505;-;-;-;-;2;65;181.0;6.6;-4.4;69.1
ANT;198506;-;-;-;-;0;65;110.1;7.6;-0.1;73.1
ANT;198507;-;-;-;-;0;48;66.9;13.4;4.5;77.4
ANT;198508;-;-;-;-;0;46;145.3;11.5;0.0;75.0
ANT;198509;-;-;-;-;0;33;46.6;9.9;1.5;77.1
ANT;198510;-;-;-;-;0;40;0.4;6.3;-3.7;73.8
ANT;198511;-;-;-;-;14;71;84.5;-4.3;-18.5;85.9
ANT;198512;-;-;-;-;22;54;15.7;-1.6;-14.0;73.8
ANT;198601;-;-;-;-;82;78;297.2;-4.3;-22.1;80.6
ANT;198602;-;-;-;-;138;54;30.8;-8.1;-24.0;73.8
ANT;198603;-;-;-;-;113;55;80.6;-0.2;-7.5;73.2
ANT;198604;-;-;-;-;96;89;404.8;0.7;-11.7;85.7
ANT;198605;-;-;-;-;12;64;87.6;8.8;-1.5;73.8
ANT;198606;-;-;-;-;0;48;83.1;10.0;-1.9;78.6
ANT;198607;-;-;-;-;0;58;104.7;11.3;3.1;80.2
ANT;198608;-;-;-;-;0;56;106.3;11.9;1.5;79.5
ANT;198609;-;-;-;-;0;51;24.3;9.8;0.7;78.5
ANT;198610;-;-;-;-;0;36;65.0;6.3;-5.5;76.5
ANT;198611;-;-;-;-;5;41;44.3;0.6;-11.0;74.9
ANT;198612;-;-;-;-;43;60;187.9;-4.1;-22.0;82.0
ANT;198701;-;-;-;-;125;48;134.0;-8.4;-25.9;82.7
ANT;198702;-;-;-;-;131;66;139.8;-3.5;-16.0;80.8
ANT;198703;-;-;-;-;160;59;107.6;-4.7;-19.5;79.7
ANT;198704;-;-;-;-;107;49;122.8;2.5;-9.7;74.0
ANT;198705;-;-;-;-;8;63;157.2;4.1;-5.1;79.9
ANT;198706;-;-;-;-;0;66;236.6;8.7;0.6;79.5
ANT;198707;-;-;-;-;0;60;157.3;12.4;1.1;81.6
ANT;198708;-;-;-;-;0;54;271.3;11.6;2.0;79.8
ANT;198709;-;-;-;-;0;45;49.1;11.6;1.0;77.7
ANT;198710;-;-;-;-;0;61;152.4;7.3;-0.8;74.6
ANT;198711;-;-;-;-;14;60;135.5;0.6;-8.2;80.6
ANT;198712;-;-;-;-;27;49;46.6;-2.1;-14.5;79.4
ANT;198801;-;-;-;-;39;63;93.0;-0.8;-13.4;74.9
ANT;198802;-;-;-;-;84;64;129.0;-3.8;-13.7;77.0
ANT;198803;-;-;-;-;138;83;299.3;-2.5;-18.5;85.1
ANT;198804;-;-;-;-;92;59;34.3;3.8;-9.5;75.6
ANT;198805;-;-;-;-;0;71;83.8;8.6;0.0;74.6
ANT;198806;-;-;-;-;0;63;125.5;9.4;0.0;80.4
ANT;198807;-;-;-;-;0;54;177.9;12.5;2.0;76.9
ANT;198808;-;-;-;-;0;53;86.1;12.5;3.0;79.2
ANT;198809;-;-;-;-;0;53;86.0;9.0;0.5;84.9
ANT;198810;-;-;-;-;0;59;248.2;7.2;-1.0;78.9
ANT;198811;-;-;-;-;7;45;52.2;-2.4;-16.4;82.0
ANT;198812;-;-;-;-;56;63;204.3;-3.6;-16.0;86.5
ANT;198901;-;-;-;-;65;19;4.4;-4.9;-13.2;72.6
ANT;198902;-;-;-;-;74;48;116.7;-1.8;-10.5;78.3
ANT;198903;-;-;-;-;84;45;89.7;1.8;-8.5;74.3
ANT;198904;-;-;-;-;38;84;252.7;1.9;-3.8;82.4
ANT;198905;-;-;-;-;0;46;46.0;8.2;-1.9;73.4
ANT;198906;-;-;-;-;0;55;54.5;9.1;-0.2;75.5
ANT;198907;-;-;-;-;0;58;111.7;12.5;4.8;79.1
ANT;198908;-;-;-;-;0;50;98.4;12.2;2.0;75.9
ANT;198909;-;-;-;-;0;58;73.9;9.2;0.8;80.9
ANT;198910;-;-;-;-;0;39;74.3;5.9;-3.5;73.3
ANT;198911;-;-;-;-;18;35;96.5;-1.4;-13.0;75.4
ANT;198912;-;-;-;-;14;26;86.3;-2.4;-11.9;68.1
ANT;199001;-;-;-;-;12;24;22.5;-5.1;-13.4;71.7
ANT;199002;-;-;-;-;32;53;306.4;1.0;-8.0;69.5
ANT;199003;-;-;-;-;40;53;67.9;0.8;-15.0;73.8
ANT;199004;-;-;-;-;3;74;77.0;2.1;-4.7;78.8
ANT;199005;-;-;-;-;0;55;53.5;9.2;-0.5;71.6
ANT;199006;-;-;-;-;0;70;126.5;9.4;0.9;79.6
ANT;199007;-;-;-;-;0;45;61.6;12.0;3.9;74.8
ANT;199008;-;-;-;-;0;44;47.4;12.8;0.3;72.0
ANT;199009;-;-;-;-;0;56;63.8;8.0;0.7;79.9
ANT;199010;-;-;-;-;0;65;134.5;7.5;-2.0;75.3
ANT;199011;-;-;-;-;31;59;200.9;-1.5;-13.0;83.1
ANT;199012;-;-;-;-;107;50;112.3;-6.7;-19.5;79.5
ANT;199101;-;-;-;-;107;38;71.1;-4.5;-15.0;72.2
ANT;199102;-;-;-;-;116;40;43.8;-6.3;-23.0;75.9
ANT;199103;-;-;-;-;50;73;110.8;2.7;-7.7;76.3
ANT;199104;-;-;-;-;2;59;90.0;1.6;-7.3;72.5
ANT;199105;-;-;-;-;1;69;99.8;3.7;-3.5;76.8
ANT;199106;-;-;-;-;0;64;178.6;9.2;0.8;76.8
ANT;199107;-;-;-;-;0;45;128.8;13.5;3.5;82.0
ANT;199108;-;-;-;-;0;36;40.5;13.1;5.3;80.3
ANT;199109;-;-;-;-;0;50;235.0;10.2;0.2;80.5
ANT;199110;-;-;-;-;0;48;91.4;4.5;-7.1;80.8
ANT;199111;-;-;-;-;15;53;55.9;-0.7;-10.9;85.4
ANT;199112;-;-;-;-;46;36;311.2;-5.5;-15.0;80.0
ANT;199201;-;-;-;-;93;26;20.8;-5.6;-14.1;97.9
ANT;199202;-;-;-;-;133;45;131.9;-3.5;-20.3;93.4
ANT;199203;-;-;-;-;122;60;211.8;0.1;-11.0;93.8
ANT;199204;-;-;-;-;112;65;89.4;2.0;-12.0;92.4
ANT;199205;-;-;-;-;4;49;19.6;9.2;1.0;77.5
ANT;199206;-;-;-;-;0;65;173.2;9.5;1.2;83.4
ANT;199207;-;-;-;-;0;56;83.5;13.3;5.5;81.7
ANT;199208;-;-;-;-;0;48;155.6;14.5;5.0;77.1
ANT;199209;-;-;-;-;0;58;143.8;9.3;0.5;75.8
ANT;199210;-;-;-;-;2;73;107.0;3.7;-6.9;84.5
ANT;199211;-;-;-;-;13;59;224.3;1.8;-10.6;84.4
ANT;199212;-;-;-;-;42;39;70.8;-3.6;-12.6;84.3
ANT;199301;-;-;-;7.2;41;38;75.9;-2.8;-17.3;78.9
ANT;199302;-;-;-;9.7;72;33;83.8;-4.4;-21.0;71.4
ANT;199303;-;-;-;14.3;77;54;41.4;-0.9;-16.3;73.5
ANT;199304;-;-;-;15.6;43;71;131.3;3.8;-10.0;74.2
ANT;199305;-;-;-;23.1;0;65;92.6;9.2;-2.0;70.4
ANT;199306;-;-;-;23.8;0;61;178.5;11.6;1.2;76.7
ANT;199307;-;-;-;25.0;0;63;160.7;11.2;0.8;75.6
ANT;199308;-;-;-;24.7;0;51;82.1;12.9;0.3;75.3
ANT;199309;-;-;-;21.7;0;70;387.5;8.5;-1.5;76.5
ANT;199310;-;-;-;14.0;5;66;313.3;4.4;-6.5;75.6
ANT;199311;-;-;-;10.9;6;51;29.3;-1.4;-14.0;75.0
ANT;199312;-;-;-;10.1;33;68;146.6;-1.9;-16.5;76.4
ANT;199401;-;-;-;5.9;85;64;218.1;-3.5;-17.3;80.0
ANT;199402;-;-;-;6.5;120;59;65.5;-3.2;-17.9;70.2
ANT;199403;-;-;-;14.5;65;64;47.9;3.4;-5.3;72.5
ANT;199404;-;-;-;18.6;9;74;107.6;2.2;-6.9;74.4
ANT;199405;-;-;-;18.5;0;71;173.0;8.5;0.0;74.3
ANT;199406;-;-;-;24.6;0;55;97.2;11.2;0.4;73.0
ANT;199407;-;-;-;27.5;0;50;64.6;15.1;6.9;70.9
ANT;199408;-;-;-;27.2;0;53;112.3;14.1;5.0;71.4
ANT;199409;-;-;-;22.0;0;74;178.8;9.9;-1.9;71.7
ANT;199410;-;-;-;18.7;0;51;32.6;5.6;-4.0;69.4
ANT;199411;-;-;-;12.4;0;65;95.5;3.7;-5.0;74.7
ANT;199412;-;-;-;8.3;8;56;69.3;-1.8;-14.9;76.2
ANT;199501;-;-;-;4.6;91;65;251.1;-5.8;-22.9;74.6
ANT;199502;-;-;-;8.4;118;66;105.2;-0.7;-13.4;72.9
ANT;199503;-;-;-;11.3;139;59;157.0;-2.1;-18.0;70.9
ANT;199504;-;-;-;14.0;104;70;209.2;3.0;-5.3;72.0
ANT;199505;-;-;-;21.3;2;59;125.6;7.6;-4.0;69.7
ANT;199506;-;-;-;24.2;0;61;116.6;8.8;0.5;75.5
ANT;199507;-;-;-;29.5;0;48;65.4;15.3;6.4;68.5
ANT;199508;-;-;-;24.8;0;68;166.6;11.9;0.3;75.2
ANT;199509;-;-;-;19.0;0;73;176.1;7.2;-4.6;73.1
ANT;199510;-;-;-;20.7;0;36;2.4;8.4;-1.9;63.2
ANT;199511;-;-;-;10.2;15;59;101.6;-0.8;-14.7;72.4
ANT;199512;-;-;-;6.3;22;68;101.2;-2.8;-17.5;72.1
ANT;199601;-;-;-;7.5;31;44;22.6;-1.6;-12.9;65.9
ANT;199602;-;-;-;7.5;48;70;73.7;-5.4;-21.3;73.3
ANT;199603;-;-;-;14.6;48;54;65.5;-2.0;-17.7;68.7
ANT;199604;-;-;-;15.9;10;64;31.9;4.2;-8.5;65.6
ANT;199605;-;-;-;-;2;70;345.4;6.8;-1.4;79.2
ANT;199606;-;-;-;-;0;56;37.2;11.5;1.4;74.3
ANT;199607;-;-;-;-;0;53;161.2;11.7;3.4;77.5
ANT;199608;-;-;-;-;0;64;127.5;11.8;3.6;80.0
ANT;199609;-;-;-;-;0;55;42.9;6.4;-1.0;77.3
ANT;199610;-;-;-;-;0;69;136.1;5.1;-3.2;76.6
ANT;199611;-;-;-;-;17;70;354.9;0.5;-11.3;79.8
ANT;199612;-;-;-;-;60;56;23.1;-2.0;-17.8;71.5
ANT;199701;-;-;-;-;47;41;14.7;-1.4;-12.5;65.1
ANT;199702;-;-;-;-;62;48;105.2;-1.6;-11.3;71.1
ANT;199703;-;-;-;-;50;49;104.2;1.7;-7.0;74.7
ANT;199704;-;-;-;-;9;48;89.1;2.1;-7.1;68.7
ANT;199705;-;-;-;-;0;56;88.1;8.2;-2.3;68.9
ANT;199706;-;-;-;-;0;74;171.3;10.7;1.5;74.9
ANT;199707;-;-;-;-;0;64;138.7;11.0;3.6;80.0
ANT;199708;-;-;-;-;0;51;112.7;13.7;2.5;76.0
ANT;199709;-;-;-;-;0;35;15.2;11.0;2.4;73.4
ANT;199710;-;-;-;-;0;53;67.4;5.8;-6.0;72.9
ANT;199711;-;-;-;-;8;54;117.5;1.0;-10.0;73.9
ANT;199712;-;-;-;-;42;68;149.6;-2.6;-14.1;80.8
ANT;199801;-;-;-;-;66;41;73.3;-4.1;-15.5;69.1
ANT;199802;-;-;-;-;73;25;15.9;-1.9;-15.2;69.1
ANT;199803;-;-;-;-;59;65;69.6;-0.4;-15.0;76.2
ANT;199804;-;-;-;-;22;72;187.1;2.8;-9.0;74.8
ANT;199805;-;-;-;-;0;54;43.4;8.5;-0.7;70.7
ANT;199806;-;-;-;-;0;57;215.8;11.6;0.3;72.9
ANT;199807;-;-;-;-;0;56;102.4;13.0;3.6;75.5
ANT;199808;-;-;-;-;0;52;74.3;13.2;2.0;75.3
ANT;199809;-;-;-;-;0;72;210.4;9.0;-0.3;74.5
ANT;199810;-;-;-;-;1;76;183.3;5.1;-1.1;76.9
ANT;199811;-;-;-;-;19;61;101.4;-3.7;-19.5;78.2
ANT;199812;-;-;-;-;43;51;57.7;-3.8;-17.7;74.1
ANT;199901;-;-;-;-;70;50;149.3;-3.4;-14.4;75.0
ANT;199902;-;-;-;-;181;72;435.1;-6.0;-22.4;84.6
ANT;199903;-;-;-;-;196;55;137.1;-0.2;-11.3;77.0
ANT;199904;-;-;-;-;159;69;165.6;2.5;-6.6;76.4
ANT;199905;-;-;-;-;24;62;146.0;9.1;1.0;75.9
ANT;199906;-;-;-;-;0;62;193.1;9.6;0.2;79.3
ANT;199907;-;-;-;-;0;55;95.5;13.0;4.8;77.3
ANT;199908;-;-;-;-;0;64;151.6;13.1;4.6;79.0
ANT;199909;-;-;-;-;0;56;201.8;12.0;1.4;74.4
ANT;199910;-;-;-;-;0;52;110.3;5.9;-2.8;78.3
ANT;199911;-;-;-;-;24;56;115.4;-1.7;-14.9;81.1
ANT;199912;-;-;-;-;57;59;183.1;-4.2;-18.5;81.7
ANT;200001;-;-;-;-;86;45;89.5;-7.0;-21.5;85.2
ANT;200002;-;-;-;-;110;62;126.7;-2.1;-15.5;82.1
ANT;200003;-;-;-;-;107;69;146.9;0.1;-10.7;82.3
ANT;200004;-;-;-;-;61;69;165.4;4.1;-7.0;75.6
ANT;200005;-;-;-;-;0;61;57.2;9.7;0.9;77.0
ANT;200006;-;-;-;-;0;51;84.6;12.4;2.6;74.6
ANT;200007;-;-;-;-;0;66;155.8;10.6;1.4;80.9
ANT;200008;-;-;-;-;0;46;123.6;13.7;-3.5;78.1
ANT;200009;-;-;-;-;0;51;221.6;10.0;1.1;78.6
ANT;200010;-;-;-;-;0;65;269.9;6.0;-2.1;82.7
ANT;200011;-;-;-;-;46;65;280.4;0.1;-11.0;80.8
ANT;200012;-;-;-;-;41;56;42.0;-0.3;-13.3;72.5
ANT;200101;-;-;-;-;61;60;60.4;-2.5;-16.5;71.6
ANT;200102;-;-;-;-;87;60;124.6;-2.1;-15.5;78.7
ANT;200103;-;-;-;-;69;76;134.1;2.4;-11.8;79.2
ANT;200104;-;-;-;-;12;75;161.3;1.7;-7.3;80.3
ANT;200105;-;-;-;-;0;60;57.1;9.7;1.2;76.2
ANT;200106;-;-;-;-;0;55;206.8;9.3;-0.2;80.5
ANT;200107;-;-;-;-;0;56;174.0;12.7;5.2;80.1
ANT;200108;-;-;-;-;0;55;118.6;13.9;4.5;77.5
ANT;200109;-;-;-;-;0;76;138.9;6.6;-1.5;80.2
ANT;200110;-;-;-;-;0;44;79.6;9.0;-0.8;74.0
ANT;200111;-;-;-;-;14;56;108.4;-1.5;-9.3;86.0
ANT;200112;-;-;-;-;34;48;86.2;-6.9;-20.0;84.7
ANT;200201;-;-;-;-;54;28;21.0;-6.4;-19.5;79.1
ANT;200202;-;-;-;-;71;65;126.0;-0.2;-14.2;78.3
ANT;200203;-;-;-;-;67;48;197.5;1.2;-12.5;71.9
ANT;200204;-;-;-;-;7;61;51.2;3.7;-7.5;75.7
ANT;200205;-;-;-;-;8;69;425.4;7.2;-3.0;78.6
ANT;200206;-;-;-;-;0;51;133.8;14.1;4.3;76.1
ANT;200207;-;-;-;-;0;62;123.1;13.5;5.0;78.7
ANT;200208;-;-;-;-;0;66;139.1;12.9;5.0;82.5
ANT;200209;-;-;-;-;2;74;80.7;8.9;-2.0;83.3
ANT;200210;-;-;-;-;0;61;73.6;6.3;-2.0;76.6
ANT;200211;-;-;-;-;10;84;572.8;2.5;-13.5;86.8
ANT;200212;-;-;-;-;20;64;79.9;-1.4;-13.0;85.9
ANT;200301;-;-;-;-;48;64;133.4;-5.6;-19.5;84.2
ANT;200302;-;-;-;-;109;30;80.8;-7.6;-22.5;73.4
ANT;200303;-;-;-;-;78;37;15.8;0.8;-10.5;76.3
ANT;200304;-;-;-;-;23;56;60.0;3.8;-13.0;71.7
ANT;200305;-;-;-;-;0;64;64.9;9.6;-0.4;72.5
ANT;200306;-;-;-;-;0;45;48.1;16.2;6.6;71.0
ANT;200307;-;-;-;-;0;50;135.0;13.8;5.5;76.8
ANT;200308;-;-;-;-;0;38;59.5;16.2;5.4;72.4
ANT;200309;-;-;-;-;0;51;54.2;9.6;-0.4;74.0
ANT;200310;-;-;-;-;4;57;192.6;2.8;-17.2;76.9
ANT;200311;-;-;-;-;15;55;85.0;1.7;-6.5;78.2
ANT;200312;-;-;-;-;22;57;113.8;-2.2;-18.5;75.9
ANT;200401;-;-;-;-;87;73;211.7;-5.0;-18.0;83.5
ANT;200402;-;-;-;-;115;59;61.9;-4.2;-19.5;77.4
ANT;200403;-;-;-;-;110;56;62.5;-1.2;-17.5;76.5
ANT;200404;-;-;-;-;54;69;92.5;3.5;-9.0;75.4
ANT;200405;-;-;-;-;5;56;113.8;6.4;-4.9;73.3
ANT;200406;-;-;-;-;0;58;116.4;11.0;3.1;76.9
ANT;200407;-;-;-;-;0;57;66.8;12.9;2.4;73.8
ANT;200408;-;-;-;-;0;65;116.7;13.6;4.6;74.6
ANT;200409;-;-;-;-;0;52;77.6;10.1;1.1;77.8
ANT;200410;-;-;-;-;0;68;138.6;8.1;-1.2;70.4
ANT;200411;-;-;-;-;9;66;99.8;-0.6;-10.0;78.9
ANT;200412;-;-;-;-;35;45;77.0;-3.9;-19.5;75.5
ANT;200501;-;-;-;-;80;50;138.0;-7.2;-23.0;79.8
ANT;200502;-;-;-;-;122;62;88.7;-8.0;-19.5;79.4
ANT;200503;-;-;-;-;107;55;36.9;-1.1;-20.5;75.2
ANT;200504;-;-;-;-;14;69;74.8;4.1;-4.6;70.0
ANT;200505;-;-;-;-;0;66;176.2;8.5;-1.2;70.8
ANT;200506;-;-;-;-;0;58;111.8;12.5;-2.0;64.7
ANT;200507;-;-;-;-;0;71;124.7;13.2;2.8;73.0
ANT;200508;-;-;-;-;0;68;239.5;10.9;1.6;82.1
ANT;200509;-;-;-;-;0;65;51.1;10.4;-0.4;82.4
ANT;200510;-;-;-;-;0;41;74.4;7.1;-1.0;71.3
ANT;200511;-;-;-;-;5;60;27.4;-0.4;-15.6;77.0
ANT;200512;-;-;-;-;47;59;121.5;-7.4;-23.2;85.7
ANT;200601;-;-;-;-;85;41;56.3;-6.7;-17.0;75.3
ANT;200602;-;-;-;-;111;64;101.6;-5.6;-18.7;82.7
ANT;200603;-;-;-;-;134;66;124.6;-2.5;-21.4;78.5
ANT;200604;-;-;-;-;41;65;86.4;3.6;-8.7;76.2
ANT;200605;-;-;-;-;1;79;139.0;8.4;-2.5;72.5
ANT;200606;-;-;-;-;0;60;85.5;12.2;-2.2;71.6
ANT;200607;-;-;-;-;0;46;55.3;16.2;8.0;70.9
ANT;200608;-;-;-;-;0;80;177.2;9.7;0.5;80.7
ANT;200609;-;-;-;-;0;63;112.2;12.7;2.0;72.1
ANT;200610;-;-;-;-;0;58;33.3;8.7;-0.8;68.1
ANT;200611;-;-;-;-;1;58;48.7;2.4;-9.0;72.0
ANT;200612;-;-;-;-;27;36;98.1;-3.6;-14.0;76.6
ANT;200701;-;-;-;-;38;58;107.0;-1.6;-15.5;79.5
ANT;200702;-;-;-;-;47;58;76.9;-0.8;-9.5;73.8
ANT;200703;-;-;-;-;49;57;113.2;0.6;-10.0;72.7
ANT;200704;-;-;-;-;3;37;19.8;8.3;-3.5;66.3
ANT;200705;-;-;-;-;2;72;239.3;9.0;-1.6;71.5
ANT;200706;-;-;-;-;0;73;170.3;11.8;2.5;76.4
ANT;200707;-;-;-;-;0;63;129.1;12.8;2.0;70.3
ANT;200708;-;-;-;-;0;72;169.4;12.1;3.4;73.4
ANT;200709;-;-;-;-;0;58;126.4;8.0;-0.5;71.8
ANT;200710;-;-;-;-;0;57;31.2;4.8;-7.0;72.1
ANT;200711;-;-;-;-;35;62;136.2;-2.1;-17.0;75.2
ANT;200712;-;-;-;-;62;52;96.1;-5.3;-17.5;77.1
ANT;200801;-;-;-;-;87;55;78.7;-2.5;-14.6;70.0
ANT;200802;-;-;-;-;96;41;24.9;-2.2;-15.2;68.5
ANT;200803;-;-;-;-;78;83;173.3;-1.1;-17.0;73.8
ANT;200804;-;-;-;-;61;79;159.4;3.1;-7.1;70.7
ANT;200805;-;-;-;-;0;73;111.9;9.8;-2.8;64.7
ANT;200806;-;-;-;-;0;73;97.7;12.1;2.0;73.2
ANT;200807;-;-;-;-;0;65;171.8;12.6;2.7;69.1
ANT;200808;-;-;-;-;0;67;131.6;12.8;4.4;72.4
ANT;200809;-;-;-;-;0;73;206.7;7.9;-3.2;74.8
ANT;200810;-;-;-;-;6;61;166.3;6.0;-4.2;70.3
ANT;200811;-;-;-;-;20;68;187.2;0.1;-13.4;72.7
ANT;200812;-;-;-;-;78;66;116.3;-3.4;-15.0;73.1
ANT;200901;-;-;-;-;87;43;44.2;-6.7;-17.2;69.3
ANT;200902;-;-;-;-;144;78;163.2;-3.9;-18.8;76.2
ANT;200903;-;-;-;-;179;80;185.5;-1.4;-14.0;75.6
ANT;200904;-;-;-;-;99;72;148.6;5.1;-3.4;66.7
ANT;200905;-;-;-;-;2;64;48.9;10.5;-0.7;62.3
ANT;200906;-;-;-;-;0;73;93.8;11.2;1.4;68.0
ANT;200907;-;-;-;-;0;67;124.6;13.5;2.8;68.1
ANT;200908;-;-;-;-;0;52;88.6;14.7;2.1;68.0
ANT;200909;-;-;-;-;0;56;53.2;10.4;1.2;72.3
ANT;200910;-;-;-;-;2;63;77.6;4.5;-10.2;69.6
ANT;200911;-;-;-;-;3;61;160.7;2.4;-9.0;68.2
ANT;200912;-;-;-;-;72;64;94.8;-4.6;-20.3;70.8
ANT;201001;-;-;-;-;73;63;58.7;-7.5;-17.4;71.8
ANT;201002;-;-;-;-;91;68;33.9;-4.2;-21.5;64.2
ANT;201003;-;-;-;-;78;74;98.0;-1.6;-16.5;68.4
ANT;201004;-;-;-;-;18;67;51.3;4.5;-9.9;67.6
ANT;201005;-;-;-;-;1;85;230.5;6.5;-6.5;73.9
ANT;201006;-;-;-;-;0;71;124.1;11.1;1.0;68.0
ANT;201007;-;-;-;-;0;63;113.0;14.5;3.1;67.6
ANT;201008;-;-;-;-;0;74;186.0;12.0;1.4;71.9
ANT;201009;-;-;-;-;0;65;96.4;8.1;-0.4;71.9
ANT;201010;-;-;-;-;4;62;112.4;4.4;-8.3;69.3
ANT;201011;-;-;-;-;21;76;182.4;-0.1;-17.3;72.7
ANT;201012;-;-;-;-;44;70;111.0;-5.6;-20.0;73.6
ANT;201101;-;-;-;-;44;53;43.7;-4.4;-18.6;71.0
ANT;201102;-;-;-;-;48;51;37.4;-2.5;-12.9;68.0
ANT;201103;-;-;-;-;38;50;38.9;1.2;-9.9;66.2
ANT;201104;-;-;-;-;1;56;28.2;6.7;-4.0;62.3
ANT;201105;-;-;-;-;0;60;95.3;9.7;-2.0;65.7
ANT;201106;-;-;-;-;0;75;121.4;11.3;2.0;72.6
ANT;201107;-;-;-;-;0;71;145.6;11.3;3.3;68.1
ANT;201108;-;-;-;-;0;55;102.3;14.2;-3.0;65.0
ANT;201109;-;-;-;-;0;53;96.2;11.1;1.2;73.6
ANT;201110;-;-;-;-;2;36;111.6;4.6;-6.3;66.5
ANT;201111;-;-;-;-;0;34;24.4;1.7;-6.8;61.2
ANT;201112;-;-;-;-;62;73;316.1;-2.3;-14.3;75.5
ANT;201201;-;-;-;-;172;63;238.6;-4.5;-17.1;75.7
ANT;201202;-;-;-;-;188;55;52.5;-9.5;-27.3;69.3
ANT;201203;-;-;-;-;170;43;70.0;1.0;-12.5;65.6
ANT;201204;-;-;-;-;84;80;178.6;3.3;-10.1;68.4
ANT;201205;-;-;-;-;2;65;103.0;8.5;-5.7;63.2
ANT;201206;-;-;-;-;0;69;149.3;12.6;2.2;75.1
ANT;201207;-;-;-;-;0;64;126.9;12.9;0.7;85.0
ANT;201208;-;-;-;-;0;53;156.9;14.5;4.0;82.1
ANT;201209;-;-;-;-;0;55;128.1;9.4;-1.0;82.5
ANT;201210;-;-;-;-;3;61;149.0;5.8;-10.0;81.2
ANT;201211;-;-;-;-;3;58;145.9;1.2;-8.3;81.2
ANT;201212;-;-;-;-;78;74;197.9;-3.6;-20.0;84.6
ANT;201301;-;-;-;-;90;60;78.1;-4.9;-19.1;82.7
ANT;201302;-;-;-;-;125;68;99.7;-6.5;-21.4;82.8
ANT;201303;-;-;-;-;96;66;31.1;-0.9;-15.0;79.9
ANT;201304;-;-;-;-;48;66;170.5;4.2;-11.3;79.9
ANT;201305;-;-;-;-;1;83;273.7;6.3;-2.5;85.4
ANT;201306;-;-;-;-;0;66;97.0;10.6;1.4;80.7
ANT;201307;-;-;-;-;0;51;116.3;14.8;4.0;78.3
ANT;201308;-;-;-;-;0;58;234.3;13.1;3.1;82.2
ANT;201309;-;-;-;-;0;64;117.8;9.7;0.3;84.0
ANT;201310;-;-;-;-;2;72;113.5;7.6;-2.0;81.3
ANT;201311;-;-;-;-;20;65;155.9;-1.6;-19.5;83.5
ANT;201312;47;860.6;4936;9.3;36;34;74.8;-4.9;-22.9;68.7
ANT;201401;59;849.6;3489;9.3;63;63;30.0;-1.6;-22.5;68.7
ANT;201402;99;849.7;4154;5.0;106;69;67.0;-1.5;-16.2;71.1
ANT;201403;189;855.2;10147;11.1;97;52;35.9;-0.5;-17.9;69.9
ANT;201404;221;853.9;9367;15.1;14;67;90.7;4.6;-6.8;71.5
ANT;201405;224;856.3;7455;17.7;1;75;141.3;6.6;-4.4;74.3
ANT;201406;268;858.7;12372;25.7;0;66;74.3;11.3;-0.9;75.0
ANT;201407;195;857.5;7225;25.6;0;78;140.9;12.2;0.2;81.0
ANT;201408;188;857.4;7393;21.4;0;81;131.7;10.8;0.1;82.0
ANT;201409;158;859.4;8047;19.8;0;68;38.4;9.7;-2.3;78.6
ANT;201410;98;859.1;6344;19.4;2;61;98.8;6.8;-9.9;77.3
ANT;201411;59;852.8;3828;15.9;11;69;314.1;3.3;-10.4;77.4
ANT;201412;39;856.8;1511;9.0;6;77;30.0;-1.6;-15.7;79.4
ANT;201501;55;854.9;3399;11.8;34;66;90.5;-3.5;-19.9;73.0
ANT;201502;103;851.9;4674;6.4;67;61;26.8;-6.1;-22.1;72.3
ANT;201503;163;857.1;7110;13.4;53;66;89.6;-0.2;-17.3;71.9
ANT;201504;238;858.7;10805;15.3;17;62;38.8;3.1;-19.2;68.4
ANT;201505;224;857.4;8709;21.6;1;81;151.5;7.6;-3.2;76.6
ANT;201506;264;860.8;11814;24.3;0;67;86.4;12.1;2.1;75.2
ANT;201507;287;860.7;15924;29.2;0;51;50.2;15.4;1.4;72.8
ANT;201508;213;860.0;11347;27.4;0;61;102.3;14.0;2.5;75.4
ANT;201509;139;858.1;6569;18.0;0;74;141.0;7.6;-3.1;81.2
ANT;201510;105;857.0;6148;16.8;0;65;73.9;5.1;-6.7;76.1
ANT;201511;77;860.4;7379;20.3;8;43;54.6;0.8;-21.5;72.3
ANT;201512;50;866.7;5946;11.0;16;29;6.1;-2.5;-16.0;73.2
ANT;201601;56;853.0;3498;7.3;36;66;70.2;-3.9;-23.0;74.8
ANT;201602;92;851.0;3158;10.5;67;80;77.8;-1.4;-20.4;75.2
ANT;201603;179;851.3;8267;8.3;80;59;29.7;-2.6;-20.8;71.6
ANT;201604;191;852.4;5770;14.4;7;80;90.1;3.7;-9.8;72.2
ANT;201605;221;854.6;6897;18.8;1;78;107.0;6.8;-3.3;73.2
ANT;201606;242;857.1;8122;27.2;0;75;118.3;10.8;-0.4;80.1
ANT;201607;259;861.2;12499;24.8;0;62;77.3;13.2;1.0;78.4
ANT;201608;226;862.5;12089;24.2;0;55;63.6;12.6;2.3;78.3
ANT;201609;184;861.1;11438;21.1;0;55;79.6;10.8;-0.5;78.8
ANT;201610;106;859.1;7202;16.3;0;62;41.5;4.0;-6.3;78.1
ANT;201611;63;854.6;5162;14.5;11;74;50.2;0.5;-15.7;78.8
ANT;201612;47;865.6;6978;9.6;0;27;1.5;-3.3;-13.5;72.3
ANT;201701;62;856.5;5716;6.7;39;-;35.2;-7.5;-24.0;71.8
ANT;201702;103;855.7;5074;9.8;46;-;20.3;-1.1;-21.5;72.0
ANT;201703;163;856.7;7875;13.3;65;-;172.1;1.6;-13.8;74.8
ANT;201704;233;857.2;10299;16.6;8;-;63.0;2.5;-15.0;73.7
ANT;201705;264;858.0;12181;23.6;1;-;46.7;8.5;-10.3;70.7
ANT;201706;271;858.9;12918;26.9;0;-;127.7;13.5;-0.3;74.0
ANT;201707;241;859.8;10403;24.5;0;-;92.8;13.2;2.5;77.7
ANT;201708;211;861.4;11296;27.2;0;-;144.2;13.6;1.0;77.8
ANT;201709;157;857.5;7241;17.4;1;-;131.0;6.9;-3.5;80.6
ANT;201710;116;861.9;8483;20.9;0;-;69.0;5.4;-6.3;75.5
ANT;201711;68;854.9;4227;12.7;20;-;86.8;-1.6;-12.9;78.8
ANT;201712;43;854.2;3163;8.5;67;-;109.7;-5.6;-19.8;79.3
ANT;201801;55;854.4;3518;8.9;112;-;261.1;-1.9;-19.3;77.5
ANT;201802;105;849.0;3965;6.1;139;-;40.2;-7.6;-26.9;77.4
ANT;201803;160;843.7;4662;6.9;134;-;126.7;-1.4;-24.6;75.8
ANT;201804;232;855.5;9670;17.2;79;-;80.4;5.1;-9.9;67.3
ANT;201805;223;856.2;8252;21.0;0;-;66.4;9.3;-0.5;74.5
ANT;201806;283;858.5;13761;23.6;0;-;60.6;12.2;1.2;74.1
ANT;201807;280;859.5;14833;25.5;0;-;34.5;14.2;2.9;72.5
ANT;201808;224;861.1;11791;27.8;0;-;75.6;14.0;0.8;76.1
ANT;201809;190;862.6;11873;23.4;0;-;43.0;10.7;-2.0;77.3
ANT;201810;104;858.3;7875;18.5;3;-;236.1;6.4;-7.1;73.6
ANT;201811;57;855.6;3404;12.6;2;-;41.6;2.9;-10.4;72.7
ANT;201812;39;858.6;2810;9.1;25;-;161.6;-3.3;-25.4;78.9