stn;time;gre000m0;prestam0;sre000m0;hto000m0;nto000m0;rre150m0;tre200m0;tre200mn;tre200mx;ure200m0
GRC;186401;-;-;-;-;-;0.7;-4.9;-;-;-
GRC;186402;-;-;-;-;-;27.0;-4.5;-;-;-
GRC;186403;-;-;-;-;-;0.0;0.0;-;-;-
GRC;186404;-;-;-;-;-;18.2;2.9;-;-;-
GRC;186405;-;-;-;-;-;67.5;8.3;-;-;-
GRC;186406;-;-;-;-;-;103.9;9.8;-;-;-
GRC;186407;-;-;-;-;-;42.4;13.4;-;-;-
GRC;186408;-;-;-;-;-;15.1;11.7;-;-;-
GRC;186409;-;-;-;-;-;27.6;8.8;-;-;-
GRC;186410;-;-;-;-;-;162.1;3.6;-;-;-
GRC;186411;-;-;-;-;-;21.7;-0.4;-;-;-
GRC;186412;-;-;-;-;-;0.0;-2.6;-;-;-
GRC;186501;-;-;-;-;-;47.0;-4.0;-;-;-
GRC;186502;-;-;-;-;-;20.0;-6.8;-;-;-
GRC;186503;-;-;-;-;-;41.3;-6.7;-;-;-
GRC;186504;-;-;-;-;-;0.0;6.9;-;-;-
GRC;186505;-;-;-;-;-;57.1;9.9;-;-;-
GRC;186506;-;-;-;-;-;34.1;12.5;-;-;-
GRC;186507;-;-;-;-;-;71.8;14.6;-;-;-
GRC;186508;-;-;-;-;-;96.5;11.3;-;-;-
GRC;186509;-;-;-;-;-;0.0;12.4;-;-;-
GRC;186510;-;-;-;-;-;33.7;4.5;-;-;-
GRC;186511;-;-;-;-;-;79.6;0.8;-;-;-
GRC;186512;-;-;-;-;-;12.1;-1.5;-;-;-
GRC;186601;-;-;-;-;-;22.4;-1.3;-;-;-
GRC;186602;-;-;-;-;-;51.2;-1.2;-;-;-
GRC;186603;-;-;-;-;-;20.5;-1.5;-;-;-
GRC;186604;-;-;-;-;-;21.2;3.7;-;-;-
GRC;186605;-;-;-;-;-;78.9;5.7;-;-;-
GRC;186606;-;-;-;-;-;23.4;12.3;-;-;-
GRC;186607;-;-;-;-;-;40.7;13.5;-;-;-
GRC;186608;-;-;-;-;-;121.0;10.1;-;-;-
GRC;186609;-;-;-;-;-;111.9;9.3;-;-;-
GRC;186610;-;-;-;-;-;14.3;5.4;-;-;-
GRC;186611;-;-;-;-;-;36.6;-0.5;-;-;-
GRC;186612;-;-;-;-;-;19.2;0.4;-;-;-
GRC;186701;-;-;-;-;-;69.2;-4.2;-;-;-
GRC;186702;-;-;-;-;-;33.4;-0.5;-;-;-
GRC;186703;-;-;-;-;-;58.8;0.1;-;-;-
GRC;186704;-;-;-;-;-;36.8;3.4;-;-;-
GRC;186705;-;-;-;-;-;20.8;8.4;-;-;-
GRC;186706;-;-;-;-;-;43.8;11.2;-;-;-
GRC;186707;-;-;-;-;-;19.5;12.2;-;-;-
GRC;186708;-;-;-;-;-;43.6;13.4;-;-;-
GRC;186709;-;-;-;-;-;21.8;10.9;-;-;-
GRC;186710;-;-;-;-;-;60.0;2.8;-;-;-
GRC;186711;-;-;-;-;-;17.0;-1.1;-;-;-
GRC;186712;-;-;-;-;-;32.4;-5.9;-;-;-
GRC;186801;-;-;-;-;-;41.4;-5.3;-;-;-
GRC;186802;-;-;-;-;-;0.0;-1.8;-;-;-
GRC;186803;-;-;-;-;-;33.5;-2.8;-;-;-
GRC;186804;-;-;-;-;-;8.9;2.5;-;-;-
GRC;186805;-;-;-;-;-;35.3;12.0;-;-;-
GRC;186806;-;-;-;-;-;101.2;12.1;-;-;-
GRC;186807;-;-;-;-;-;65.9;13.1;-;-;-
GRC;186808;-;-;-;-;-;53.7;12.6;-;-;-
GRC;186809;-;-;-;-;-;81.9;11.3;-;-;-
GRC;186810;-;-;-;-;-;152.7;4.4;-;-;-
GRC;186811;-;-;-;-;-;38.0;-2.0;-;-;-
GRC;186812;-;-;-;-;-;73.8;0.5;-;-;-
GRC;186901;-;-;-;-;-;0.0;-4.5;-;-;-
GRC;186902;-;-;-;-;-;8.8;1.5;-;-;-
GRC;186903;-;-;-;-;-;50.0;-4.6;-;-;-
GRC;186904;-;-;-;-;-;10.0;4.1;-;-;-
GRC;186905;-;-;-;-;-;40.4;8.9;-;-;-
GRC;186906;-;-;-;-;-;27.8;8.9;-;-;-
GRC;186907;-;-;-;-;-;49.3;15.5;-;-;-
GRC;186908;-;-;-;-;-;74.6;11.2;-;-;-
GRC;186909;-;-;-;-;-;19.9;10.7;-;-;-
GRC;186910;-;-;-;-;-;21.1;2.4;-;-;-
GRC;186911;-;-;-;-;-;42.0;0.5;-;-;-
GRC;186912;-;-;-;-;-;97.0;-4.2;-;-;-
GRC;187001;-;-;-;-;-;6.0;-5.5;-;-;-
GRC;187002;-;-;-;-;-;33.0;-3.0;-;-;-
GRC;187003;-;-;-;-;-;12.5;-2.3;-;-;-
GRC;187004;-;-;-;-;-;0.0;3.2;-;-;-
GRC;187005;-;-;-;-;-;27.9;9.4;-;-;-
GRC;187006;-;-;-;-;-;17.9;12.5;-;-;-
GRC;187007;-;-;-;-;-;38.4;15.3;-;-;-
GRC;187008;-;-;-;-;-;98.1;10.0;-;-;-
GRC;187009;-;-;-;-;-;37.1;8.8;-;-;-
GRC;187010;-;-;-;-;-;146.0;3.5;-;-;-
GRC;187011;-;-;-;-;-;30.6;-0.1;-;-;-
GRC;187012;-;-;-;-;-;32.7;-6.5;-;-;-
GRC;187101;-;-;-;-;-;0.0;-7.6;-;-;-
GRC;187102;-;-;-;-;-;0.0;-1.4;-;-;-
GRC;187103;-;-;-;-;-;15.0;0.3;-;-;-
GRC;187104;-;-;-;-;-;42.5;3.2;-;-;-
GRC;187105;-;-;-;-;-;5.0;7.7;-;-;-
GRC;187106;-;-;-;-;-;20.8;7.9;-;-;-
GRC;187107;-;-;-;-;-;61.2;13.9;-;-;-
GRC;187108;-;-;-;-;-;44.0;13.1;-;-;-
GRC;187109;-;-;-;-;-;15.9;11.5;-;-;-
GRC;187110;-;-;-;-;-;91.3;3.7;-;-;-
GRC;187111;-;-;-;-;-;49.4;-2.7;-;-;-
GRC;187112;-;-;-;-;-;0.0;-6.7;-;-;-
GRC;187201;-;-;-;-;-;5.7;-3.5;-;-;-
GRC;187202;-;-;-;-;-;9.0;-1.5;-;-;-
GRC;187203;-;-;-;-;-;0.0;0.1;-;-;-
GRC;187204;-;-;-;-;-;39.0;4.3;-;-;-
GRC;187205;-;-;-;-;-;86.2;6.0;-;-;-
GRC;187206;-;-;-;-;-;45.8;10.2;-;-;-
GRC;187207;-;-;-;-;-;71.0;14.2;-;-;-
GRC;187208;-;-;-;-;-;45.5;11.4;-;-;-
GRC;187209;-;-;-;-;-;3.8;10.7;-;-;-
GRC;187210;-;-;-;-;-;204.9;5.0;-;-;-
GRC;187211;-;-;-;-;-;21.9;0.8;-;-;-
GRC;187212;-;-;-;-;-;39.0;-1.4;-;-;-
GRC;187301;-;-;-;-;-;25.5;-2.0;-;-;-
GRC;187302;-;-;-;-;-;10.0;-4.1;-;-;-
GRC;187303;-;-;-;-;-;0.0;1.3;-;-;-
GRC;187304;-;-;-;-;-;31.3;1.7;-;-;-
GRC;187305;-;-;-;-;-;18.0;5.9;-;-;-
GRC;187306;-;-;-;-;-;17.5;10.9;-;-;-
GRC;187307;-;-;-;-;-;69.0;14.9;-;-;-
GRC;187308;-;-;-;-;-;27.3;14.1;-;-;-
GRC;187309;-;-;-;-;-;40.0;8.8;-;-;-
GRC;187310;-;-;-;-;-;86.2;5.7;-;-;-
GRC;187311;-;-;-;-;-;61.9;0.3;-;-;-
GRC;187312;-;-;-;-;-;0.0;-0.9;-;-;-
GRC;187401;-;-;-;-;-;0.0;-2.1;-;-;-
GRC;187402;-;-;-;-;-;0.0;-4.1;-;-;-
GRC;187403;-;-;-;-;-;0.0;-1.1;-;-;-
GRC;187404;-;-;-;-;-;53.2;4.7;-;-;-
GRC;187405;-;-;-;-;-;0.0;4.4;-;-;-
GRC;187406;-;-;-;-;-;81.8;11.9;-;-;-
GRC;187407;-;-;-;-;-;41.3;15.3;-;-;-
GRC;187408;-;-;-;-;-;34.7;11.3;-;-;-
GRC;187409;-;-;-;-;-;8.7;11.2;-;-;-
GRC;187410;-;-;-;-;-;61.5;6.3;-;-;-
GRC;187411;-;-;-;-;-;83.0;-1.9;-;-;-
GRC;187412;-;-;-;-;-;43.6;-7.2;-;-;-
GRC;187501;-;-;-;-;-;26.8;-1.4;-;-;-
GRC;187502;-;-;-;-;-;48.0;-6.4;-;-;-
GRC;187503;-;-;-;-;-;9.0;-1.6;-;-;-
GRC;187504;-;-;-;-;-;24.4;3.0;-;-;-
GRC;187505;-;-;-;-;-;23.0;10.3;-;-;-
GRC;187506;-;-;-;-;-;55.7;11.4;-;-;-
GRC;187507;-;-;-;-;-;102.8;11.5;-;-;-
GRC;187508;-;-;-;-;-;89.2;13.7;-;-;-
GRC;187509;-;-;-;-;-;41.1;11.4;-;-;-
GRC;187510;-;-;-;-;-;32.2;4.1;-;-;-
GRC;187511;-;-;-;-;-;52.2;-2.2;-;-;-
GRC;187512;-;-;-;-;-;0.0;-5.2;-;-;-
GRC;187601;-;-;-;-;-;37.4;-2.6;-;-;-
GRC;187602;-;-;-;-;-;41.5;-2.8;-;-;-
GRC;187603;-;-;-;-;-;65.2;-1.5;-;-;-
GRC;187604;-;-;-;-;-;116.8;2.9;-;-;-
GRC;187605;-;-;-;-;-;27.5;5.4;-;-;-
GRC;187606;-;-;-;-;-;88.1;11.0;-;-;-
GRC;187607;-;-;-;-;-;22.4;14.9;-;-;-
GRC;187608;-;-;-;-;-;32.6;13.6;-;-;-
GRC;187609;-;-;-;-;-;53.7;7.7;-;-;-
GRC;187610;-;-;-;-;-;30.7;7.7;-;-;-
GRC;187611;-;-;-;-;-;43.0;-1.2;-;-;-
GRC;187612;-;-;-;-;-;48.3;-0.5;-;-;-
GRC;187701;-;-;-;-;-;3.8;-2.5;-;-;-
GRC;187702;-;-;-;-;-;7.4;-3.0;-;-;-
GRC;187703;-;-;-;-;-;53.0;-2.6;-;-;-
GRC;187704;-;-;-;-;-;12.3;3.0;-;-;-
GRC;187705;-;-;-;-;-;8.1;5.5;-;-;-
GRC;187706;-;-;-;-;-;35.8;14.9;-;-;-
GRC;187707;-;-;-;-;-;71.7;12.4;-;-;-
GRC;187708;-;-;-;-;-;35.6;14.2;-;-;-
GRC;187709;-;-;-;-;-;21.9;7.9;-;-;-
GRC;187710;-;-;-;-;-;25.5;2.9;-;-;-
GRC;187711;-;-;-;-;-;59.2;1.6;-;-;-
GRC;187712;-;-;-;-;-;47.6;-4.1;-;-;-
GRC;187801;-;-;-;-;-;15.0;-6.0;-;-;-
GRC;187802;-;-;-;-;-;0.0;-1.0;-;-;-
GRC;187803;-;-;-;-;-;0.0;-2.4;-;-;-
GRC;187804;-;-;-;-;-;75.2;2.7;-;-;-
GRC;187805;-;-;-;-;-;73.2;8.3;-;-;-
GRC;187806;-;-;-;-;-;75.0;10.5;-;-;-
GRC;187807;-;-;-;-;-;36.3;13.0;-;-;-
GRC;187808;-;-;-;-;-;116.1;12.3;-;-;-
GRC;187809;-;-;-;-;-;68.0;9.3;-;-;-
GRC;187810;-;-;-;-;-;64.2;5.2;-;-;-
GRC;187811;-;-;-;-;-;33.8;-2.7;-;-;-
GRC;187812;-;-;-;-;-;36.3;-6.9;-;-;-
GRC;187901;-;-;-;-;-;29.7;-3.7;-;-;-
GRC;187902;-;-;-;-;-;32.1;-3.3;-;-;-
GRC;187903;-;-;-;-;-;8.2;0.2;-;-;-
GRC;187904;-;-;-;-;-;87.3;0.5;-;-;-
GRC;187905;-;-;-;-;-;125.7;3.7;-;-;-
GRC;187906;-;-;-;-;-;26.2;11.5;-;-;-
GRC;187907;-;-;-;-;-;58.0;10.2;-;-;-
GRC;187908;-;-;-;-;-;47.1;14.7;-;-;-
GRC;187909;-;-;-;-;-;103.0;9.5;-;-;-
GRC;187910;-;-;-;-;-;23.8;4.6;-;-;-
GRC;187911;-;-;-;-;-;12.9;-3.1;-;-;-
GRC;187912;-;-;-;-;-;17.5;-6.1;-;-;-
GRC;188001;-;-;-;-;-;7.5;-4.5;-;-;-
GRC;188002;-;-;-;-;-;26.0;-1.2;-;-;-
GRC;188003;-;-;-;-;-;3.7;3.0;-;-;-
GRC;188004;-;-;-;-;-;35.1;3.8;-;-;-
GRC;188005;-;-;-;-;-;17.0;6.9;-;-;-
GRC;188006;-;-;-;-;-;59.8;8.9;-;-;-
GRC;188007;-;-;-;-;-;55.2;14.4;-;-;-
GRC;188008;-;-;-;-;-;64.7;11.5;-;-;-
GRC;188009;-;-;-;-;-;47.4;9.7;-;-;-
GRC;188010;-;-;-;-;-;106.9;5.5;-;-;-
GRC;188011;-;-;-;-;-;15.3;0.8;-;-;-
GRC;188012;-;-;-;-;-;24.7;-0.4;-;-;-
GRC;188101;-;-;-;-;-;46.0;-6.6;-;-;-
GRC;188102;-;-;-;-;-;11.6;-1.9;-;-;-
GRC;188103;-;-;-;-;-;2.1;1.6;-;-;-
GRC;188104;-;-;-;-;-;27.7;3.2;-;-;-
GRC;188105;-;-;-;-;-;25.8;7.3;-;-;-
GRC;188106;-;-;-;-;-;8.3;10.7;-;-;-
GRC;188107;-;-;-;-;-;30.2;16.1;-;-;-
GRC;188108;-;-;-;-;-;75.5;13.8;-;-;-
GRC;188109;-;-;-;-;-;124.3;7.4;-;-;-
GRC;188110;-;-;-;-;-;48.5;1.3;-;-;-
GRC;188111;-;-;-;-;-;0.0;3.7;-;-;-
GRC;188112;-;-;-;-;-;36.0;-2.6;-;-;-
GRC;188201;-;-;-;-;-;6.2;-0.2;-;-;-
GRC;188202;-;-;-;-;-;3.5;-1.8;-;-;-
GRC;188203;-;-;-;-;-;19.6;1.7;-;-;-
GRC;188204;-;-;-;-;-;25.3;3.0;-;-;-
GRC;188205;-;-;-;-;-;26.9;8.0;-;-;-
GRC;188206;-;-;-;-;-;43.0;10.4;-;-;-
GRC;188207;-;-;-;-;-;68.0;11.7;-;-;-
GRC;188208;-;-;-;-;-;48.9;11.2;-;-;-
GRC;188209;-;-;-;-;-;196.3;6.8;-;-;-
GRC;188210;-;-;-;-;-;141.2;4.6;-;-;-
GRC;188211;-;-;-;-;-;58.6;-1.1;-;-;-
GRC;188212;-;-;-;-;-;57.3;-2.4;-;-;-
GRC;188301;-;-;-;-;-;56.7;-3.3;-;-;-
GRC;188302;-;-;-;-;-;0.0;-1.3;-;-;-
GRC;188303;-;-;-;-;-;5.2;-4.4;-;-;-
GRC;188304;-;-;-;-;-;4.0;2.1;-;-;-
GRC;188305;-;-;-;-;-;22.6;8.1;-;-;-
GRC;188306;-;-;-;-;-;37.5;10.1;-;-;-
GRC;188307;-;-;-;-;-;50.6;11.7;-;-;-
GRC;188308;-;-;-;-;-;11.8;12.9;-;-;-
GRC;188309;-;-;-;-;-;54.6;8.3;-;-;-
GRC;188310;-;-;-;-;-;29.3;4.1;-;-;-
GRC;188311;-;-;-;-;-;24.2;-0.5;-;-;-
GRC;188312;-;-;-;-;-;22.0;-3.8;-;-;-
GRC;188401;-;-;-;-;-;7.0;-1.6;-;-;-
GRC;188402;-;-;-;-;-;17.1;-1.1;-;-;-
GRC;188403;-;-;-;-;-;4.0;0.8;-;-;-
GRC;188404;-;-;-;-;-;82.5;3.1;-;-;-
GRC;188405;-;-;-;-;-;21.4;9.5;-;-;-
GRC;188406;-;-;-;-;-;34.5;8.2;-;-;-
GRC;188407;-;-;-;-;-;42.9;14.0;-;-;-
GRC;188408;-;-;-;-;-;26.4;13.7;-;-;-
GRC;188409;-;-;-;-;-;49.5;9.5;-;-;-
GRC;188410;-;-;-;-;-;0.9;2.7;-;-;-
GRC;188411;-;-;-;-;-;0.0;-1.9;-;-;-
GRC;188412;-;-;-;-;-;17.6;-2.7;-;-;-
GRC;188501;-;-;-;-;-;56.7;-5.4;-;-;-
GRC;188502;-;-;-;-;-;8.2;0.0;-;-;-
GRC;188503;-;-;-;-;-;15.5;-0.1;-;-;-
GRC;188504;-;-;-;-;-;88.2;3.2;-;-;-
GRC;188505;-;-;-;-;-;20.8;5.1;-;-;-
GRC;188506;-;-;-;-;-;26.9;13.2;-;-;-
GRC;188507;-;-;-;-;-;21.3;14.8;-;-;-
GRC;188508;-;-;-;-;-;23.0;13.0;-;-;-
GRC;188509;-;-;-;-;-;87.0;8.9;-;-;-
GRC;188510;-;-;-;-;-;103.1;1.8;-;-;-
GRC;188511;-;-;-;-;-;52.6;1.5;-;-;-
GRC;188512;-;-;-;-;-;0.0;-2.2;-;-;-
GRC;188601;-;-;-;-;-;8.4;-6.0;-;-;-
GRC;188602;-;-;-;-;-;35.5;-4.5;-;-;-
GRC;188603;-;-;-;-;-;13.4;-1.7;-;-;-
GRC;188604;-;-;-;-;-;21.0;4.1;-;-;-
GRC;188605;-;-;-;-;-;21.8;8.2;-;-;-
GRC;188606;-;-;-;-;-;21.3;9.3;-;-;-
GRC;188607;-;-;-;-;-;50.1;14.0;-;-;-
GRC;188608;-;-;-;-;-;14.6;12.4;-;-;-
GRC;188609;-;-;-;-;-;25.0;11.4;-;-;-
GRC;188610;-;-;-;-;-;65.4;6.0;-;-;-
GRC;188611;-;-;-;-;-;70.1;-0.1;-;-;-
GRC;188612;-;-;-;-;-;28.0;-5.2;-;-;-
GRC;188701;-;-;-;-;-;-;-4.3;-;-;-
GRC;188702;-;-;-;-;-;-;-4.0;-;-;-
GRC;188703;-;-;-;-;-;-;-1.5;-;-;-
GRC;188704;-;-;-;-;-;-;2.3;-;-;-
GRC;188705;-;-;-;-;-;-;5.0;-;-;-
GRC;188706;-;-;-;-;-;-;12.8;-;-;-
GRC;188707;-;-;-;-;-;-;15.4;-;-;-
GRC;188708;-;-;-;-;-;-;12.9;-;-;-
GRC;188709;-;-;-;-;-;-;8.8;-;-;-
GRC;188710;-;-;-;-;-;-;1.2;-;-;-
GRC;188711;-;-;-;-;-;-;-0.8;-;-;-
GRC;188712;-;-;-;-;-;-;-6.2;-;-;-
GRC;188801;-;-;-;-;-;-;-4.2;-;-;-
GRC;188802;-;-;-;-;-;-;-4.9;-;-;-
GRC;188803;-;-;-;-;-;-;-2.5;-;-;-
GRC;188804;-;-;-;-;-;-;1.4;-;-;-
GRC;188805;-;-;-;-;-;-;8.8;-;-;-
GRC;188806;-;-;-;-;-;-;11.3;-;-;-
GRC;188807;-;-;-;-;-;-;11.0;-;-;-
GRC;188808;-;-;-;-;-;-;11.8;-;-;-
GRC;188809;-;-;-;-;-;-;9.8;-;-;-
GRC;188810;-;-;-;-;-;-;3.0;-;-;-
GRC;188811;-;-;-;-;-;-;1.3;-;-;-
GRC;188812;-;-;-;-;-;-;-0.6;-;-;-
GRC;188901;-;-;-;-;-;-;-3.6;-;-;-
GRC;188902;-;-;-;-;-;-;-6.5;-;-;-
GRC;188903;-;-;-;-;-;-;-3.5;-;-;-
GRC;188904;-;-;-;-;-;-;1.6;-;-;-
GRC;188905;-;-;-;-;-;-;8.5;-;-;-
GRC;188906;-;-;-;-;-;-;11.7;-;-;-
GRC;188907;-;-;-;-;-;-;12.4;-;-;-
GRC;188908;-;-;-;-;-;-;11.7;-;-;-
GRC;188909;-;-;-;-;-;-;8.0;-;-;-
GRC;188910;-;-;-;-;-;-;4.1;-;-;-
GRC;188911;-;-;-;-;-;-;1.7;-;-;-
GRC;188912;-;-;-;-;-;-;-5.0;-;-;-
GRC;189001;-;-;-;-;-;-;-0.7;-;-;-
GRC;189002;-;-;-;-;-;-;-5.2;-;-;-
GRC;189003;-;-;-;-;-;-;-1.0;-;-;-
GRC;189004;-;-;-;-;-;-;2.2;-;-;-
GRC;189005;-;-;-;-;-;-;8.2;-;-;-
GRC;189006;-;-;-;-;-;-;10.5;-;-;-
GRC;189007;-;-;-;-;-;-;11.5;-;-;-
GRC;189008;-;-;-;-;-;-;12.0;-;-;-
GRC;189009;-;-;-;-;-;-;8.9;-;-;-
GRC;189010;-;-;-;-;-;-;3.7;-;-;-
GRC;189011;-;-;-;-;-;-;-0.6;-;-;-
GRC;189012;-;-;-;-;-;-;-5.5;-;-;-
GRC;189101;-;-;-;-;-;-;-7.7;-;-;-
GRC;189102;-;-;-;-;-;-;-2.3;-;-;-
GRC;189103;-;-;-;-;-;-;-2.0;-;-;-
GRC;189104;-;-;-;-;-;-;0.5;-;-;-
GRC;189105;-;-;-;-;-;102.5;6.8;-;-;-
GRC;189106;-;-;-;-;-;45.3;11.1;-;-;-
GRC;189107;-;-;-;-;-;61.1;12.2;-;-;-
GRC;189108;-;-;-;-;-;55.7;10.8;-;-;-
GRC;189109;-;-;-;-;-;56.7;9.8;-;-;-
GRC;189110;-;-;-;-;-;115.5;6.1;-;-;-
GRC;189111;-;-;-;-;-;28.2;0.1;-;-;-
GRC;189112;-;-;-;-;-;93.4;-1.3;-;-;-
GRC;189201;-;-;-;-;-;26.2;-3.9;-;-;-
GRC;189202;-;-;-;-;-;39.8;-3.2;-;-;-
GRC;189203;-;-;-;-;-;30.3;-3.0;-;-;-
GRC;189204;-;-;-;-;-;13.0;3.6;-;-;-
GRC;189205;-;-;-;-;-;12.2;8.0;-;-;-
GRC;189206;-;-;-;-;-;46.1;12.1;-;-;-
GRC;189207;-;-;-;-;-;44.6;12.9;-;-;-
GRC;189208;-;-;-;-;-;51.1;13.7;-;-;-
GRC;189209;-;-;-;-;-;44.0;10.3;-;-;-
GRC;189210;-;-;-;-;-;69.7;3.6;-;-;-
GRC;189211;-;-;-;-;-;8.8;2.1;-;-;-
GRC;189212;-;-;-;-;-;9.5;-4.3;-;-;-
GRC;189301;-;-;-;-;-;32.2;-7.4;-;-;-
GRC;189302;-;-;-;-;-;55.4;-2.9;-;-;-
GRC;189303;-;-;-;-;-;0.0;1.3;-;-;-
GRC;189304;-;-;-;-;-;0.6;7.4;-;-;-
GRC;189305;-;-;-;-;-;18.2;7.8;-;-;-
GRC;189306;-;-;-;-;-;42.2;11.6;-;-;-
GRC;189307;-;-;-;-;-;80.1;12.9;-;-;-
GRC;189308;-;-;-;-;-;34.8;14.1;-;-;-
GRC;189309;-;-;-;-;-;49.0;9.7;-;-;-
GRC;189310;-;-;-;-;-;33.1;6.6;-;-;-
GRC;189311;-;-;-;-;-;23.1;-0.1;-;-;-
GRC;189312;-;-;-;-;-;6.2;-2.4;-;-;-
GRC;189401;-;-;-;-;-;6.6;-3.9;-;-;-
GRC;189402;-;-;-;-;-;16.4;-2.0;-;-;-
GRC;189403;-;-;-;-;-;12.5;0.1;-;-;-
GRC;189404;-;-;-;-;-;33.1;5.1;-;-;-
GRC;189405;-;-;-;-;-;64.9;6.8;-;-;-
GRC;189406;-;-;-;-;-;12.5;11.3;-;-;-
GRC;189407;-;-;-;-;-;22.4;14.3;-;-;-
GRC;189408;-;-;-;-;-;40.0;12.8;-;-;-
GRC;189409;-;-;-;-;-;15.9;8.7;-;-;-
GRC;189410;-;-;-;-;-;46.4;4.5;-;-;-
GRC;189411;-;-;-;-;-;11.9;2.4;-;-;-
GRC;189412;-;-;-;-;-;17.4;-3.6;-;-;-
GRC;189501;-;-;-;-;-;32.6;-9.2;-;-;-
GRC;189502;-;-;-;-;-;16.5;-8.0;-;-;-
GRC;189503;-;-;-;-;-;61.8;-2.2;-;-;-
GRC;189504;-;-;-;-;-;29.7;4.3;-;-;-
GRC;189505;-;-;-;-;-;30.8;7.5;-;-;-
GRC;189506;-;-;-;-;-;81.5;11.1;-;-;-
GRC;189507;-;-;-;-;-;41.8;14.1;-;-;-
GRC;189508;-;-;-;-;-;28.9;12.6;-;-;-
GRC;189509;-;-;-;-;-;1.9;13.3;-;-;-
GRC;189510;-;-;-;-;-;63.8;3.9;-;-;-
GRC;189511;-;-;-;-;-;52.5;3.7;-;-;-
GRC;189512;-;-;-;-;-;77.9;-2.8;-;-;-
GRC;189601;-;-;-;-;-;8.7;-3.2;-;-;-
GRC;189602;-;-;-;-;-;17.5;-1.0;-;-;-
GRC;189603;-;-;-;-;-;59.9;1.0;-;-;-
GRC;189604;-;-;-;-;-;19.1;0.9;-;-;-
GRC;189605;-;-;-;-;-;51.8;6.3;-;-;-
GRC;189606;-;-;-;-;-;76.6;10.7;-;-;-
GRC;189607;-;-;-;-;-;55.7;14.1;-;-;-
GRC;189608;-;-;-;-;-;95.6;9.3;-;-;-
GRC;189609;-;-;-;-;-;138.4;8.2;-;-;-
GRC;189610;-;-;-;-;-;105.1;3.3;-;-;-
GRC;189611;-;-;-;-;-;71.5;-1.7;-;-;-
GRC;189612;-;-;-;-;-;81.4;-3.0;-;-;-
GRC;189701;-;-;-;-;-;23.0;-4.1;-;-;-
GRC;189702;-;-;-;-;-;75.6;0.0;-;-;-
GRC;189703;-;-;-;-;-;46.0;1.2;-;-;-
GRC;189704;-;-;-;-;-;60.1;3.1;-;-;-
GRC;189705;-;-;-;-;-;20.3;6.4;-;-;-
GRC;189706;-;-;-;-;-;48.3;12.9;-;-;-
GRC;189707;-;-;-;-;-;33.9;14.0;-;-;-
GRC;189708;-;-;-;-;-;74.1;12.8;-;-;-
GRC;189709;-;-;-;-;-;107.5;8.2;-;-;-
GRC;189710;-;-;-;-;-;5.3;4.8;-;-;-
GRC;189711;-;-;-;-;-;11.4;3.1;-;-;-
GRC;189712;-;-;-;-;-;48.3;-2.0;-;-;-
GRC;189801;-;-;-;-;-;7.5;0.6;-;-;-
GRC;189802;-;-;-;-;-;56.5;-3.6;-;-;-
GRC;189803;-;-;-;-;-;126.5;-1.0;-;-;-
GRC;189804;-;-;-;-;-;43.9;3.6;-;-;-
GRC;189805;-;-;-;-;-;73.7;6.4;-;-;-
GRC;189806;-;-;-;-;-;80.3;10.0;-;-;-
GRC;189807;-;-;-;-;-;58.3;12.7;-;-;-
GRC;189808;-;-;-;-;-;22.1;14.9;-;-;-
GRC;189809;-;-;-;-;-;24.0;12.1;-;-;-
GRC;189810;-;-;-;-;-;48.7;6.7;-;-;-
GRC;189811;-;-;-;-;-;46.2;3.1;-;-;-
GRC;189812;-;-;-;-;-;7.0;-1.5;-;-;-
GRC;189901;-;-;-;-;-;131.2;-1.5;-;-;-
GRC;189902;-;-;-;-;-;3.4;0.2;-;-;-
GRC;189903;-;-;-;-;-;0.0;0.5;-;-;-
GRC;189904;-;-;-;-;-;31.9;2.7;-;-;-
GRC;189905;-;-;-;-;-;44.5;7.0;-;-;-
GRC;189906;-;-;-;-;-;60.0;11.0;-;-;-
GRC;189907;-;-;-;-;-;20.0;13.0;-;-;-
GRC;189908;-;-;-;-;-;25.7;14.6;-;-;-
GRC;189909;-;-;-;-;-;32.0;9.1;-;-;-
GRC;189910;-;-;-;-;-;14.9;7.8;-;-;-
GRC;189911;-;-;-;-;-;1.6;2.7;-;-;-
GRC;189912;-;-;-;-;-;40.3;-4.1;-;-;-
GRC;190001;-;-;-;-;-;49.0;-4.7;-;-;-
GRC;190002;-;-;-;-;-;105.9;-2.1;-;-;-
GRC;190003;-;-;-;-;-;29.7;-4.5;-;-;-
GRC;190004;-;-;-;-;-;19.3;1.6;-;-;-
GRC;190005;-;-;-;-;-;61.1;7.2;-;-;-
GRC;190006;-;-;-;-;-;16.5;12.3;-;-;-
GRC;190007;-;-;-;-;-;52.2;14.9;-;-;-
GRC;190008;-;-;-;-;-;43.5;12.6;-;-;-
GRC;190009;-;-;-;-;-;17.4;12.2;-;-;-
GRC;190010;-;-;-;-;-;9.5;5.9;-;-;-
GRC;190011;-;-;-;-;-;129.5;0.0;-;-;-
GRC;190012;-;-;-;-;-;52.0;-0.3;-;-;-
GRC;190101;-;-;-;-;-;5.6;-3.9;-;-;-
GRC;190102;-;-;-;-;-;14.7;-9.3;-;-;-
GRC;190103;-;-;-;-;-;39.9;-3.5;-;-;-
GRC;190104;-;-;-;-;-;68.5;3.2;-;-;-
GRC;190105;-;-;-;-;-;17.9;7.5;-;-;-
GRC;190106;-;-;-;-;-;38.7;12.2;-;-;-
GRC;190107;-;-;-;-;-;42.7;13.9;-;-;-
GRC;190108;-;-;-;-;-;34.1;12.7;-;-;-
GRC;190109;-;-;-;-;-;78.2;9.5;-;-;-
GRC;190110;-;-;-;-;-;81.5;4.6;-;-;-
GRC;190111;-;-;-;-;-;5.0;-1.3;-;-;-
GRC;190112;-;-;-;-;-;48.5;-3.2;-;-;-
GRC;190201;-;-;-;-;-;59.0;-2.3;-;-;-
GRC;190202;-;-;-;-;-;29.1;-2.5;-;-;-
GRC;190203;-;-;-;-;-;49.5;-0.1;-;-;-
GRC;190204;-;-;-;-;-;15.5;5.2;-;-;-
GRC;190205;-;-;-;-;-;43.3;3.2;-;-;-
GRC;190206;-;-;-;-;-;28.5;10.1;-;-;-
GRC;190207;-;-;-;-;-;18.5;14.0;-;-;-
GRC;190208;-;-;-;-;-;52.3;11.9;-;-;-
GRC;190209;-;-;-;-;-;67.2;9.4;-;-;-
GRC;190210;-;-;-;-;-;46.0;3.8;-;-;-
GRC;190211;-;-;-;-;-;16.7;0.3;-;-;-
GRC;190212;-;-;-;-;-;30.7;-2.6;-;-;-
GRC;190301;-;-;-;-;-;31.4;-2.9;-;-;-
GRC;190302;-;-;-;-;-;9.5;-0.2;-;-;-
GRC;190303;-;-;-;-;-;32.8;0.0;-;-;-
GRC;190304;-;-;-;-;-;22.1;-0.4;-;-;-
GRC;190305;-;-;-;-;-;66.3;7.5;-;-;-
GRC;190306;-;-;-;-;-;42.3;10.4;-;-;-
GRC;190307;-;-;-;-;-;32.2;12.7;-;-;-
GRC;190308;-;-;-;-;-;24.6;13.1;-;-;-
GRC;190309;-;-;-;-;-;21.1;9.8;-;-;-
GRC;190310;-;-;-;-;-;121.8;5.6;-;-;-
GRC;190311;-;-;-;-;-;15.0;-0.1;-;-;-
GRC;190312;-;-;-;-;-;29.0;-3.5;-;-;-
GRC;190401;-;-;-;-;-;13.7;-3.4;-;-;-
GRC;190402;-;-;-;-;-;78.3;-4.1;-;-;-
GRC;190403;-;-;-;-;-;89.0;-0.6;-;-;-
GRC;190404;-;-;-;-;-;103.7;4.3;-;-;-
GRC;190405;-;-;-;-;-;44.3;9.2;-;-;-
GRC;190406;-;-;-;-;-;27.8;12.5;-;-;-
GRC;190407;-;-;-;-;-;16.8;16.1;-;-;-
GRC;190408;-;-;-;-;-;58.4;13.5;-;-;-
GRC;190409;-;-;-;-;-;48.1;7.8;-;-;-
GRC;190410;-;-;-;-;-;53.2;5.0;-;-;-
GRC;190411;-;-;-;-;-;10.0;-0.6;-;-;-
GRC;190412;-;-;-;-;-;13.1;-1.7;-;-;-
GRC;190501;-;-;-;-;-;45.8;-6.1;-;-;-
GRC;190502;-;-;-;-;-;30.2;-4.8;-;-;-
GRC;190503;-;-;-;-;-;57.3;-0.6;-;-;-
GRC;190504;-;-;-;-;-;33.8;3.1;-;-;-
GRC;190505;-;-;-;-;-;135.7;6.3;-;-;-
GRC;190506;-;-;-;-;-;58.5;11.5;-;-;-
GRC;190507;-;-;-;-;-;55.4;16.0;-;-;-
GRC;190508;-;-;-;-;-;90.4;12.5;-;-;-
GRC;190509;-;-;-;-;-;56.3;10.0;-;-;-
GRC;190510;-;-;-;-;-;20.8;-0.2;-;-;-
GRC;190511;-;-;-;-;-;82.5;-1.7;-;-;-
GRC;190512;-;-;-;-;-;0.0;-2.0;-;-;-
GRC;190601;-;-;-;-;-;25.9;-3.1;-;-;-
GRC;190602;-;-;-;-;-;27.2;-5.4;-;-;-
GRC;190603;-;-;-;-;-;27.9;-0.7;-;-;-
GRC;190604;-;-;-;-;-;15.6;2.3;-;-;-
GRC;190605;-;-;-;-;-;42.3;7.7;-;-;-
GRC;190606;-;-;-;-;-;9.7;11.8;-;-;-
GRC;190607;-;-;-;-;-;59.1;14.0;-;-;-
GRC;190608;-;-;-;-;-;19.9;15.0;-;-;-
GRC;190609;-;-;-;-;-;17.9;10.0;-;-;-
GRC;190610;-;-;-;-;-;78.9;7.5;-;-;-
GRC;190611;-;-;-;-;-;68.3;1.5;-;-;-
GRC;190612;-;-;-;-;-;30.4;-6.8;-;-;-
GRC;190701;-;-;-;-;-;21.0;-4.9;-;-;-
GRC;190702;-;-;-;-;-;23.1;-5.8;-;-;-
GRC;190703;-;-;-;-;-;31.1;-1.7;-;-;-
GRC;190704;-;-;-;-;-;22.8;1.3;-;-;-
GRC;190705;-;-;-;-;-;30.9;8.2;-;-;-
GRC;190706;-;-;-;-;-;57.2;11.6;-;-;-
GRC;190707;-;-;-;-;-;76.7;12.1;-;-;-
GRC;190708;-;-;-;-;-;49.9;14.1;-;-;-
GRC;190709;-;-;-;-;-;46.1;11.3;-;-;-
GRC;190710;-;-;-;-;-;167.8;5.9;-;-;-
GRC;190711;-;-;-;-;-;3.8;1.9;-;-;-
GRC;190712;-;-;-;-;-;49.0;-1.6;-;-;-
GRC;190801;-;-;-;-;-;6.3;-2.4;-;-;-
GRC;190802;-;-;-;-;-;26.2;-3.7;-;-;-
GRC;190803;-;-;-;-;-;17.7;-3.1;-;-;-
GRC;190804;-;-;-;-;-;17.5;0.8;-;-;-
GRC;190805;-;-;-;-;-;99.0;9.6;-;-;-
GRC;190806;-;-;-;-;-;46.6;12.6;-;-;-
GRC;190807;-;-;-;-;-;60.8;12.9;-;-;-
GRC;190808;-;-;-;-;-;29.5;12.4;-;-;-
GRC;190809;-;-;-;-;-;61.0;9.6;-;-;-
GRC;190810;-;-;-;-;-;29.0;7.5;-;-;-
GRC;190811;-;-;-;-;-;25.0;0.4;-;-;-
GRC;190812;-;-;-;-;-;17.5;-3.3;-;-;-
GRC;190901;-;-;-;-;-;17.8;-4.6;-;-;-
GRC;190902;-;-;-;-;-;34.2;-6.7;-;-;-
GRC;190903;-;-;-;-;-;26.2;-3.8;-;-;-
GRC;190904;-;-;-;-;-;13.7;5.3;-;-;-
GRC;190905;-;-;-;-;-;30.7;6.7;-;-;-
GRC;190906;-;-;-;-;-;69.5;9.1;-;-;-
GRC;190907;-;-;-;-;-;24.3;11.4;-;-;-
GRC;190908;-;-;-;-;-;68.5;12.8;-;-;-
GRC;190909;-;-;-;-;-;18.3;8.3;-;-;-
GRC;190910;-;-;-;-;-;42.5;6.0;-;-;-
GRC;190911;-;-;-;-;-;20.2;-2.0;-;-;-
GRC;190912;-;-;-;-;-;49.7;-2.1;-;-;-
GRC;191001;-;-;-;-;-;81.6;-3.4;-;-;-
GRC;191002;-;-;-;-;-;29.2;-4.1;-;-;-
GRC;191003;-;-;-;-;-;5.7;-0.8;-;-;-
GRC;191004;-;-;-;-;-;30.6;1.8;-;-;-
GRC;191005;-;-;-;-;-;47.1;5.6;-;-;-
GRC;191006;-;-;-;-;-;44.2;11.2;-;-;-
GRC;191007;-;-;-;-;-;62.8;10.9;-;-;-
GRC;191008;-;-;-;-;-;58.2;11.9;-;-;-
GRC;191009;-;-;-;-;-;28.3;7.6;-;-;-
GRC;191010;-;-;-;-;-;87.6;6.0;-;-;-
GRC;191011;-;-;-;-;-;65.5;-2.6;-;-;-
GRC;191012;-;-;-;-;-;28.3;-1.8;-;-;-
GRC;191101;-;-;-;-;-;18.0;-4.2;-;-;-
GRC;191102;-;-;-;-;-;33.9;-3.0;-;-;-
GRC;191103;-;-;-;-;-;63.0;-1.5;-;-;-
GRC;191104;-;-;-;-;-;12.8;1.7;-;-;-
GRC;191105;-;-;-;-;-;31.7;7.4;-;-;-
GRC;191106;-;-;-;-;-;0.0;11.0;-;-;-
GRC;191107;-;-;-;-;-;0.0;15.8;-;-;-
GRC;191108;-;-;-;-;-;0.0;15.6;-;-;-
GRC;191109;-;-;-;-;-;58.8;11.7;-;-;-
GRC;191110;-;-;-;-;-;39.7;5.6;-;-;-
GRC;191111;-;-;-;-;-;85.2;1.5;-;-;-
GRC;191112;-;-;-;-;-;40.1;-1.2;-;-;-
GRC;191201;-;-;-;-;-;37.4;-2.7;-;-;-
GRC;191202;-;-;-;-;-;16.7;-0.8;-;-;-
GRC;191203;-;-;-;-;-;36.2;0.7;-;-;-
GRC;191204;-;-;-;-;-;4.2;2.0;-;-;-
GRC;191205;-;-;-;-;-;32.2;9.0;-;-;-
GRC;191206;-;-;-;-;-;55.3;11.3;-;-;-
GRC;191207;-;-;-;-;-;60.4;13.0;-;-;-
GRC;191208;-;-;-;-;-;90.4;10.0;-;-;-
GRC;191209;-;-;-;-;-;17.9;5.2;-;-;-
GRC;191210;-;-;-;-;-;63.8;4.3;-;-;-
GRC;191211;-;-;-;-;-;17.9;-2.7;-;-;-
GRC;191212;-;-;-;-;-;23.9;-0.3;-;-;-
GRC;191301;-;-;-;-;-;33.9;-2.0;-;-;-
GRC;191302;-;-;-;-;-;5.5;-2.8;-;-;-
GRC;191303;-;-;-;-;-;43.5;1.7;-;-;-
GRC;191304;-;-;-;-;-;57.3;2.2;-;-;-
GRC;191305;-;-;-;-;-;60.6;7.7;-;-;-
GRC;191306;-;-;-;-;-;33.7;12.0;-;-;-
GRC;191307;-;-;-;-;-;21.3;10.9;-;-;-
GRC;191308;-;-;-;-;-;17.4;12.8;-;-;-
GRC;191309;-;-;-;-;-;36.1;9.7;-;-;-
GRC;191310;-;-;-;-;-;61.9;7.2;-;-;-
GRC;191311;-;-;-;-;-;22.7;2.2;-;-;-
GRC;191312;-;-;-;-;-;22.0;-3.0;-;-;-
GRC;191401;-;-;-;-;-;22.6;-5.1;-;-;-
GRC;191402;-;-;-;-;-;34.6;0.3;-;-;-
GRC;191403;-;-;-;-;-;48.8;-0.7;-;-;-
GRC;191404;-;-;-;-;-;28.5;5.7;-;-;-
GRC;191405;-;-;-;-;-;128.5;6.4;-;-;-
GRC;191406;-;-;-;-;-;35.6;10.2;-;-;-
GRC;191407;-;-;-;-;-;111.1;12.1;-;-;-
GRC;191408;-;-;-;-;-;120.7;13.2;-;-;-
GRC;191409;-;-;-;-;-;61.0;9.4;-;-;-
GRC;191410;-;-;-;-;-;178.5;4.8;-;-;-
GRC;191411;-;-;-;-;-;5.4;-0.5;-;-;-
GRC;191412;-;-;-;-;-;32.6;-2.0;-;-;-
GRC;191501;-;-;-;-;-;54.8;-5.6;-;-;-
GRC;191502;-;-;-;-;-;14.1;-4.0;-;-;-
GRC;191503;-;-;-;-;-;8.6;-0.7;-;-;-
GRC;191504;-;-;-;-;-;48.9;1.8;-;-;-
GRC;191505;-;-;-;-;-;37.9;10.6;-;-;-
GRC;191506;-;-;-;-;-;37.5;13.4;-;-;-
GRC;191507;-;-;-;-;-;68.1;13.3;-;-;-
GRC;191508;-;-;-;-;-;31.9;12.6;-;-;-
GRC;191509;-;-;-;-;-;116.0;8.7;-;-;-
GRC;191510;-;-;-;-;-;9.3;3.1;-;-;-
GRC;191511;-;-;-;-;-;16.3;-1.6;-;-;-
GRC;191512;-;-;-;-;-;35.8;0.5;-;-;-
GRC;191601;-;-;-;-;-;17.0;-0.6;-;-;-
GRC;191602;-;-;-;-;-;51.2;-2.6;-;-;-
GRC;191603;-;-;-;-;-;98.8;0.1;-;-;-
GRC;191604;-;-;-;-;-;27.2;3.3;-;-;-
GRC;191605;-;-;-;-;-;92.5;8.5;-;-;-
GRC;191606;-;-;-;-;-;52.3;9.4;-;-;-
GRC;191607;-;-;-;-;-;26.8;12.8;-;-;-
GRC;191608;-;-;-;-;-;28.9;12.9;-;-;-
GRC;191609;-;-;-;-;-;51.8;8.4;-;-;-
GRC;191610;-;-;-;-;-;42.1;5.4;-;-;-
GRC;191611;-;-;-;-;-;56.0;0.5;-;-;-
GRC;191612;-;-;-;-;-;153.0;-2.2;-;-;-
GRC;191701;-;-;-;-;-;10.0;-6.5;-;-;-
GRC;191702;-;-;-;-;-;0.0;-3.9;-;-;-
GRC;191703;-;-;-;-;-;26.0;-2.8;-;-;-
GRC;191704;-;-;-;-;-;22.3;-0.3;-;-;-
GRC;191705;-;-;-;-;-;87.0;10.4;-;-;-
GRC;191706;-;-;-;-;-;53.1;13.1;-;-;-
GRC;191707;-;-;-;-;-;135.6;13.4;-;-;-
GRC;191708;-;-;-;-;-;50.1;12.2;-;-;-
GRC;191709;-;-;-;-;-;15.6;12.5;-;-;-
GRC;191710;-;-;-;-;-;105.9;2.3;-;-;-
GRC;191711;-;-;-;-;-;20.6;-0.4;-;-;-
GRC;191712;-;-;-;-;-;31.3;-5.2;-;-;-
GRC;191801;-;-;-;-;-;16.3;-2.1;-;-;-
GRC;191802;-;-;-;-;-;1.5;-1.3;-;-;-
GRC;191803;-;-;-;-;-;95.0;-0.7;-;-;-
GRC;191804;-;-;-;-;-;31.3;2.5;-;-;-
GRC;191805;-;-;-;-;-;15.3;9.1;-;-;-
GRC;191806;-;-;-;-;-;92.5;9.6;-;-;-
GRC;191807;-;-;-;-;-;11.6;13.8;-;-;-
GRC;191808;-;-;-;-;-;34.6;13.1;-;-;-
GRC;191809;-;-;-;-;-;76.4;11.0;-;-;-
GRC;191810;-;-;-;-;-;92.1;3.5;-;-;-
GRC;191811;-;-;-;-;-;0.0;1.0;-;-;-
GRC;191812;-;-;-;-;-;0.0;-1.0;-;-;-
GRC;191901;-;-;-;-;-;61.7;-4.7;-;-;-
GRC;191902;-;-;-;-;-;41.3;-3.5;-;-;-
GRC;191903;-;-;-;-;-;60.7;-0.3;-;-;-
GRC;191904;-;-;-;-;-;20.9;1.3;-;-;-
GRC;191905;-;-;-;-;-;20.7;7.9;-;-;-
GRC;191906;-;-;-;-;-;38.3;11.5;-;-;-
GRC;191907;-;-;-;-;-;37.3;9.8;-;-;-
GRC;191908;-;-;-;-;-;9.4;14.9;-;-;-
GRC;191909;-;-;-;-;-;33.9;11.2;-;-;-
GRC;191910;-;-;-;-;-;43.2;1.2;-;-;-
GRC;191911;-;-;-;-;-;76.6;-2.8;-;-;-
GRC;191912;-;-;-;-;-;131.8;-2.6;-;-;-
GRC;192001;-;-;-;-;-;164.4;-1.1;-;-;-
GRC;192002;-;-;-;-;-;2.3;-0.2;-;-;-
GRC;192003;-;-;-;-;-;125.0;2.1;-;-;-
GRC;192004;-;-;-;-;-;48.9;3.2;-;-;-
GRC;192005;-;-;-;-;-;41.1;10.7;-;-;-
GRC;192006;-;-;-;-;-;58.4;10.6;-;-;-
GRC;192007;-;-;-;-;-;33.7;12.7;-;-;-
GRC;192008;-;-;-;-;-;35.8;10.9;-;-;-
GRC;192009;-;-;-;-;-;153.0;10.0;-;-;-
GRC;192010;-;-;-;-;-;31.5;6.7;-;-;-
GRC;192011;-;-;-;-;-;5.6;2.3;-;-;-
GRC;192012;-;-;-;-;-;48.6;-1.8;-;-;-
GRC;192101;-;-;-;-;-;20.5;-0.5;-;-;-
GRC;192102;-;-;-;-;-;30.9;-1.9;-;-;-
GRC;192103;-;-;-;-;-;8.4;1.8;-;-;-
GRC;192104;-;-;-;-;-;40.0;2.5;-;-;-
GRC;192105;-;-;-;-;-;9.2;9.7;-;-;-
GRC;192106;-;-;-;-;-;41.6;12.9;-;-;-
GRC;192107;-;-;-;-;-;34.9;16.5;-;-;-
GRC;192108;-;-;-;-;-;54.6;13.9;-;-;-
GRC;192109;-;-;-;-;-;19.0;13.7;-;-;-
GRC;192110;-;-;-;-;-;4.2;10.3;-;-;-
GRC;192111;-;-;-;-;-;21.8;0.7;-;-;-
GRC;192112;-;-;-;-;-;5.3;-2.1;-;-;-
GRC;192201;-;-;-;-;-;90.0;-4.5;-;-;-
GRC;192202;-;-;-;-;-;22.6;-1.6;-;-;-
GRC;192203;-;-;-;-;-;39.9;1.3;-;-;-
GRC;192204;-;-;-;-;-;123.6;1.7;-;-;-
GRC;192205;-;-;-;-;-;17.4;10.7;-;-;-
GRC;192206;-;-;-;-;-;24.2;12.7;-;-;-
GRC;192207;-;-;-;-;-;56.2;12.6;-;-;-
GRC;192208;-;-;-;-;-;100.9;13.7;-;-;-
GRC;192209;-;-;-;-;-;68.3;7.7;-;-;-
GRC;192210;-;-;-;-;-;45.1;4.6;-;-;-
GRC;192211;-;-;-;-;-;73.1;-0.4;-;-;-
GRC;192212;-;-;-;-;-;120.0;-3.3;-;-;-
GRC;192301;-;-;-;-;-;7.4;-5.3;-;-;-
GRC;192302;-;-;-;-;-;29.8;-0.9;-;-;-
GRC;192303;-;-;-;-;-;7.6;0.8;-;-;-
GRC;192304;-;-;-;-;-;33.5;3.8;-;-;-
GRC;192305;-;-;-;-;-;83.7;8.4;-;-;-
GRC;192306;-;-;-;-;-;23.5;9.0;-;-;-
GRC;192307;-;-;-;-;-;30.0;16.4;-;-;-
GRC;192308;-;-;-;-;-;37.8;15.4;-;-;-
GRC;192309;-;-;-;-;-;10.4;10.1;-;-;-
GRC;192310;-;-;-;-;-;52.2;7.4;-;-;-
GRC;192311;-;-;-;-;-;36.3;0.7;-;-;-
GRC;192312;-;-;-;-;-;30.3;-3.9;-;-;-
GRC;192401;-;-;-;-;-;0.0;-3.1;-;-;-
GRC;192402;-;-;-;-;-;3.4;-4.5;-;-;-
GRC;192403;-;-;-;-;-;0.1;0.9;-;-;-
GRC;192404;-;-;-;-;-;33.8;4.1;-;-;-
GRC;192405;-;-;-;-;-;49.9;9.6;-;-;-
GRC;192406;-;-;-;-;-;35.9;12.1;-;-;-
GRC;192407;-;-;-;-;-;18.1;14.4;-;-;-
GRC;192408;-;-;-;-;-;40.9;11.1;-;-;-
GRC;192409;-;-;-;-;-;56.1;10.5;-;-;-
GRC;192410;-;-;-;-;-;97.3;6.1;-;-;-
GRC;192411;-;-;-;-;-;13.2;2.8;-;-;-
GRC;192412;-;-;-;-;-;33.8;-0.6;-;-;-
GRC;192501;-;-;-;-;-;4.7;0.6;-;-;-
GRC;192502;-;-;-;-;-;31.0;-0.2;-;-;-
GRC;192503;-;-;-;-;-;26.8;-2.8;-;-;-
GRC;192504;-;-;-;-;-;3.4;2.5;-;-;-
GRC;192505;-;-;-;-;-;34.0;8.2;-;-;-
GRC;192506;-;-;-;-;-;24.3;13.2;-;-;-
GRC;192507;-;-;-;-;-;76.3;13.0;-;-;-
GRC;192508;-;-;-;-;-;45.4;13.0;-;-;-
GRC;192509;-;-;-;-;-;40.2;7.9;-;-;-
GRC;192510;-;-;-;-;-;1.5;6.7;-;-;-
GRC;192511;-;-;-;-;-;3.2;0.3;-;-;-
GRC;192512;-;-;-;-;-;5.7;-2.9;-;-;-
GRC;192601;-;-;-;-;-;32.0;-3.3;-;-;-
GRC;192602;-;-;-;-;-;17.0;0.7;-;-;-
GRC;192603;-;-;-;-;-;6.6;1.4;-;-;-
GRC;192604;-;-;-;-;-;1.4;3.9;-;-;-
GRC;192605;-;-;-;-;-;120.1;6.2;-;-;-
GRC;192606;-;-;-;-;-;5.8;9.4;-;-;-
GRC;192607;-;-;-;-;-;85.6;13.2;-;-;-
GRC;192608;-;-;-;-;-;47.5;14.3;-;-;-
GRC;192609;-;-;-;-;-;15.5;12.3;-;-;-
GRC;192610;-;-;-;-;-;37.9;6.1;-;-;-
GRC;192611;-;-;-;-;-;69.3;2.6;-;-;-
GRC;192612;-;-;-;-;-;4.8;-2.8;-;-;-
GRC;192701;-;-;-;-;-;79.4;-3.1;-;-;-
GRC;192702;-;-;-;-;-;6.2;-2.3;-;-;-
GRC;192703;-;-;-;-;-;49.0;-0.2;-;-;-
GRC;192704;-;-;-;-;-;32.0;3.9;-;-;-
GRC;192705;-;-;-;-;-;33.9;9.5;-;-;-
GRC;192706;-;-;-;-;-;82.8;11.9;-;-;-
GRC;192707;-;-;-;-;-;69.5;13.6;-;-;-
GRC;192708;-;-;-;-;-;85.8;12.8;-;-;-
GRC;192709;-;-;-;-;-;46.6;10.1;-;-;-
GRC;192710;-;-;-;-;-;0.2;6.7;-;-;-
GRC;192711;-;-;-;-;-;35.6;2.6;-;-;-
GRC;192712;-;-;-;-;-;16.4;-2.0;-;-;-
GRC;192801;-;-;-;-;-;10.4;-2.5;-;-;-
GRC;192802;-;-;-;-;-;66.8;-1.5;-;-;-
GRC;192803;-;-;-;-;-;36.6;0.5;-;-;-
GRC;192804;-;-;-;-;-;154.5;3.8;-;-;-
GRC;192805;-;-;-;-;-;29.2;6.4;-;-;-
GRC;192806;-;-;-;-;-;25.6;12.5;-;-;-
GRC;192807;-;-;-;-;-;15.5;17.6;-;-;-
GRC;192808;-;-;-;-;-;35.2;15.5;-;-;-
GRC;192809;-;-;-;-;-;46.8;10.4;-;-;-
GRC;192810;-;-;-;-;-;225.8;5.2;-;-;-
GRC;192811;-;-;-;-;-;41.7;0.9;-;-;-
GRC;192812;-;-;-;-;-;0.0;-4.1;-;-;-
GRC;192901;-;-;-;-;-;0.0;-6.5;-;-;-
GRC;192902;-;-;-;-;-;0.0;-6.4;-;-;-
GRC;192903;-;-;-;-;-;0.0;1.3;-;-;-
GRC;192904;-;-;-;-;-;0.0;1.6;-;-;-
GRC;192905;-;-;-;-;-;5.8;8.4;-;-;-
GRC;192906;-;-;-;-;-;84.2;12.4;-;-;-
GRC;192907;-;-;-;-;-;30.6;15.3;-;-;-
GRC;192908;-;-;-;-;-;80.7;14.1;-;-;-
GRC;192909;-;-;-;-;-;10.0;13.8;-;-;-
GRC;192910;-;-;-;-;-;41.9;5.9;-;-;-
GRC;192911;-;-;-;-;-;9.0;0.9;-;-;-
GRC;192912;-;-;-;-;-;31.0;-1.7;-;-;-
GRC;193001;-;-;-;-;-;0.0;-0.6;-;-;-
GRC;193002;-;-;-;-;-;0.0;-3.9;-;-;-
GRC;193003;-;-;-;-;-;4.0;0.6;-;-;-
GRC;193004;-;-;-;-;-;107.5;3.3;-;-;-
GRC;193005;-;-;-;-;-;70.8;6.1;-;-;-
GRC;193006;-;-;-;-;-;18.7;14.2;-;-;-
GRC;193007;-;-;-;-;-;71.4;12.5;-;-;-
GRC;193008;-;-;-;-;-;51.1;13.7;-;-;-
GRC;193009;-;-;-;-;-;72.3;10.4;-;-;-
GRC;193010;-;-;-;-;-;81.6;5.1;-;-;-
GRC;193011;-;-;-;-;-;127.5;2.1;-;-;-
GRC;193012;-;-;-;-;-;0.0;-1.8;-;-;-
GRC;193101;-;-;-;-;-;8.0;-5.6;-;-;-
GRC;193102;-;-;-;-;-;77.0;-6.2;-;-;-
GRC;193103;-;-;-;-;-;49.3;-0.4;-;-;-
GRC;193104;-;-;-;-;-;25.2;1.8;-;-;-
GRC;193105;-;-;-;-;-;38.4;9.4;-;-;-
GRC;193106;-;-;-;-;-;21.6;14.5;-;-;-
GRC;193107;-;-;-;-;-;64.1;13.3;-;-;-
GRC;193108;-;-;-;-;-;102.6;11.4;-;-;-
GRC;193109;-;-;-;-;-;43.2;5.8;-;-;-
GRC;193110;-;-;-;-;-;21.6;5.5;-;-;-
GRC;193111;-;-;-;-;-;17.8;1.9;-;-;-
GRC;193112;-;-;-;-;-;31.0;-3.7;-;-;-
GRC;193201;-;-;-;-;-;7.1;-0.9;-;-;-
GRC;193202;-;-;-;-;-;3.0;-6.1;-;-;-
GRC;193203;-;-;-;-;-;70.6;-1.6;-;-;-
GRC;193204;-;-;-;-;-;32.2;0.7;-;-;-
GRC;193205;-;-;-;-;-;95.0;6.4;-;-;-
GRC;193206;-;-;-;-;-;50.9;10.2;-;-;-
GRC;193207;-;-;-;-;-;95.9;12.5;-;-;-
GRC;193208;-;-;-;-;-;46.6;16.8;-;-;-
GRC;193209;-;-;-;-;-;22.5;12.5;-;-;-
GRC;193210;-;-;-;-;-;52.2;4.0;-;-;-
GRC;193211;-;-;-;-;-;0.0;1.0;-;-;-
GRC;193212;-;-;-;-;-;12.1;0.9;-;-;-
GRC;193301;-;-;-;-;-;10.2;-5.7;-;-;-
GRC;193302;-;-;-;-;-;50.6;-2.8;-;-;-
GRC;193303;-;-;-;-;-;26.8;0.9;-;-;-
GRC;193304;-;-;-;-;-;16.0;5.4;-;-;-
GRC;193305;-;-;-;-;-;31.4;6.7;-;-;-
GRC;193306;-;-;-;-;-;90.9;8.3;-;-;-
GRC;193307;-;-;-;-;-;36.3;15.4;-;-;-
GRC;193308;-;-;-;-;-;16.4;15.7;-;-;-
GRC;193309;-;-;-;-;-;94.2;10.9;-;-;-
GRC;193310;-;-;-;-;-;28.5;4.7;-;-;-
GRC;193311;-;-;-;-;-;51.5;-1.6;-;-;-
GRC;193312;-;-;-;-;-;25.9;-5.2;-;-;-
GRC;193401;-;-;-;-;-;37.9;-3.7;-;-;-
GRC;193402;-;-;-;-;-;8.0;-1.5;-;-;-
GRC;193403;-;-;-;-;-;104.8;-0.8;-;-;-
GRC;193404;-;-;-;-;-;44.6;5.2;-;-;-
GRC;193405;-;-;-;-;-;77.0;9.7;-;-;-
GRC;193406;-;-;-;-;-;125.3;10.9;-;-;-
GRC;193407;-;-;-;-;-;49.7;15.3;-;-;-
GRC;193408;-;-;-;-;-;58.4;12.5;-;-;-
GRC;193409;-;-;-;-;-;25.4;11.4;-;-;-
GRC;193410;-;-;-;-;-;22.2;5.1;-;-;-
GRC;193411;-;-;-;-;-;135.0;-0.1;-;-;-
GRC;193412;-;-;-;-;-;45.5;-0.4;-;-;-
GRC;193501;-;-;-;-;-;15.5;-7.5;-;-;-
GRC;193502;-;-;-;-;-;60.1;-2.9;-;-;-
GRC;193503;-;-;-;-;-;10.0;-1.3;-;-;-
GRC;193504;-;-;-;-;-;60.6;1.7;-;-;-
GRC;193505;-;-;-;-;-;59.0;5.7;-;-;-
GRC;193506;-;-;-;-;-;40.3;13.2;-;-;-
GRC;193507;-;-;-;-;-;29.9;15.5;-;-;-
GRC;193508;-;-;-;-;-;92.3;12.4;-;-;-
GRC;193509;-;-;-;-;-;45.9;11.0;-;-;-
GRC;193510;-;-;-;-;-;102.2;4.6;-;-;-
GRC;193511;-;-;-;-;-;54.9;0.9;-;-;-
GRC;193512;-;-;-;-;-;121.3;-4.7;-;-;-
GRC;193601;-;-;-;-;-;67.3;-1.3;-;-;-
GRC;193602;-;-;-;-;-;36.4;-3.5;-;-;-
GRC;193603;-;-;-;-;-;90.2;0.3;-;-;-
GRC;193604;-;-;-;-;-;87.9;2.6;-;-;-
GRC;193605;-;-;-;-;-;51.3;7.6;-;-;-
GRC;193606;-;-;-;-;-;28.1;10.3;-;-;-
GRC;193607;-;-;-;-;-;68.1;12.5;-;-;-
GRC;193608;-;-;-;-;-;19.8;13.5;-;-;-
GRC;193609;-;-;-;-;-;131.7;9.4;-;-;-
GRC;193610;-;-;-;-;-;15.8;1.1;-;-;-
GRC;193611;-;-;-;-;-;20.2;0.2;-;-;-
GRC;193612;-;-;-;-;-;31.9;-2.1;-;-;-
GRC;193701;-;-;-;-;-;27.4;-1.5;-;-;-
GRC;193702;-;-;-;-;-;98.1;-1.3;-;-;-
GRC;193703;-;-;-;-;-;64.0;-1.7;-;-;-
GRC;193704;-;-;-;-;-;24.8;2.2;-;-;-
GRC;193705;-;-;-;-;-;70.7;8.3;-;-;-
GRC;193706;-;-;-;-;-;61.4;12.3;-;-;-
GRC;193707;-;-;-;-;-;30.4;15.9;-;-;-
GRC;193708;-;-;-;-;-;47.6;14.7;-;-;-
GRC;193709;-;-;-;-;-;32.7;8.7;-;-;-
GRC;193710;-;-;-;-;-;44.3;5.9;-;-;-
GRC;193711;-;-;-;-;-;29.6;-0.3;-;-;-
GRC;193712;-;-;-;-;-;15.8;-6.2;-;-;-
GRC;193801;-;-;-;-;-;7.8;-4.5;-;-;-
GRC;193802;-;-;-;-;-;16.6;-3.3;-;-;-
GRC;193803;-;-;-;-;-;4.8;2.5;-;-;-
GRC;193804;-;-;-;-;-;0.0;1.1;-;-;-
GRC;193805;-;-;-;-;-;63.4;5.4;-;-;-
GRC;193806;-;-;-;-;-;85.9;12.7;-;-;-
GRC;193807;-;-;-;-;-;77.7;13.0;-;-;-
GRC;193808;-;-;-;-;-;67.8;12.3;-;-;-
GRC;193809;-;-;-;-;-;66.7;9.8;-;-;-
GRC;193810;-;-;-;-;-;41.0;6.2;-;-;-
GRC;193811;-;-;-;-;-;27.4;3.0;-;-;-
GRC;193812;-;-;-;-;-;19.4;-4.2;-;-;-
GRC;193901;-;-;-;-;-;17.3;-2.9;-;-;-
GRC;193902;-;-;-;-;-;5.2;-0.9;-;-;-
GRC;193903;-;-;-;-;-;37.7;-3.9;-;-;-
GRC;193904;-;-;-;-;-;80.0;4.5;-;-;-
GRC;193905;-;-;-;-;-;75.6;4.4;-;-;-
GRC;193906;-;-;-;-;-;41.8;12.0;-;-;-
GRC;193907;-;-;-;-;-;37.8;13.1;-;-;-
GRC;193908;-;-;-;-;-;86.4;12.7;-;-;-
GRC;193909;-;-;-;-;-;32.4;9.5;-;-;-
GRC;193910;-;-;-;-;-;52.7;3.7;-;-;-
GRC;193911;-;-;-;-;-;66.4;2.0;-;-;-
GRC;193912;-;-;-;-;-;9.1;-3.9;-;-;-
GRC;194001;-;-;-;-;-;28.1;-5.1;-;-;-
GRC;194002;-;-;-;-;-;42.9;-1.9;-;-;-
GRC;194003;-;-;-;-;-;45.1;-0.4;-;-;-
GRC;194004;-;-;-;-;-;32.3;3.0;-;-;-
GRC;194005;-;-;-;-;-;84.3;7.4;-;-;-
GRC;194006;-;-;-;-;-;102.6;10.3;-;-;-
GRC;194007;-;-;-;-;-;90.4;12.2;-;-;-
GRC;194008;-;-;-;-;-;29.5;12.1;-;-;-
GRC;194009;-;-;-;-;-;62.6;10.4;-;-;-
GRC;194010;-;-;-;-;-;85.6;4.8;-;-;-
GRC;194011;-;-;-;-;-;35.8;0.4;-;-;-
GRC;194012;-;-;-;-;-;55.4;-7.8;-;-;-
GRC;194101;-;-;-;-;-;25.8;-5.7;-;-;-
GRC;194102;-;-;-;-;-;24.3;-3.7;-;-;-
GRC;194103;-;-;-;-;-;11.8;0.3;-;-;-
GRC;194104;-;-;-;-;-;74.7;1.9;-;-;-
GRC;194105;-;-;-;-;-;84.4;4.0;-;-;-
GRC;194106;-;-;-;-;-;75.5;11.7;-;-;-
GRC;194107;-;-;-;-;-;43.7;15.4;-;-;-
GRC;194108;-;-;-;-;-;58.0;11.9;-;-;-
GRC;194109;-;-;-;-;-;21.2;9.8;-;-;-
GRC;194110;-;-;-;-;-;48.1;3.7;-;-;-
GRC;194111;-;-;-;-;-;106.3;-1.1;-;-;-
GRC;194112;-;-;-;-;-;0.2;-3.9;-;-;-
GRC;194201;-;-;-;-;-;43.6;-8.3;-;-;-
GRC;194202;-;-;-;-;-;6.0;-6.8;-;-;-
GRC;194203;-;-;-;-;-;1.2;2.2;-;-;-
GRC;194204;-;-;-;-;-;31.5;4.4;-;-;-
GRC;194205;-;-;-;-;-;10.4;7.7;-;-;-
GRC;194206;-;-;-;-;-;24.7;12.6;-;-;-
GRC;194207;-;-;-;-;-;61.2;13.8;-;-;-
GRC;194208;-;-;-;-;-;70.6;13.4;-;-;-
GRC;194209;-;-;-;-;-;84.9;11.7;-;-;-
GRC;194210;-;-;-;-;-;70.4;7.5;-;-;-
GRC;194211;-;-;-;-;-;0.0;-0.6;-;-;-
GRC;194212;-;-;-;-;-;6.1;-2.3;-;-;-
GRC;194301;-;-;-;-;-;51.1;-3.7;-;-;-
GRC;194302;-;-;-;-;-;2.0;-1.7;-;-;-
GRC;194303;-;-;-;-;-;24.1;1.9;-;-;-
GRC;194304;-;-;-;-;-;16.1;5.0;-;-;-
GRC;194305;-;-;-;-;-;21.7;9.9;-;-;-
GRC;194306;-;-;-;-;-;59.9;10.7;-;-;-
GRC;194307;-;-;-;-;-;26.3;13.7;-;-;-
GRC;194308;-;-;-;-;-;47.2;15.4;-;-;-
GRC;194309;-;-;-;-;-;49.6;11.0;-;-;-
GRC;194310;-;-;-;-;-;2.2;7.7;-;-;-
GRC;194311;-;-;-;-;-;52.0;-2.0;-;-;-
GRC;194312;-;-;-;-;-;10.7;-2.0;-;-;-
GRC;194401;-;-;-;-;-;21.6;-2.7;-;-;-
GRC;194402;-;-;-;-;-;37.1;-6.5;-;-;-
GRC;194403;-;-;-;-;-;9.0;-3.3;-;-;-
GRC;194404;-;-;-;-;-;22.4;5.3;-;-;-
GRC;194405;-;-;-;-;-;1.3;8.2;-;-;-
GRC;194406;-;-;-;-;-;19.3;10.6;-;-;-
GRC;194407;-;-;-;-;-;61.7;13.5;-;-;-
GRC;194408;-;-;-;-;-;50.5;16.7;-;-;-
GRC;194409;-;-;-;-;-;45.2;9.1;-;-;-
GRC;194410;-;-;-;-;-;138.3;3.2;-;-;-
GRC;194411;-;-;-;-;-;148.6;-1.6;-;-;-
GRC;194412;-;-;-;-;-;51.1;-5.5;-;-;-
GRC;194501;-;-;-;-;-;30.9;-9.2;-;-;-
GRC;194502;-;-;-;-;-;60.5;-0.2;-;-;-
GRC;194503;-;-;-;-;-;34.4;1.4;-;-;-
GRC;194504;-;-;-;-;-;21.2;5.8;-;-;-
GRC;194505;-;-;-;-;-;47.0;9.4;-;-;-
GRC;194506;-;-;-;-;-;41.8;13.1;-;-;-
GRC;194507;-;-;-;-;-;26.5;15.5;-;-;-
GRC;194508;-;-;-;-;-;81.8;11.8;-;-;-
GRC;194509;-;-;-;-;-;39.2;10.6;-;-;-
GRC;194510;-;-;-;-;-;158.9;5.1;-;-;-
GRC;194511;-;-;-;-;-;11.4;-0.2;-;-;-
GRC;194512;-;-;-;-;-;54.8;-3.8;-;-;-
GRC;194601;-;-;-;-;-;74.4;-4.5;-;-;-
GRC;194602;-;-;-;-;-;42.8;-2.5;-;-;-
GRC;194603;-;-;-;-;-;85.1;1.2;-;-;-
GRC;194604;-;-;-;-;-;8.8;6.8;-;-;-
GRC;194605;-;-;-;-;-;56.3;7.8;-;-;-
GRC;194606;-;-;-;-;-;137.5;9.9;-;-;-
GRC;194607;-;-;-;-;-;38.7;14.4;-;-;-
GRC;194608;-;-;-;-;-;57.1;12.7;-;-;-
GRC;194609;-;-;-;-;-;22.4;11.2;-;-;-
GRC;194610;-;-;-;-;-;10.8;4.6;-;-;-
GRC;194611;-;-;-;-;-;15.6;0.3;-;-;-
GRC;194612;-;-;-;-;-;9.9;-5.7;-;-;-
GRC;194701;-;-;-;-;-;38.9;-6.9;-;-;-
GRC;194702;-;-;-;-;-;10.4;-4.3;-;-;-
GRC;194703;-;-;-;-;-;48.8;1.1;-;-;-
GRC;194704;-;-;-;-;-;18.3;7.2;-;-;-
GRC;194705;-;-;-;-;-;85.9;10.0;-;-;-
GRC;194706;-;-;-;-;-;50.3;14.5;-;-;-
GRC;194707;-;-;-;-;-;54.9;16.1;-;-;-
GRC;194708;-;-;-;-;-;30.0;16.4;-;-;-
GRC;194709;-;-;-;-;-;180.6;12.0;-;-;-
GRC;194710;-;-;-;-;-;17.2;7.5;-;-;-
GRC;194711;-;-;-;-;-;75.7;2.4;-;-;-
GRC;194712;-;-;-;-;-;16.6;-4.1;-;-;-
GRC;194801;-;-;-;-;-;92.4;-1.7;-;-;-
GRC;194802;-;-;-;-;-;23.9;-2.8;-;-;-
GRC;194803;-;-;-;-;-;2.8;4.4;-;-;-
GRC;194804;-;-;-;-;-;58.9;4.6;-;-;-
GRC;194805;-;-;-;-;-;28.5;9.0;-;-;-
GRC;194806;-;-;-;-;-;60.9;10.6;-;-;-
GRC;194807;-;-;-;-;-;41.8;11.6;-;-;-
GRC;194808;-;-;-;-;-;46.2;13.4;-;-;-
GRC;194809;-;-;-;-;-;125.6;9.7;-;-;-
GRC;194810;-;-;-;-;-;33.4;6.8;-;-;-
GRC;194811;-;-;-;-;-;18.1;4.1;-;-;-
GRC;194812;-;-;-;-;-;2.7;-0.6;-;-;-
GRC;194901;-;-;-;-;-;22.6;-1.6;-;-;-
GRC;194902;-;-;-;-;-;1.8;-0.3;-;-;-
GRC;194903;-;-;-;-;-;6.2;-0.4;-;-;-
GRC;194904;-;-;-;-;-;55.8;6.6;-;-;-
GRC;194905;-;-;-;-;-;105.5;6.7;-;-;-
GRC;194906;-;-;-;-;-;41.6;10.8;-;-;-
GRC;194907;-;-;-;-;-;18.0;14.8;-;-;-
GRC;194908;-;-;-;-;-;38.9;14.0;-;-;-
GRC;194909;-;-;-;-;-;40.8;13.0;-;-;-
GRC;194910;-;-;-;-;-;19.3;9.3;-;-;-
GRC;194911;-;-;-;-;-;40.2;-0.9;-;-;-
GRC;194912;-;-;-;-;-;12.7;-1.3;-;-;-
GRC;195001;-;-;-;-;-;13.1;-2.6;-;-;-
GRC;195002;-;-;-;-;-;49.9;-1.0;-;-;-
GRC;195003;-;-;-;-;-;0.6;1.5;-;-;-
GRC;195004;-;-;-;-;-;25.8;1.6;-;-;-
GRC;195005;-;-;-;-;-;46.4;8.3;-;-;-
GRC;195006;-;-;-;-;-;35.8;14.5;-;-;-
GRC;195007;-;-;-;-;-;0.0;16.2;-;-;-
GRC;195008;-;-;-;-;-;0.0;13.5;-;-;-
GRC;195009;-;-;-;-;-;81.6;9.8;-;-;-
GRC;195010;-;-;-;-;-;3.0;6.0;-;-;-
GRC;195011;-;-;-;-;-;130.8;-0.4;-;-;-
GRC;195012;-;-;-;-;-;44.0;-5.8;-;-;-
GRC;195101;-;-;-;-;-;45.9;-3.2;-;-;-
GRC;195102;-;-;-;-;-;57.8;-3.6;-;-;-
GRC;195103;-;-;-;-;-;36.9;-1.8;-;-;-
GRC;195104;-;-;-;-;-;31.8;2.6;-;-;-
GRC;195105;-;-;-;-;-;57.4;7.0;-;-;-
GRC;195106;-;-;-;-;-;87.8;11.5;-;-;-
GRC;195107;-;-;-;-;-;44.1;14.1;-;-;-
GRC;195108;-;-;-;-;-;104.9;12.4;-;-;-
GRC;195109;-;-;-;-;-;52.1;11.1;-;-;-
GRC;195110;-;-;-;-;-;33.2;4.9;-;-;-
GRC;195111;-;-;-;-;-;146.0;0.9;-;-;-
GRC;195112;-;-;-;-;-;20.4;-0.7;-;-;-
GRC;195201;-;-;-;-;-;27.1;-5.7;-;-;-
GRC;195202;-;-;-;-;-;20.1;-5.4;-;-;-
GRC;195203;-;-;-;-;-;42.2;0.9;-;-;-
GRC;195204;-;-;-;-;-;47.1;5.5;-;-;-
GRC;195205;-;-;-;-;-;18.5;8.9;-;-;-
GRC;195206;-;-;-;-;-;46.5;13.6;-;-;-
GRC;195207;-;-;-;-;-;21.2;16.7;-;-;-
GRC;195208;-;-;-;-;-;78.9;13.8;-;-;-
GRC;195209;-;-;-;-;-;33.2;6.6;-;-;-
GRC;195210;-;-;-;-;-;47.0;3.9;-;-;-
GRC;195211;-;-;-;-;-;106.9;-2.3;-;-;-
GRC;195212;-;-;-;-;-;71.9;-3.9;-;-;-
GRC;195301;-;-;-;-;-;5.8;-6.6;-;-;-
GRC;195302;-;-;-;-;-;5.1;-4.9;-;-;-
GRC;195303;-;-;-;-;-;0.1;0.2;-;-;-
GRC;195304;-;-;-;-;-;23.2;4.2;-;-;-
GRC;195305;-;-;-;-;-;43.7;9.4;-;-;-
GRC;195306;-;-;-;-;-;117.9;9.6;-;-;-
GRC;195307;-;-;-;-;-;69.6;13.7;-;-;-
GRC;195308;-;-;-;-;-;7.4;13.2;-;-;-
GRC;195309;-;-;-;-;-;61.8;11.4;-;-;-
GRC;195310;-;-;-;-;-;146.9;6.2;-;-;-
GRC;195311;-;-;-;-;-;6.7;2.1;-;-;-
GRC;195312;-;-;-;-;-;7.7;-0.8;-;-;-
GRC;195401;-;-;-;-;-;26.5;-6.3;-;-;-
GRC;195402;-;-;-;-;-;36.0;-4.1;-;-;-
GRC;195403;-;-;-;-;-;17.7;0.5;-;-;-
GRC;195404;-;-;-;-;-;75.1;2.0;-;-;-
GRC;195405;-;-;-;-;-;17.6;7.2;-;-;-
GRC;195406;-;-;-;-;-;57.2;11.5;-;-;-
GRC;195407;-;-;-;-;-;22.8;11.6;-;-;-
GRC;195408;-;-;-;-;-;123.2;11.0;-;-;-
GRC;195409;-;-;-;-;-;66.4;10.1;-;-;-
GRC;195410;-;-;-;-;-;68.2;5.3;-;-;-
GRC;195411;-;-;-;-;-;35.7;1.2;-;-;-
GRC;195412;-;-;-;-;-;83.9;-1.5;-;-;-
GRC;195501;-;-;-;-;-;101.9;-1.4;-;-;-
GRC;195502;-;-;-;-;-;116.5;-4.7;-;-;-
GRC;195503;-;-;-;-;-;23.0;-1.9;-;-;-
GRC;195504;-;-;-;-;-;6.6;3.9;-;-;-
GRC;195505;-;-;-;-;-;27.3;7.1;-;-;-
GRC;195506;-;-;-;-;-;61.4;11.1;-;-;-
GRC;195507;-;-;-;-;-;53.9;13.4;-;-;-
GRC;195508;-;-;-;-;-;60.8;11.8;-;-;-
GRC;195509;-;-;-;-;-;11.5;9.0;-;-;-
GRC;195510;-;-;-;-;-;11.7;3.8;-;-;-
GRC;195511;-;-;-;-;-;6.0;-0.1;-;-;-
GRC;195512;-;-;-;-;-;55.2;-0.8;-;-;-
GRC;195601;-;-;-;-;-;46.5;-2.9;-;-;-
GRC;195602;-;-;-;-;-;3.2;-11.5;-;-;-
GRC;195603;-;-;-;-;-;32.3;-1.0;-;-;-
GRC;195604;-;-;-;-;-;57.2;1.4;-;-;-
GRC;195605;-;-;-;-;-;49.7;8.2;-;-;-
GRC;195606;-;-;-;-;-;15.1;9.3;-;-;-
GRC;195607;-;-;-;-;-;82.4;13.1;-;-;-
GRC;195608;-;-;-;-;-;81.0;11.5;-;-;-
GRC;195609;-;-;-;-;-;34.2;11.2;-;-;-
GRC;195610;-;-;-;-;-;40.5;3.5;-;-;-
GRC;195611;-;-;-;-;-;19.2;-2.4;-;-;-
GRC;195612;-;-;-;-;-;1.2;-3.7;-;-;-
GRC;195701;-;-;-;-;-;9.5;-3.8;-;-;-
GRC;195702;-;-;-;-;-;107.8;-1.2;-;-;-
GRC;195703;-;-;-;-;-;19.7;3.5;-;-;-
GRC;195704;-;-;-;-;-;13.4;4.1;-;-;-
GRC;195705;-;-;-;-;-;81.2;5.4;-;-;-
GRC;195706;-;-;-;-;-;141.4;11.3;-;-;-
GRC;195707;-;-;-;-;-;30.6;13.3;-;-;-
GRC;195708;-;-;-;-;-;57.1;11.7;-;-;-
GRC;195709;-;-;-;-;-;32.4;8.7;-;-;-
GRC;195710;-;-;-;-;-;10.9;6.3;-;-;-
GRC;195711;-;-;-;-;-;48.9;1.3;-;-;-
GRC;195712;-;-;-;-;-;57.3;-2.2;-;-;-
GRC;195801;-;-;-;-;-;41.1;-4.4;-;-;-
GRC;195802;-;-;-;-;-;75.1;-1.2;-;-;-
GRC;195803;-;-;-;-;-;17.8;-3.1;-;-;-
GRC;195804;-;-;-;-;-;24.1;1.1;-;-;-
GRC;195805;-;-;-;-;-;40.4;10.2;-;-;-
GRC;195806;-;-;-;-;-;39.9;10.8;-;-;-
GRC;195807;-;-;-;-;-;35.1;13.6;-;-;-
GRC;195808;-;-;-;-;-;70.6;13.8;-;-;-
GRC;195809;-;-;-;-;-;37.2;11.5;-;-;-
GRC;195810;-;-;-;-;-;31.1;5.3;-;-;-
GRC;195811;-;-;-;-;-;76.6;0.9;-;-;-
GRC;195812;-;-;-;-;-;70.8;-2.4;-;-;-
GRC;195901;-;833.6;-;-;-;53.3;-4.3;-;-;-
GRC;195902;-;846.3;-;-;-;0.5;-0.3;-;-;-
GRC;195903;-;837.1;-;-;-;31.2;2.0;-;-;-
GRC;195904;-;834.3;-;-;-;76.3;4.2;-;-;-
GRC;195905;-;837.7;-;-;-;22.2;8.2;-;-;-
GRC;195906;-;842.6;-;-;-;42.6;11.9;-;-;-
GRC;195907;-;843.9;-;-;-;62.3;15.1;-;-;-
GRC;195908;-;842.7;-;-;-;53.0;12.7;-;-;-
GRC;195909;-;843.0;-;-;-;8.2;11.5;-;-;-
GRC;195910;-;840.5;-;-;-;73.6;4.7;-;-;-
GRC;195911;-;835.4;-;-;-;65.5;-0.7;-;-;-
GRC;195912;-;830.6;-;-;-;87.1;-2.7;-;-;-
GRC;196001;-;834.0;-;-;-;20.7;-4.5;-;-;-
GRC;196002;-;832.6;-;-;-;49.0;-2.3;-;-;-
GRC;196003;-;832.6;-;-;-;25.6;0.3;-;-;-
GRC;196004;-;836.9;-;-;-;17.9;3.5;-;-;-
GRC;196005;-;839.8;-;-;-;55.0;9.2;-;-;-
GRC;196006;-;842.9;-;-;-;74.8;12.1;-;-;-
GRC;196007;-;840.6;-;-;-;68.2;11.5;-;-;-
GRC;196008;-;840.7;-;-;-;53.2;11.9;-;-;-
GRC;196009;-;839.1;-;-;-;94.4;7.5;-;-;-
GRC;196010;-;833.0;-;-;-;137.7;3.2;-;-;-
GRC;196011;-;834.8;-;-;-;44.7;0.3;-;-;-
GRC;196012;-;829.5;-;-;-;33.7;-4.1;-;-;-
GRC;196101;-;833.8;-;-;-;18.1;-3.6;-;-;-
GRC;196102;-;843.1;-;-;-;38.9;0.0;-;-;-
GRC;196103;-;843.6;-;-;-;5.9;1.3;-;-;-
GRC;196104;-;835.2;-;-;-;65.5;5.9;-;-;-
GRC;196105;-;837.3;-;-;-;31.8;6.9;-;-;-
GRC;196106;-;842.2;-;-;-;61.6;12.0;-;-;-
GRC;196107;-;842.3;-;-;-;42.1;12.2;-;-;-
GRC;196108;-;844.5;-;-;-;41.6;12.8;-;-;-
GRC;196109;-;844.9;-;-;-;3.8;13.7;-;-;-
GRC;196110;-;839.0;-;-;-;67.6;5.7;-;-;-
GRC;196111;-;833.8;-;-;-;61.0;0.0;-;-;-
GRC;196112;-;834.3;-;-;-;59.7;-1.4;-;-;-
GRC;196201;-;837.3;-;-;-;57.6;-3.5;-;-;-
GRC;196202;-;837.2;-;-;-;59.0;-4.5;-;-;-
GRC;196203;-;828.1;-;-;-;45.8;-3.6;-;-;-
GRC;196204;-;836.5;-;-;-;42.8;2.8;-;-;-
GRC;196205;-;837.6;-;-;-;35.4;6.4;-;-;-
GRC;196206;-;843.1;-;-;-;44.7;11.3;-;-;-
GRC;196207;-;841.6;-;-;-;31.1;13.0;-;-;-
GRC;196208;-;844.4;-;-;-;16.8;15.0;-;-;-
GRC;196209;-;841.4;-;-;-;19.1;10.2;-;-;-
GRC;196210;-;841.3;-;-;-;11.8;6.1;-;-;-
GRC;196211;-;833.0;-;-;-;172.1;-1.8;-;-;-
GRC;196212;-;833.0;-;-;-;46.8;-4.8;-;-;-
GRC;196301;-;831.7;-;-;-;16.7;-8.1;-;-;-
GRC;196302;-;826.7;-;-;-;19.3;-6.7;-;-;-
GRC;196303;-;835.4;-;-;-;75.2;-1.0;-;-;-
GRC;196304;-;834.1;-;-;-;51.2;3.6;-;-;-
GRC;196305;-;837.8;-;-;-;40.6;7.2;-;-;-
GRC;196306;-;839.4;-;-;-;74.2;10.8;-;-;-
GRC;196307;-;843.8;-;-;-;35.9;14.3;-;-;-
GRC;196308;-;839.6;-;-;-;92.0;11.5;-;-;-
GRC;196309;-;842.1;-;-;-;55.8;10.0;-;-;-
GRC;196310;-;842.4;-;-;-;55.0;5.7;-;-;-
GRC;196311;-;834.3;-;-;-;87.8;1.8;-;-;-
GRC;196312;-;834.9;-;-;-;1.3;-3.8;-;-;-
GRC;196401;-;843.8;-;-;-;1.0;-2.8;-;-;-
GRC;196402;-;835.3;-;-;-;6.9;-2.0;-;-;-
GRC;196403;-;831.0;-;-;-;63.3;-0.6;-;-;-
GRC;196404;-;837.0;-;-;-;55.2;4.6;-;-;-
GRC;196405;-;841.4;-;-;-;54.1;9.9;-;-;-
GRC;196406;-;841.5;-;-;-;56.2;12.8;-;-;-
GRC;196407;-;844.5;-;-;-;20.8;15.2;-;-;-
GRC;196408;-;841.7;-;-;-;31.5;12.8;-;-;-
GRC;196409;-;844.7;-;-;-;34.3;10.4;-;-;-
GRC;196410;-;837.1;-;-;-;26.0;3.2;-;-;-
GRC;196411;-;839.5;-;-;-;34.9;2.1;-;-;-
GRC;196412;-;834.1;-;-;-;13.9;-3.4;-;-;-
GRC;196501;-;832.8;-;-;-;19.3;-4.0;-;-;-
GRC;196502;-;835.3;-;-;-;0.7;-7.2;-;-;-
GRC;196503;-;835.9;-;-;-;48.9;-0.8;-;-;-
GRC;196504;-;833.2;-;-;-;11.0;1.7;-;-;-
GRC;196505;-;838.3;-;-;-;49.6;7.3;-;-;-
GRC;196506;-;841.3;-;-;-;41.2;12.1;-;-;-
GRC;196507;-;840.9;-;-;-;110.9;11.8;-;-;-
GRC;196508;-;841.5;-;-;-;96.6;11.6;-;-;-
GRC;196509;-;838.2;-;-;-;144.8;7.5;-;-;-
GRC;196510;-;842.5;-;-;-;0.7;6.9;-;-;-
GRC;196511;-;831.6;-;-;-;58.5;-0.5;-;-;-
GRC;196512;-;832.1;-;-;-;88.3;-2.7;-;-;-
GRC;196601;-;-;-;79;49;18.1;-5.1;-;-;-
GRC;196602;-;-;-;83;65;79.2;0.6;-;-;-
GRC;196603;-;-;-;66;44;14.1;-1.8;-;-;-
GRC;196604;-;-;-;24;49;73.5;4.5;-;-;-
GRC;196605;-;-;-;0;46;25.9;8.2;-;-;-
GRC;196606;-;-;-;0;49;19.3;12.6;-;-;-
GRC;196607;-;-;-;0;51;51.9;11.6;-;-;-
GRC;196608;-;-;-;0;57;52.2;11.5;-;-;-
GRC;196609;-;-;-;0;32;6.8;11.7;-;-;-
GRC;196610;-;-;-;1;59;95.1;7.0;-;-;-
GRC;196611;-;-;-;34;56;61.0;-3.0;-;-;-
GRC;196612;-;-;-;45;60;39.0;-3.4;-;-;-
GRC;196701;-;-;-;54;40;16.8;-4.2;-;-;-
GRC;196702;-;-;-;50;41;53.5;-2.4;-;-;-
GRC;196703;-;-;-;22;55;39.3;0.7;-;-;-
GRC;196704;-;-;-;0;38;7.4;2.7;-;-;-
GRC;196705;-;-;-;-;54;70.0;7.6;-;-;-
GRC;196706;-;-;-;-;47;30.0;10.5;-;-;-
GRC;196707;-;-;-;-;39;40.0;15.1;-;-;-
GRC;196708;-;-;-;0;47;73.2;12.3;3.1;23.0;76.1
GRC;196709;-;-;-;0;57;58.0;8.8;0.5;23.4;75.4
GRC;196710;-;-;-;0;21;14.5;7.6;-5.1;20.0;64.8
GRC;196711;-;-;-;3;48;32.0;2.4;-6.2;13.5;70.1
GRC;196712;-;-;-;6;41;23.3;-4.0;-17.2;10.2;71.0
GRC;196801;-;-;-;41;57;78.5;-4.5;-21.0;9.1;72.7
GRC;196802;-;-;-;41;47;20.9;-2.2;-11.0;8.6;71.7
GRC;196803;-;-;-;30;34;15.9;-0.3;-10.0;15.0;66.5
GRC;196804;-;-;-;0;51;18.6;4.8;-7.5;20.1;67.5
GRC;196805;-;-;-;0;62;74.5;6.7;-5.0;18.1;72.8
GRC;196806;-;-;-;0;50;70.1;10.8;1.0;27.1;67.5
GRC;196807;-;-;-;0;45;55.9;12.9;2.5;27.1;67.4
GRC;196808;-;-;-;0;65;76.2;10.1;-1.5;22.1;79.8
GRC;196809;-;-;-;0;50;58.6;8.6;0.1;19.6;76.7
GRC;196810;-;-;-;0;34;21.6;7.5;1.0;19.5;68.7
GRC;196811;-;-;-;3;43;244.1;0.8;-11.1;11.0;71.3
GRC;196812;-;-;-;15;47;51.3;-3.7;-16.5;8.1;68.7
GRC;196901;-;-;-;24;41;18.9;-2.7;-15.1;7.5;65.2
GRC;196902;-;-;-;34;48;21.3;-6.7;-17.5;6.0;70.9
GRC;196903;-;-;-;11;48;11.7;-0.5;-8.0;10.0;70.4
GRC;196904;-;-;-;1;57;37.3;2.4;-9.5;16.0;65.0
GRC;196905;-;-;-;0;48;117.0;8.3;-3.0;22.5;68.8
GRC;196906;-;-;-;0;62;89.3;8.9;-1.5;21.1;74.1
GRC;196907;-;-;-;0;45;49.2;13.8;1.0;25.2;69.5
GRC;196908;-;-;-;0;55;69.8;11.4;1.1;24.5;73.3
GRC;196909;-;-;-;0;45;42.7;10.0;4.0;22.1;76.3
GRC;196910;-;-;-;0;22;5.4;7.8;-1.0;19.5;60.0
GRC;196911;-;-;-;1;51;36.8;-0.4;-11.1;12.5;69.6
GRC;196912;-;-;-;17;43;23.4;-6.6;-16.5;2.5;71.3
GRC;197001;-;-;-;21;61;24.1;-2.6;-11.5;8.0;68.9
GRC;197002;-;-;-;53;79;96.7;-5.0;-16.5;5.1;76.4
GRC;197003;-;-;-;61;57;29.8;-3.9;-15.5;9.5;69.2
GRC;197004;-;-;-;20;58;65.2;0.3;-11.0;16.1;62.4
GRC;197005;-;-;-;0;53;34.5;6.3;-4.5;17.1;60.2
GRC;197006;-;-;-;0;53;107.4;11.9;1.1;24.0;66.4
GRC;197007;-;-;-;0;44;61.1;12.8;0.1;25.1;61.8
GRC;197008;-;-;-;0;57;77.4;12.2;3.5;26.0;73.9
GRC;197009;-;-;-;0;21;20.4;10.9;0.0;23.0;65.2
GRC;197010;-;-;-;0;39;41.8;5.3;-6.0;18.2;61.1
GRC;197011;-;-;-;3;41;51.5;2.3;-8.0;14.5;62.7
GRC;197012;-;-;-;6;33;26.0;-3.3;-15.1;8.2;60.6
GRC;197101;-;-;-;20;40;22.0;-3.4;-18.0;8.0;61.7
GRC;197102;-;-;-;21;36;7.2;-2.9;-11.5;11.0;72.1
GRC;197103;-;-;-;27;50;104.6;-4.4;-22.0;8.1;74.7
GRC;197104;-;-;-;7;35;23.1;5.1;-4.1;15.1;64.9
GRC;197105;-;-;-;0;75;69.1;8.3;-0.1;21.0;70.3
GRC;197106;-;-;-;0;59;82.8;9.3;0.1;22.1;69.7
GRC;197107;-;-;-;0;34;23.1;14.9;2.1;26.1;59.5
GRC;197108;-;-;-;0;45;88.7;14.2;6.0;28.0;66.7
GRC;197109;-;-;-;0;31;7.9;9.5;-1.1;24.1;68.1
GRC;197110;-;-;-;0;19;7.1;7.1;-2.1;18.1;61.3
GRC;197111;-;-;-;26;54;121.2;-0.9;-15.0;12.0;70.4
GRC;197112;-;-;-;36;24;6.8;0.4;-9.1;10.0;56.0
GRC;197201;-;-;-;43;45;24.4;-3.4;-13.0;9.1;65.9
GRC;197202;-;-;-;70;55;79.3;-1.4;-10.0;9.1;67.1
GRC;197203;-;-;-;59;36;20.0;1.5;-7.1;14.1;58.8
GRC;197204;-;-;-;0;66;49.8;2.4;-5.1;15.0;68.7
GRC;197205;-;-;-;0;65;44.4;6.5;-3.1;20.0;61.4
GRC;197206;-;-;-;1;60;83.0;9.5;-0.1;22.1;64.5
GRC;197207;-;-;-;0;63;24.5;12.8;3.0;27.1;63.8
GRC;197208;-;-;-;0;51;32.4;12.2;0.1;25.2;65.4
GRC;197209;-;-;-;0;46;34.5;7.0;-1.1;20.0;62.8
GRC;197210;-;-;-;0;34;24.4;5.0;-3.5;16.1;62.7
GRC;197211;-;-;-;5;43;117.1;1.3;-9.4;13.1;62.8
GRC;197212;-;-;-;10;28;8.2;-0.4;-8.1;8.0;50.8
GRC;197301;-;-;-;7;41;15.6;-2.3;-11.0;6.1;58.7
GRC;197302;-;-;-;19;33;15.4;-4.9;-15.1;9.1;57.4
GRC;197303;-;-;-;10;34;3.2;-1.3;-12.0;12.0;57.2
GRC;197304;-;-;-;11;58;37.8;0.3;-11.1;14.1;66.2
GRC;197305;-;-;-;0;53;28.6;8.7;-1.0;21.0;69.7
GRC;197306;-;-;-;0;51;111.0;11.8;-1.0;25.0;71.1
GRC;197307;-;-;-;0;60;103.9;12.4;4.0;26.0;72.0
GRC;197308;-;-;-;0;48;47.7;14.6;5.1;26.0;74.1
GRC;197309;-;-;-;0;46;63.9;10.5;0.0;24.1;72.6
GRC;197310;-;-;-;0;39;37.2;4.9;-4.1;17.0;66.8
GRC;197311;-;-;-;0;30;17.1;1.5;-12.0;14.0;59.1
GRC;197312;-;-;-;14;48;29.0;-2.9;-17.0;7.1;68.7
GRC;197401;-;-;-;20;46;7.9;-0.6;-7.1;9.0;66.9
GRC;197402;-;-;-;46;61;47.6;-2.0;-9.1;8.1;74.1
GRC;197403;-;-;-;25;54;34.4;0.9;-9.2;12.1;67.1
GRC;197404;-;-;-;0;43;7.5;3.3;-7.1;14.0;66.6
GRC;197405;-;-;-;0;58;42.6;6.9;-1.3;19.1;65.4
GRC;197406;-;-;-;0;56;60.5;10.0;-0.1;23.0;64.6
GRC;197407;-;-;-;0;46;25.8;13.1;3.0;25.0;60.7
GRC;197408;-;-;-;0;48;54.4;13.9;2.1;28.1;64.6
GRC;197409;-;-;-;0;50;52.6;8.6;-2.1;21.2;70.0
GRC;197410;-;-;-;3;63;45.4;-1.2;-9.5;7.1;76.1
GRC;197411;-;-;-;9;58;56.4;-0.5;-9.0;8.1;69.1
GRC;197412;-;-;-;36;46;25.8;-1.3;-11.2;8.1;66.6
GRC;197501;-;-;-;38;49;46.8;-0.2;-7.1;8.0;63.5
GRC;197502;-;-;-;48;16;1.5;-1.0;-8.1;11.1;49.3
GRC;197503;-;-;-;59;64;103.6;-2.1;-11.1;9.1;69.8
GRC;197504;-;-;-;36;40;36.2;2.8;-10.1;16.1;64.8
GRC;197505;-;-;-;7;59;112.5;7.0;-3.1;22.1;65.5
GRC;197506;-;-;-;0;56;25.8;9.7;-1.0;24.1;66.0
GRC;197507;-;-;-;0;45;40.9;13.6;2.1;28.0;65.9
GRC;197508;-;-;-;0;59;58.8;13.1;3.0;26.1;73.8
GRC;197509;-;-;-;0;55;46.1;11.2;1.0;23.0;73.4
GRC;197510;-;-;-;2;40;32.1;4.7;-3.3;17.0;68.9
GRC;197511;-;-;-;33;50;139.3;-0.5;-10.0;11.1;78.5
GRC;197512;-;-;-;46;23;1.8;-1.6;-11.0;8.2;63.8
GRC;197601;-;-;-;35;48;3.3;-3.4;-16.3;8.0;67.2
GRC;197602;-;-;-;35;34;14.1;-0.9;-8.3;14.0;61.2
GRC;197603;-;-;-;12;35;8.3;-0.5;-12.4;14.0;62.4
GRC;197604;-;-;-;12;43;69.6;2.9;-8.1;14.0;67.7
GRC;197605;-;-;-;0;45;14.2;8.6;-2.1;19.1;62.5
GRC;197606;-;-;-;0;46;44.7;13.4;1.1;24.2;58.9
GRC;197607;-;-;-;0;61;43.0;13.8;3.1;25.1;65.8
GRC;197608;-;-;-;0;54;60.2;11.8;4.0;23.1;65.7
GRC;197609;-;-;-;0;53;38.7;8.0;-1.1;18.3;71.1
GRC;197610;-;-;-;0;65;172.2;5.9;-2.4;20.3;70.3
GRC;197611;-;-;-;8;53;62.4;-1.0;-9.1;9.5;71.8
GRC;197612;-;-;-;40;51;59.3;-4.5;-15.4;6.3;69.2
GRC;197701;-;-;-;62;64;47.0;-3.4;-12.7;6.1;73.7
GRC;197702;-;-;-;68;65;62.4;-1.6;-13.0;7.0;70.6
GRC;197703;-;-;-;36;60;50.8;2.1;-8.2;15.0;68.6
GRC;197704;-;-;-;3;70;86.8;2.3;-10.0;18.2;69.6
GRC;197705;-;-;-;0;76;133.4;6.2;-2.1;19.5;71.1
GRC;197706;-;-;-;0;69;57.7;10.2;3.1;22.0;68.1
GRC;197707;-;-;-;0;59;70.3;12.7;3.1;24.5;66.3
GRC;197708;-;-;-;0;65;87.3;11.2;4.1;21.6;72.2
GRC;197709;-;-;-;0;43;5.0;8.8;-1.1;21.4;68.8
GRC;197710;-;-;-;0;43;116.3;7.1;-1.2;16.8;65.0
GRC;197711;-;-;-;9;54;54.8;-0.5;-12.4;17.7;68.5
GRC;197712;-;-;-;24;45;51.6;-0.8;-12.2;8.1;62.4
GRC;197801;-;-;-;64;64;121.5;-3.5;-11.2;7.0;69.1
GRC;197802;-;-;-;90;64;63.5;-3.6;-17.4;9.1;70.9
GRC;197803;-;-;-;72;68;70.2;-0.2;-10.0;13.1;66.9
GRC;197804;-;-;-;25;66;19.0;1.4;-8.1;10.0;63.9
GRC;197805;-;-;-;0;70;75.7;5.8;-4.1;17.2;67.9
GRC;197806;-;-;-;0;65;103.8;9.6;-1.0;21.1;60.4
GRC;197807;-;-;-;0;51;45.6;12.2;2.1;24.5;63.3
GRC;197808;-;-;-;0;46;67.1;11.9;2.0;23.0;65.8
GRC;197809;-;-;-;0;36;8.9;9.8;-1.0;21.4;61.9
GRC;197810;-;-;-;0;33;45.3;5.8;-3.1;20.2;62.1
GRC;197811;-;-;-;1;18;8.0;1.7;-13.1;14.1;52.6
GRC;197812;-;-;-;14;59;55.9;-1.2;-11.4;10.0;67.1
GRC;197901;-;-;-;41;53;33.9;-5.3;-18.2;7.0;64.2
GRC;197902;-;-;-;61;59;48.6;-2.4;-12.2;6.1;68.5
GRC;197903;-;-;-;62;69;96.2;-0.4;-10.0;11.0;61.0
GRC;197904;-;-;-;25;61;28.1;0.7;-9.0;12.1;61.9
GRC;197905;-;-;-;0;50;43.9;7.4;-7.1;22.4;52.5
GRC;197906;-;-;-;0;60;48.2;11.9;1.0;22.3;60.8
GRC;197907;-;-;-;0;45;20.1;13.4;2.0;26.4;54.8
GRC;197908;-;-;-;0;54;105.7;11.5;2.0;25.1;59.8
GRC;197909;-;-;-;0;41;38.6;9.7;0.0;21.2;66.0
GRC;197910;-;-;-;0;64;109.3;6.7;-1.5;20.0;71.2
GRC;197911;-;-;-;5;44;55.8;-0.3;-10.0;12.0;64.3
GRC;197912;-;-;-;34;60;122.8;-1.2;-12.1;11.4;62.6
GRC;198001;-;-;-;65;55;38.7;-4.4;-15.3;6.0;65.5
GRC;198002;-;-;-;78;48;59.8;-1.4;-10.4;11.0;62.3
GRC;198003;-;-;-;75;54;108.0;-1.0;-9.2;9.1;68.0
GRC;198004;-;-;-;29;43;4.1;0.5;-9.1;10.6;58.7
GRC;198005;-;-;-;0;66;58.6;5.9;-1.2;15.6;64.8
GRC;198006;-;-;-;0;61;69.0;9.0;-0.1;24.0;65.2
GRC;198007;-;-;-;0;61;67.5;10.9;1.4;26.2;63.6
GRC;198008;-;-;-;0;46;37.4;13.6;4.0;26.2;56.3
GRC;198009;-;-;-;0;28;21.3;11.0;3.0;23.0;58.3
GRC;198010;-;-;-;2;59;80.9;4.0;-5.2;17.1;68.5
GRC;198011;-;-;-;1;59;18.3;0.4;-11.3;15.1;65.5
GRC;198012;-;-;-;5;49;8.2;-3.7;-14.0;8.2;57.3
GRC;198101;-;-;-;35;50;57.6;-4.9;-15.1;8.0;58.0
GRC;198102;-;-;-;39;35;10.9;-4.5;-14.5;11.2;61.8
GRC;198103;-;-;-;16;63;168.7;1.7;-10.2;15.0;71.6
GRC;198104;-;-;-;1;49;36.4;5.2;-6.0;16.7;65.8
GRC;198105;-;-;-;0;64;119.1;6.7;-3.1;20.3;70.5
GRC;198106;-;-;-;0;56;54.1;11.3;1.0;26.0;67.0
GRC;198107;-;-;-;0;60;65.2;11.9;2.1;26.3;69.2
GRC;198108;-;-;-;0;39;7.2;13.9;3.1;26.7;67.8
GRC;198109;-;-;-;0;69;95.7;9.7;-0.1;20.0;77.8
GRC;198110;-;-;-;1;61;124.0;4.6;-6.5;18.3;72.9
GRC;198111;-;-;-;0;38;29.7;0.5;-10.0;17.2;65.3
GRC;198112;-;-;-;63;76;112.1;-4.7;-16.4;5.0;74.0
GRC;198201;-;-;-;77;41;46.8;-1.7;-11.7;8.2;69.4
GRC;198202;-;-;-;65;36;4.6;-1.9;-14.2;11.0;62.2
GRC;198203;-;-;-;58;55;58.9;-2.0;-11.0;10.4;63.2
GRC;198204;-;-;-;13;35;10.7;3.0;-5.2;12.4;60.4
GRC;198205;-;-;-;0;50;25.6;8.3;-5.0;21.1;59.1
GRC;198206;-;-;-;0;58;26.2;12.1;3.0;23.0;60.2
GRC;198207;-;-;-;0;50;87.2;15.6;6.1;27.5;61.8
GRC;198208;-;-;-;0;60;81.6;12.2;2.3;25.0;71.8
GRC;198209;-;-;-;0;36;56.1;11.6;2.1;23.1;66.5
GRC;198210;-;-;-;1;49;99.0;4.4;-3.3;15.0;69.1
GRC;198211;-;-;-;2;49;37.3;1.6;-8.0;14.8;64.4
GRC;198212;-;-;-;24;50;59.3;-2.2;-14.3;7.2;68.7
GRC;198301;-;-;-;30;48;38.6;-0.8;-13.5;9.0;58.3
GRC;198302;-;-;-;55;46;25.7;-5.2;-15.2;7.5;61.0
GRC;198303;-;-;-;29;49;27.7;0.6;-10.2;11.4;61.1
GRC;198304;-;-;-;2;71;62.6;2.8;-7.3;15.1;73.6
GRC;198305;-;-;-;0;71;102.0;5.4;-1.3;17.1;75.3
GRC;198306;-;-;-;0;55;38.5;12.0;1.1;25.2;64.6
GRC;198307;-;-;-;0;35;6.9;18.0;5.4;31.5;55.6
GRC;198308;-;-;-;0;60;67.5;13.6;2.0;25.3;70.0
GRC;198309;-;-;-;0;43;54.2;11.1;0.0;23.3;63.5
GRC;198310;-;-;-;0;31;21.7;6.2;-2.3;21.4;66.8
GRC;198311;-;-;-;1;25;80.5;2.2;-6.4;15.3;60.3
GRC;198312;-;-;-;13;35;55.3;-1.5;-12.0;10.0;67.0
GRC;198401;-;-;-;38;58;49.5;-4.3;-13.6;9.0;64.5
GRC;198402;-;-;-;72;44;68.7;-5.5;-15.3;4.0;68.3
GRC;198403;-;-;-;62;34;27.5;-2.7;-13.4;7.0;60.3
GRC;198404;-;-;-;24;39;8.2;2.2;-8.3;17.2;59.4
GRC;198405;-;-;-;0;74;86.9;4.5;-3.0;15.1;70.2
GRC;198406;-;-;-;0;51;60.3;10.6;-1.0;22.4;59.8
GRC;198407;-;-;-;0;38;24.5;13.9;1.1;27.5;55.8
GRC;198408;-;-;-;0;61;59.0;12.2;6.0;23.0;69.5
GRC;198409;-;-;-;0;53;101.5;7.6;-1.0;24.0;68.7
GRC;198410;-;-;-;0;35;51.2;6.1;-2.0;16.4;60.9
GRC;198411;-;-;-;2;54;42.2;3.4;-5.3;15.5;59.0
GRC;198412;-;-;-;5;39;19.2;-1.5;-14.3;10.0;63.4
GRC;198501;-;-;-;16;48;24.2;-7.9;-22.0;6.1;63.5
GRC;198502;-;-;-;37;63;55.0;-1.3;-14.4;11.0;66.6
GRC;198503;-;-;-;47;54;30.8;-1.9;-12.3;10.2;60.7
GRC;198504;-;-;-;3;54;21.7;3.3;-7.1;15.1;59.2
GRC;198505;-;-;-;3;65;176.9;7.2;-1.4;20.1;62.9
GRC;198506;-;-;-;0;60;101.9;10.1;-0.5;23.0;56.0
GRC;198507;-;-;-;0;39;19.4;15.3;6.1;27.2;55.3
GRC;198508;-;-;-;0;39;52.5;13.1;2.1;26.1;56.2
GRC;198509;-;-;-;0;21;18.3;12.2;3.1;22.4;55.2
GRC;198510;-;-;-;0;28;5.7;7.8;0.1;22.3;55.0
GRC;198511;-;-;-;9;58;58.0;-2.9;-12.4;15.3;69.2
GRC;198512;-;-;-;16;43;22.8;0.0;-12.0;11.1;56.5
GRC;198601;-;-;-;52;71;151.2;-4.8;-16.3;5.1;64.3
GRC;198602;-;-;-;105;44;27.3;-6.9;-22.4;4.1;63.2
GRC;198603;-;-;-;75;49;48.6;-0.4;-10.2;12.0;60.3
GRC;198604;-;-;-;51;78;189.3;0.7;-12.1;12.1;72.7
GRC;198605;-;-;-;1;61;24.8;10.0;-1.4;23.0;60.1
GRC;198606;-;-;-;0;48;33.3;12.0;-1.4;27.0;58.8
GRC;198607;-;-;-;0;48;48.7;13.9;3.1;26.1;62.3
GRC;198608;-;-;-;0;54;49.0;12.9;0.0;26.0;67.1
GRC;198609;-;-;-;0;43;22.5;11.1;4.1;22.1;67.1
GRC;198610;-;-;-;0;26;40.6;7.2;-5.0;22.0;61.6
GRC;198611;-;-;-;2;38;20.4;1.8;-6.1;13.0;62.8
GRC;198612;-;-;-;11;51;42.5;-2.1;-16.3;10.0;62.0
GRC;198701;-;-;-;38;41;42.8;-4.8;-24.2;6.0;65.8
GRC;198702;-;-;-;51;59;56.6;-2.6;-13.2;11.0;71.9
GRC;198703;-;-;-;51;46;24.7;-3.0;-12.4;9.0;62.1
GRC;198704;-;-;-;20;45;57.6;4.2;-9.4;20.0;59.6
GRC;198705;-;-;-;0;61;31.7;5.5;-5.0;18.2;63.4
GRC;198706;-;-;-;0;65;74.0;9.8;1.0;26.2;66.9
GRC;198707;-;-;-;0;56;61.9;14.2;1.1;26.2;63.8
GRC;198708;-;-;-;0;45;76.0;13.9;2.1;26.4;60.9
GRC;198709;-;-;-;0;46;18.3;13.0;0.1;26.2;61.3
GRC;198710;-;-;-;0;56;120.4;7.1;-2.1;17.1;65.1
GRC;198711;-;-;-;11;49;72.2;0.5;-9.1;14.5;66.8
GRC;198712;-;-;-;24;35;22.6;0.6;-9.4;10.1;60.1
GRC;198801;-;-;-;25;58;33.7;-1.1;-9.2;9.2;65.9
GRC;198802;-;-;-;44;51;33.6;-3.3;-13.1;11.1;59.5
GRC;198803;-;-;-;40;68;93.9;-2.2;-13.2;9.1;67.4
GRC;198804;-;-;-;11;60;17.1;4.8;-7.1;16.0;57.5
GRC;198805;-;-;-;0;74;50.9;9.0;1.1;20.1;66.4
GRC;198806;-;-;-;0;69;32.6;10.8;1.1;21.4;63.2
GRC;198807;-;-;-;0;43;41.0;14.4;4.1;27.0;54.6
GRC;198808;-;-;-;0;51;52.7;14.1;2.0;26.1;61.8
GRC;198809;-;-;-;0;45;16.2;10.0;0.1;21.1;62.1
GRC;198810;-;-;-;0;53;154.3;7.4;-1.0;19.0;68.1
GRC;198811;-;-;-;2;34;17.3;0.3;-15.5;12.4;59.6
GRC;198812;-;-;-;9;41;58.0;-1.9;-11.0;9.1;67.2
GRC;198901;-;-;-;6;9;1.2;0.3;-7.2;12.2;38.0
GRC;198902;-;-;-;-;44;23.0;0.5;-10.1;12.0;47.2
GRC;198903;-;-;-;5;40;41.1;2.6;-7.4;17.5;55.2
GRC;198904;-;-;-;24;75;178.9;1.5;-6.1;11.6;69.3
GRC;198905;-;-;-;0;45;43.9;9.6;-3.1;20.0;52.6
GRC;198906;-;-;-;0;51;21.8;11.1;-1.1;23.4;51.7
GRC;198907;-;-;-;0;55;47.0;14.6;5.0;27.4;53.0
GRC;198908;-;-;-;0;46;38.5;13.7;1.1;26.2;48.4
GRC;198909;-;-;-;0;48;23.0;10.0;1.0;23.3;58.8
GRC;198910;-;-;-;0;26;19.4;7.0;-2.1;19.6;52.1
GRC;198911;-;-;-;0;38;1.9;1.5;-7.0;14.5;48.1
GRC;198912;-;-;-;0;29;38.3;1.0;-6.4;10.4;49.4
GRC;199001;-;-;-;2;24;16.6;-1.1;-7.2;8.5;50.5
GRC;199002;-;-;-;13;49;140.4;1.8;-8.1;13.6;59.9
GRC;199003;-;-;-;4;43;16.5;2.5;-10.7;16.1;55.0
GRC;199004;-;-;-;0;66;23.4;2.6;-5.3;17.6;67.0
GRC;199005;-;-;-;0;55;37.2;10.4;1.0;20.4;61.7
GRC;199006;-;-;-;0;63;66.7;11.0;1.1;25.2;67.9
GRC;199007;-;-;-;0;41;10.7;15.2;2.1;28.5;56.9
GRC;199008;-;-;-;0;48;34.5;14.7;4.0;28.7;60.7
GRC;199009;-;-;-;0;46;47.1;9.9;0.1;21.1;64.9
GRC;199010;-;-;-;0;54;110.3;7.3;-1.1;20.4;72.8
GRC;199011;-;-;-;5;51;40.8;-0.4;-9.4;10.1;73.3
GRC;199012;-;-;-;47;44;66.2;-4.5;-12.8;7.6;73.1
GRC;199101;-;-;-;63;38;44.9;-1.8;-8.4;6.6;63.2
GRC;199102;-;-;-;61;40;13.2;-4.4;-19.4;14.1;64.5
GRC;199103;-;-;-;16;60;73.3;2.7;-5.3;12.1;70.2
GRC;199104;-;-;-;1;58;45.6;2.2;-7.1;15.1;66.7
GRC;199105;-;-;-;0;56;20.4;5.4;-5.0;19.7;64.5
GRC;199106;-;-;-;0;64;70.5;10.4;1.0;24.6;67.0
GRC;199107;-;-;-;0;48;48.5;15.8;6.1;27.6;62.8
GRC;199108;-;-;-;0;39;48.8;16.0;6.8;28.3;62.8
GRC;199109;-;-;-;0;48;36.9;12.3;1.1;27.1;70.1
GRC;199110;-;-;-;0;44;84.9;4.8;-6.4;19.4;67.1
GRC;199111;-;-;-;2;48;15.3;0.2;-7.4;12.1;68.7
GRC;199112;-;-;-;7;26;114.6;-1.9;-10.2;9.4;55.0
GRC;199201;-;-;-;22;23;10.0;-1.5;-11.1;8.4;55.3
GRC;199202;-;-;-;27;38;28.0;-1.0;-13.8;11.1;59.8
GRC;199203;-;-;-;5;61;41.6;1.5;-8.3;12.4;65.0
GRC;199204;-;-;-;2;53;9.6;4.0;-7.1;18.7;59.7
GRC;199205;-;-;-;0;45;25.3;10.8;0.0;23.3;61.8
GRC;199206;-;-;-;0;69;133.2;10.2;1.0;23.1;70.4
GRC;199207;-;-;-;0;53;49.7;14.7;4.8;27.4;64.4
GRC;199208;-;-;-;0;45;55.8;16.3;7.1;27.6;59.6
GRC;199209;-;-;-;0;46;58.5;10.0;-0.8;21.2;67.4
GRC;199210;-;-;-;1;68;141.3;3.3;-5.8;14.3;75.2
GRC;199211;-;-;-;6;53;83.8;2.8;-9.0;15.6;64.2
GRC;199212;-;-;-;27;38;43.7;-1.3;-9.0;6.0;63.5
GRC;199301;-;-;-;17;33;8.0;-0.1;-14.5;10.3;57.4
GRC;199302;-;-;-;9;24;10.9;-1.6;-17.3;12.1;50.9
GRC;199303;-;-;-;14;39;25.8;0.2;-11.2;16.0;61.3
GRC;199304;-;-;-;1;56;82.1;4.0;-8.1;16.3;64.0
GRC;199305;-;-;-;0;53;37.4;9.6;-0.1;23.5;60.0
GRC;199306;-;-;-;0;50;48.9;12.7;3.1;25.2;61.4
GRC;199307;-;-;-;0;50;53.6;12.8;2.1;26.3;59.8
GRC;199308;-;-;-;0;40;21.6;14.8;4.0;28.0;59.6
GRC;199309;-;-;-;0;59;154.1;8.7;0.0;23.5;67.3
GRC;199310;-;-;-;3;55;65.8;4.5;-4.0;15.6;67.8
GRC;199311;-;-;-;0;35;22.6;-0.5;-11.6;12.5;62.4
GRC;199312;-;-;-;15;63;82.2;-1.4;-13.8;12.1;65.7
GRC;199401;-;-;-;52;54;72.1;-2.4;-11.5;7.2;65.5
GRC;199402;-;-;-;50;51;13.1;-2.4;-13.2;9.7;59.7
GRC;199403;-;-;-;19;43;11.2;4.2;-4.0;16.4;57.0
GRC;199404;-;-;-;2;63;52.7;2.4;-7.1;19.0;61.9
GRC;199405;-;-;-;0;60;110.8;9.0;1.1;21.0;64.4
GRC;199406;-;-;-;0;54;48.9;12.7;-0.5;26.7;54.9
GRC;199407;-;-;-;0;46;50.9;16.9;8.0;28.1;55.7
GRC;199408;-;-;-;0;50;96.6;14.9;6.1;28.3;59.4
GRC;199409;-;-;-;0;65;98.5;9.1;-2.2;21.4;71.5
GRC;199410;-;-;-;0;45;30.1;6.0;-2.4;19.0;68.8
GRC;199411;-;-;-;0;48;101.8;4.3;-1.5;14.1;69.1
GRC;199412;-;-;-;7;48;36.5;-0.2;-12.0;10.4;68.9
GRC;199501;-;-;-;45;55;78.7;-4.5;-16.7;5.2;68.4
GRC;199502;-;-;-;72;54;69.9;-0.4;-10.1;10.0;69.6
GRC;199503;-;-;-;69;49;41.1;-1.8;-13.2;13.5;63.3
GRC;199504;-;-;-;11;55;79.0;4.1;-5.2;15.4;69.8
GRC;199505;-;-;-;0;56;102.4;8.1;-3.5;21.0;64.9
GRC;199506;-;-;-;0;59;31.6;10.4;1.0;25.5;68.4
GRC;199507;-;-;-;0;51;48.6;16.4;6.4;28.5;65.6
GRC;199508;-;-;-;0;64;41.7;13.2;-0.1;26.0;68.7
GRC;199509;-;-;-;0;63;84.1;7.3;-2.0;18.1;76.3
GRC;199510;-;-;-;0;26;1.5;8.9;1.0;20.3;64.2
GRC;199511;-;-;-;0;44;18.1;0.5;-10.3;12.0;67.8
GRC;199512;-;-;-;5;55;27.9;-2.3;-12.0;5.6;73.5
GRC;199601;-;-;-;8;41;4.7;-0.4;-7.0;7.5;62.8
GRC;199602;-;-;-;20;58;34.0;-4.7;-14.1;7.0;74.3
GRC;199603;-;-;-;8;38;23.9;-0.6;-13.1;15.0;61.5
GRC;199604;-;-;-;0;56;19.1;4.8;-6.3;16.2;63.4
GRC;199605;-;-;-;0;64;104.0;8.1;-1.8;25.0;71.4
GRC;199606;-;-;-;0;49;14.0;13.5;1.0;26.3;60.9
GRC;199607;-;-;-;0;54;63.5;13.7;3.0;26.3;64.1
GRC;199608;-;-;-;0;64;70.4;12.7;3.0;25.3;73.3
GRC;199609;-;-;-;0;48;19.4;7.6;-0.2;21.1;67.1
GRC;199610;-;-;-;0;54;80.6;4.9;-2.0;16.4;73.3
GRC;199611;-;-;-;11;63;94.2;0.3;-13.0;16.8;74.1
GRC;199612;-;-;-;43;53;23.8;-1.7;-15.1;6.3;70.7
GRC;199701;-;-;-;41;40;21.7;-0.9;-9.6;9.0;62.2
GRC;199702;-;-;-;44;40;31.4;0.1;-11.0;12.0;59.9
GRC;199703;-;-;-;8;34;4.3;3.2;-6.4;15.0;58.4
GRC;199704;-;-;-;0;30;9.2;4.2;-7.0;16.1;56.9
GRC;199705;-;-;-;0;53;65.4;9.6;-3.0;21.3;60.2
GRC;199706;-;-;-;0;74;74.8;11.4;2.4;24.1;68.1
GRC;199707;-;-;-;0;60;43.1;12.8;5.0;25.1;67.0
GRC;199708;-;-;-;0;50;35.5;15.3;4.0;26.7;67.6
GRC;199709;-;-;-;0;28;31.4;12.2;4.0;25.0;67.6
GRC;199710;-;-;-;0;48;36.2;6.5;-5.0;21.1;66.3
GRC;199711;-;-;-;5;53;23.6;1.3;-7.3;12.5;69.5
GRC;199712;-;-;-;6;54;32.4;-1.3;-9.5;8.3;73.1
GRC;199801;-;-;-;17;36;38.8;-1.3;-11.0;11.5;57.8
GRC;199802;-;-;-;14;20;18.4;2.3;-8.0;14.5;52.2
GRC;199803;-;-;-;3;51;15.4;2.1;-12.0;17.0;60.7
GRC;199804;-;-;-;1;61;52.5;3.5;-7.5;17.0;67.2
GRC;199805;-;-;-;0;48;36.0;9.9;1.0;23.0;64.0
GRC;199806;-;-;-;0;49;67.4;13.3;-0.5;28.0;62.7
GRC;199807;-;-;-;0;50;34.5;15.1;4.0;28.0;59.9
GRC;199808;-;-;-;0;42;37.3;15.7;4.0;30.0;61.5
GRC;199809;-;-;-;0;52;60.7;10.2;-0.5;24.0;66.6
GRC;199810;-;-;-;0;61;105.3;5.6;-5.0;17.5;70.2
GRC;199811;-;-;-;0;45;27.4;-1.8;-12.5;12.0;67.3
GRC;199812;-;-;-;2;35;6.7;-1.2;-13.0;11.5;59.4
GRC;199901;-;-;-;20;34;67.2;-1.1;-17.5;13.0;59.6
GRC;199902;-;-;-;57;61;109.6;-4.8;-17.5;10.0;72.6
GRC;199903;-;-;-;54;46;58.2;1.2;-11.0;14.0;65.7
GRC;199904;-;-;-;6;51;50.6;4.0;-6.0;15.5;63.1
GRC;199905;-;-;-;0;57;106.5;10.9;3.0;23.0;66.0
GRC;199906;-;-;-;0;52;73.9;11.9;1.5;24.0;65.8
GRC;199907;-;-;-;0;42;38.0;15.3;5.0;26.0;61.8
GRC;199908;-;-;-;0;57;73.9;14.5;5.5;27.5;69.1
GRC;199909;-;-;-;0;46;54.9;12.4;4.5;23.0;66.8
GRC;199910;-;-;-;0;40;17.4;7.0;-2.5;18.5;67.2
GRC;199911;-;-;-;8;45;40.4;0.1;-12.5;16.5;66.4
GRC;199912;-;-;-;24;50;74.3;-2.6;-13.5;9.0;63.4
GRC;200001;-;-;-;45;31;21.2;-2.8;-13.5;8.0;58.4
GRC;200002;-;-;-;37;42;29.5;-0.4;-11.5;12.0;61.1
GRC;200003;-;-;-;16;39;33.2;2.0;-9.0;13.5;59.5
GRC;200004;-;-;-;0;51;74.6;5.0;-3.0;17.5;63.0
GRC;200005;-;-;-;0;52;36.6;10.7;2.5;22.0;61.8
GRC;200006;-;-;-;0;42;53.4;14.1;4.0;26.0;61.0
GRC;200007;-;-;-;0;46;52.5;12.5;2.5;24.5;63.3
GRC;200008;-;-;-;0;36;36.3;15.3;7.0;28.0;61.3
GRC;200009;-;-;-;0;32;109.8;12.1;2.5;23.5;59.3
GRC;200010;-;-;-;0;44;256.2;6.3;-2.0;16.5;71.1
GRC;200011;-;-;-;19;46;98.1;0.8;-6.5;11.5;70.3
GRC;200012;-;-;-;15;39;9.1;0.7;-11.5;10.0;59.8
GRC;200101;-;-;-;34;44;41.2;-1.8;-10.5;7.0;64.1
GRC;200102;-;-;-;43;39;24.3;-0.8;-13.5;12.0;58.6
GRC;200103;-;-;-;13;60;74.5;3.1;-9.5;15.5;69.2
GRC;200104;-;-;-;1;57;56.3;3.0;-5.5;17.0;62.1
GRC;200105;-;-;-;0;54;35.4;11.5;0.5;26.0;59.0
GRC;200106;-;-;-;0;41;101.5;11.9;-1.5;27.0;60.2
GRC;200107;-;-;-;0;49;73.3;14.7;4.0;27.5;64.6
GRC;200108;-;-;-;0;36;43.5;15.6;5.0;26.5;63.8
GRC;200109;-;-;-;0;51;33.1;8.0;-0.5;19.5;64.3
GRC;200110;-;-;-;0;31;20.5;10.4;2.5;22.5;57.7
GRC;200111;-;-;-;0;45;11.4;0.6;-11.0;14.0;71.5
GRC;200112;-;-;-;3;31;29.6;-3.3;-14.5;9.5;61.8
GRC;200201;-;-;-;16;20;10.3;-1.0;-13.5;13.0;56.7
GRC;200202;-;-;-;13;54;55.1;0.8;-12.0;12.5;69.5
GRC;200203;-;-;-;4;35;59.5;3.2;-7.5;14.5;60.1
GRC;200204;-;-;-;0;40;27.2;5.2;-5.0;16.5;62.3
GRC;200205;-;-;-;2;60;142.7;8.0;-2.5;21.5;72.8
GRC;200206;-;-;-;0;44;65.6;15.0;3.0;28.5;65.2
GRC;200207;-;-;-;0;49;89.9;14.1;6.5;25.0;70.1
GRC;200208;-;-;-;0;55;95.7;13.3;3.5;24.0;74.0
GRC;200209;-;-;-;0;54;57.4;9.7;-1.5;20.0;75.4
GRC;200210;-;-;-;0;48;27.9;6.7;-2.0;17.0;65.7
GRC;200211;-;-;-;2;57;156.9;2.1;-5.5;13.5;77.6
GRC;200212;-;-;-;8;51;41.3;0.2;-7.0;8.5;71.8
GRC;200301;-;-;-;19;40;29.6;-3.9;-14.5;8.0;69.5
GRC;200302;-;-;-;38;22;24.1;-4.0;-17.0;12.5;54.7
GRC;200303;-;-;-;6;23;1.4;3.8;-5.5;15.5;55.6
GRC;200304;-;-;-;0;31;14.1;5.3;-8.0;17.5;58.9
GRC;200305;-;-;-;0;45;34.1;10.6;-2.5;22.0;64.5
GRC;200306;-;-;-;0;33;50.6;17.8;7.5;28.0;59.9
GRC;200307;-;-;-;0;35;36.7;16.2;4.5;28.0;61.4
GRC;200308;-;-;-;0;31;34.7;18.3;7.5;29.5;57.7
GRC;200309;-;-;-;0;29;12.7;11.9;3.5;24.5;61.1
GRC;200310;-;-;-;0;35;41.2;4.5;-6.5;19.5;61.1
GRC;200311;-;-;-;4;37;56.8;3.6;-6.0;16.5;63.1
GRC;200312;-;-;-;6;35;23.7;-0.3;-12.0;10.0;60.0
GRC;200401;-;-;-;36;48;107.8;-3.2;-14.0;7.0;67.8
GRC;200402;-;-;-;36;27;8.8;-0.9;-13.0;13.5;57.2
GRC;200403;-;-;-;23;36;21.8;0.5;-13.0;18.0;59.8
GRC;200404;-;-;-;1;47;31.9;4.8;-6.0;17.0;61.3
GRC;200405;-;-;-;1;39;47.1;8.2;-2.5;21.5;61.3
GRC;200406;-;-;-;0;41;30.5;13.0;4.0;26.5;60.5
GRC;200407;-;-;-;0;43;46.1;14.4;5.0;26.0;62.5
GRC;200408;-;-;-;0;42;86.9;14.7;4.0;26.5;63.7
GRC;200409;-;-;-;0;32;17.7;12.3;0.0;24.5;68.0
GRC;200410;-;-;-;0;41;59.1;8.5;-3.0;22.0;69.8
GRC;200411;-;-;-;1;36;76.8;0.9;-8.5;16.5;72.8
GRC;200412;-;-;-;26;26;35.7;-0.9;-12.0;10.0;63.8
GRC;200501;-;-;-;44;27;30.1;-3.4;-17.0;10.0;63.9
GRC;200502;-;-;-;54;32;9.6;-6.1;-14.5;5.0;65.8
GRC;200503;-;-;-;26;35;21.9;1.3;-15.5;16.5;62.5
GRC;200504;-;-;-;4;47;83.3;4.7;-6.5;20.5;66.1
GRC;200505;-;-;-;0;41;32.1;10.2;1.0;26.0;63.0
GRC;200506;-;-;-;0;33;47.3;14.7;0.5;28.5;62.5
GRC;200507;-;-;-;0;43;57.3;14.7;4.5;27.0;64.2
GRC;200508;-;-;-;0;41;144.0;12.7;3.5;24.5;67.8
GRC;200509;-;-;-;0;44;28.6;11.6;2.0;24.5;71.5
GRC;200510;-;-;-;0;29;51.4;8.6;0.5;21.0;57.7
GRC;200511;-;-;-;1;32;6.9;1.0;-10.5;16.5;64.1
GRC;200512;-;-;-;13;35;49.4;-4.5;-16.5;6.6;64.3
GRC;200601;-;-;-;36;29;9.2;-3.2;-11.0;11.0;57.0
GRC;200602;-;-;-;38;41;38.3;-2.7;-11.5;10.0;65.5
GRC;200603;-;-;-;47;53;78.1;-0.6;-15.0;15.5;62.2
GRC;200604;-;-;-;1;44;51.9;5.0;-5.0;16.5;61.2
GRC;200605;-;-;-;0;54;63.3;9.2;-1.5;21.0;61.4
GRC;200606;-;-;-;0;37;26.9;14.2;-2.5;27.0;58.9
GRC;200607;-;-;-;0;37;21.9;18.3;10.0;27.5;57.3
GRC;200608;-;-;-;0;52;70.9;11.4;2.0;23.5;63.5
GRC;200609;-;-;-;0;39;65.9;13.7;1.0;26.0;62.8
GRC;200610;-;-;-;0;42;27.3;9.8;2.0;19.5;59.4
GRC;200611;-;-;-;1;32;10.9;4.1;-7.5;15.5;62.6
GRC;200612;-;-;-;17;30;56.8;1.1;-8.5;10.5;60.6
GRC;200701;-;-;-;14;44;50.9;0.7;-13.5;12.0;71.5
GRC;200702;-;-;-;7;44;31.9;1.4;-4.0;13.0;65.4
GRC;200703;-;-;-;2;43;53.1;1.8;-9.5;14.0;63.6
GRC;200704;-;-;-;0;24;15.0;10.2;-1.5;21.5;57.6
GRC;200705;-;-;-;0;58;152.9;9.6;-2.0;24.0;69.8
GRC;200706;-;-;-;0;56;98.5;13.0;1.0;25.0;71.7
GRC;200707;-;-;-;0;47;80.2;14.2;3.5;26.0;66.4
GRC;200708;-;-;-;0;55;141.5;13.3;2.5;25.5;74.3
GRC;200709;-;-;-;0;41;27.4;9.8;-0.5;21.0;70.0
GRC;200710;-;-;-;0;32;7.6;6.8;-6.5;21.5;66.8
GRC;200711;-;-;-;2;45;17.8;0.5;-11.0;17.0;68.4
GRC;200712;-;-;-;19;37;50.1;-1.5;-10.0;7.0;64.2
GRC;200801;-;-;-;40;47;55.1;0.1;-8.5;13.0;64.1
GRC;200802;-;-;-;27;31;8.3;1.6;-7.5;15.0;57.5
GRC;200803;-;-;-;4;61;52.4;0.3;-11.0;14.0;64.9
GRC;200804;-;-;-;0;56;25.3;4.0;-5.0;16.5;63.8
GRC;200805;-;-;-;0;56;106.4;10.4;-1.0;21.0;65.9
GRC;200806;-;-;-;0;61;109.9;13.2;4.0;26.0;71.9
GRC;200807;-;-;-;0;52;92.5;14.1;5.0;24.5;68.7
GRC;200808;-;-;-;0;46;43.4;14.6;4.0;26.0;68.1
GRC;200809;-;-;-;0;57;62.8;9.8;1.5;23.5;70.9
GRC;200810;-;-;-;2;47;56.5;7.4;-4.0;20.0;69.5
GRC;200811;-;-;-;8;49;130.1;0.6;-10.5;13.5;70.9
GRC;200812;-;-;-;48;55;101.3;-2.6;-10.0;7.0;71.9
GRC;200901;-;-;-;57;37;36.3;-3.3;-11.0;6.4;58.9
GRC;200902;-;-;-;62;54;25.4;-3.5;-14.0;13.0;67.4
GRC;200903;-;-;-;48;53;63.8;0.4;-9.5;12.5;62.8
GRC;200904;-;-;-;5;52;145.7;6.1;-2.0;15.5;63.6
GRC;200905;-;-;-;1;50;42.1;11.1;0.0;25.5;62.6
GRC;200906;-;-;-;0;52;44.7;13.0;2.5;25.5;63.7
GRC;200907;-;-;-;0;48;53.6;15.1;5.0;26.0;61.9
GRC;200908;-;-;-;0;36;44.4;16.6;6.5;27.5;60.9
GRC;200909;-;-;-;0;36;31.3;12.9;2.5;25.0;63.1
GRC;200910;-;-;-;0;40;16.6;6.9;-6.0;22.5;59.3
GRC;200911;-;-;-;1;52;90.1;3.2;-4.5;16.0;69.0
GRC;200912;-;-;-;31;57;59.1;-3.2;-16.3;6.5;69.2
GRC;201001;-;-;-;40;50;19.5;-4.9;-14.0;6.0;65.4
GRC;201002;-;-;-;47;51;14.0;-3.4;-15.0;8.5;65.1
GRC;201003;-;-;-;23;51;30.7;0.3;-12.0;13.5;63.9
GRC;201004;-;-;-;0;39;14.0;6.1;-6.0;19.0;56.3
GRC;201005;-;-;-;0;66;154.1;7.9;-0.5;23.5;69.2
GRC;201006;-;-;-;0;59;21.3;13.2;1.5;25.0;64.9
GRC;201007;-;-;-;0;43;63.5;16.5;2.5;28.5;60.9
GRC;201008;-;-;-;0;55;74.2;13.3;2.0;26.5;66.1
GRC;201009;-;-;-;0;47;15.5;10.2;0.5;22.0;64.5
GRC;201010;-;-;-;1;52;34.7;6.0;-5.0;20.5;65.4
GRC;201011;-;-;-;2;59;61.1;0.8;-12.5;15.5;66.6
GRC;201012;-;-;-;20;57;59.0;-4.3;-14.5;8.0;71.3
GRC;201101;-;-;-;33;34;5.7;-2.2;-12.0;10.5;58.4
GRC;201102;-;-;-;17;40;7.2;0.5;-8.5;13.0;58.5
GRC;201103;-;-;-;0;40;22.8;3.4;-5.5;15.0;55.7
GRC;201104;-;-;-;0;33;1.3;8.5;-3.0;22.0;51.3
GRC;201105;-;-;-;0;41;41.2;11.7;1.0;24.0;58.0
GRC;201106;-;-;-;0;63;84.8;12.9;0.0;28.5;64.0
GRC;201107;-;-;-;0;57;64.8;12.8;4.5;25.5;61.7
GRC;201108;-;-;-;0;39;39.2;16.3;5.0;30.0;55.5
GRC;201109;-;-;-;0;37;24.5;13.8;1.5;24.0;59.4
GRC;201110;-;-;-;0;28;46.1;7.3;-4.5;23.0;55.0
GRC;201111;-;-;-;0;30;39.6;5.3;-0.5;14.5;48.4
GRC;201112;-;-;-;30;65;115.7;-1.1;-11.0;9.0;70.1
GRC;201201;-;-;-;57;54;50.4;-1.7;-9.0;7.5;64.0
GRC;201202;-;-;-;58;38;0.3;-5.6;-20.0;14.5;61.8
GRC;201203;-;-;-;14;26;17.9;4.8;-7.0;16.0;50.0
GRC;201204;-;-;-;1;67;82.4;4.4;-5.5;19.5;63.3
GRC;201205;-;-;-;0;49;51.1;10.0;-4.5;23.0;57.6
GRC;201206;-;-;-;0;51;56.0;14.3;2.7;27.0;60.7
GRC;201207;-;-;-;0;52;72.4;14.9;3.5;28.5;58.8
GRC;201208;-;-;-;0;44;44.5;16.4;5.0;31.0;57.2
GRC;201209;-;-;-;0;44;36.0;11.7;0.5;23.5;58.1
GRC;201210;-;-;-;4;50;60.7;7.5;-7.5;23.0;62.5
GRC;201211;-;-;-;3;46;71.4;3.3;-7.5;13.5;60.6
GRC;201212;-;-;-;48;62;83.4;-2.6;-14.0;11.5;67.9
GRC;201301;-;-;-;44;48;23.6;-2.7;-15.0;9.0;59.0
GRC;201302;-;-;-;57;52;30.8;-5.0;-16.0;7.5;59.9
GRC;201303;-;-;-;24;48;16.0;0.4;-12.0;11.0;58.3
GRC;201304;-;-;-;2;53;91.7;5.9;-3.5;20.0;60.8
GRC;201305;-;-;-;0;65;103.9;6.4;-2.0;18.0;64.2
GRC;201306;278;841.2;12291;0;48;29.1;11.3;2.3;26.3;66.2
GRC;201307;276;844.3;14818;0;41;52.9;15.9;6.8;26.5;63.3
GRC;201308;235;842.9;12827;0;41;55.9;14.3;5.7;26.2;67.0
GRC;201309;176;840.5;9961;0;47;30.7;11.0;1.4;24.5;67.8
GRC;201310;107;840.5;6842;1;58;37.0;7.6;-3.1;17.7;74.2
GRC;201311;55;834.8;3221;9;59;71.3;-0.4;-12.0;12.2;78.5
GRC;201312;46;842.1;4879;15;36;32.2;0.1;-8.2;8.3;56.3
GRC;201401;50;831.6;3112;38;53;29.0;-1.3;-10.7;9.2;70.0
GRC;201402;86;831.4;4000;54;61;62.4;-1.9;-6.8;5.3;75.2
GRC;201403;178;836.8;10850;30;30;28.6;2.2;-7.5;13.6;54.9
GRC;201404;213;835.7;10108;1;51;59.4;5.8;-3.8;16.0;62.6
GRC;201405;252;838.0;10488;0;59;37.8;7.3;-2.0;17.3;65.1
GRC;201406;278;840.8;12894;0;49;28.4;13.2;3.7;26.4;59.6
GRC;201407;204;840.0;8158;0;66;126.1;12.6;3.2;26.2;76.7
GRC;201408;214;839.8;10047;0;60;75.1;11.7;3.6;20.6;75.6
GRC;201409;173;841.4;9574;0;45;19.8;11.1;2.1;20.6;70.7
GRC;201410;118;841.3;8325;0;41;29.2;8.4;-3.2;18.7;67.3
GRC;201411;63;834.8;4876;3;51;89.7;4.2;-3.4;14.2;70.0
GRC;201412;39;838.7;3013;4;53;24.9;-1.4;-12.4;11.6;73.9
GRC;201501;52;836.9;3709;12;53;28.1;-2.1;-10.7;12.2;67.0
GRC;201502;95;833.2;5051;26;49;22.0;-3.5;-10.3;7.1;69.3
GRC;201503;154;838.7;8177;11;46;39.2;1.7;-8.6;11.8;61.7
GRC;201504;228;840.3;11241;0;42;20.1;5.7;-7.1;16.9;55.2
GRC;201505;237;839.3;10718;0;60;103.1;8.9;-1.9;22.6;68.0
GRC;201506;274;843.0;12824;0;51;39.3;13.8;4.0;26.1;62.8
GRC;201507;282;843.2;15560;0;36;33.1;17.7;6.3;30.4;56.6
GRC;201508;217;842.6;11814;0;47;74.6;14.8;6.1;27.2;69.8
GRC;201509;174;840.0;9500;0;49;24.8;8.8;0.8;19.8;73.6
GRC;201510;112;839.0;7368;1;54;32.3;5.6;-2.7;15.9;74.4
GRC;201511;69;842.7;6486;1;31;39.9;3.6;-9.2;17.5;60.4
GRC;201512;47;848.6;5367;1;24;1.1;3.0;-3.7;10.7;50.6
GRC;201601;51;835.2;3724;27;54;60.4;-1.9;-13.8;8.4;69.7
GRC;201602;81;833.2;3622;44;68;66.9;-1.3;-10.3;10.8;75.6
GRC;201603;175;832.8;9518;42;36;19.0;-0.6;-11.4;11.0;61.3
GRC;201604;202;834.2;8532;1;57;54.5;4.4;-5.4;17.0;65.4
GRC;201605;244;836.6;10570;1;55;60.1;7.2;-3.0;19.4;68.0
GRC;201606;244;839.6;9189;0;65;43.2;11.6;3.5;27.3;73.9
GRC;201607;271;843.6;13972;0;40;25.9;15.3;2.8;27.1;64.3
GRC;201608;242;844.8;13598;0;39;16.3;15.1;3.9;27.8;62.1
GRC;201609;175;843.4;10195;0;39;27.5;12.2;4.6;23.1;67.7
GRC;201610;108;840.9;7496;0;46;28.0;5.2;-3.1;14.8;70.3
GRC;201611;60;836.6;3834;4;51;30.2;1.0;-8.2;13.8;72.6
GRC;201612;48;847.2;5757;0;18;3.0;1.3;-5.1;11.3;47.7
GRC;201701;56;838.0;4815;13;40;18.8;-4.8;-15.3;5.0;64.4
GRC;201702;100;837.5;6312;11;47;13.2;0.2;-6.3;10.6;63.7
GRC;201703;153;838.7;8135;4;48;46.7;3.5;-7.7;15.7;67.5
GRC;201704;235;838.7;12669;0;36;16.8;4.7;-7.3;17.3;56.2
GRC;201705;265;840.0;13064;0;50;29.9;9.6;-3.4;23.4;62.7
GRC;201706;276;841.3;13304;0;45;50.6;15.4;2.5;27.3;61.5
GRC;201707;255;842.3;12133;0;47;40.5;15.1;5.8;25.8;62.3
GRC;201708;214;843.9;11399;0;45;99.5;15.4;1.9;26.5;65.2
GRC;201709;161;839.7;8180;0;50;10.2;8.3;-0.4;19.3;70.8
GRC;201710;120;844.2;8967;0;35;8.1;7.9;-1.4;19.7;59.8
GRC;201711;59;836.8;4081;1;45;22.9;0.0;-8.9;11.9;66.3
GRC;201712;40;836.1;3368;20;47;52.7;-3.9;-13.0;7.1;70.7
GRC;201801;47;836.7;3396;64;60;205.6;-0.8;-8.0;7.7;72.4
GRC;201802;93;830.2;4845;79;57;15.4;-5.9;-19.8;5.8;71.2
GRC;201803;144;825.5;5637;61;56;33.7;-1.0;-11.2;7.4;69.7
GRC;201804;238;837.3;12171;10;33;29.3;6.8;-4.4;18.7;54.9
GRC;201805;231;838.3;9124;0;59;83.5;9.8;-0.2;21.8;69.6
GRC;201806;292;840.5;13704;0;37;22.7;14.1;5.3;25.3;62.2
GRC;201807;275;841.8;14726;0;35;46.6;16.3;8.3;26.5;59.8
GRC;201808;225;843.4;12333;0;44;21.5;15.5;2.5;27.2;65.2
GRC;201809;181;844.7;11027;0;33;22.2;12.8;2.7;23.6;64.6
GRC;201810;116;840.1;8836;1;36;102.5;7.9;-1.6;18.9;63.3
GRC;201811;66;837.4;5127;0;42;36.4;2.7;-6.1;11.8;67.1
GRC;201812;39;840.6;3172;8;51;95.5;-0.8;-11.1;7.9;67.7