stn;time;gre000m0;hto000m0;nto000m0;prestam0;rre150m0;sre000m0;tre200mx;tre200m0;tre200mn;ure200m0
STG;186401;-;-;-;-;-;-;-;-6.3;-;-
STG;186402;-;-;-;-;-;-;-;-1.4;-;-
STG;186403;-;-;-;-;-;-;-;4.5;-;-
STG;186404;-;-;-;-;-;-;-;5.9;-;-
STG;186405;-;-;-;-;-;-;-;11.8;-;-
STG;186406;-;-;-;-;-;-;-;14.4;-;-
STG;186407;-;-;-;-;-;-;-;16.4;-;-
STG;186408;-;-;-;-;-;-;-;15.5;-;-
STG;186409;-;-;-;-;-;-;-;13.1;-;-
STG;186410;-;-;-;-;-;-;-;6.9;-;-
STG;186411;-;-;-;-;-;-;-;2.1;-;-
STG;186412;-;-;-;-;-;-;-;-4.7;-;-
STG;186501;-;-;-;-;-;-;-;0.1;-;-
STG;186502;-;-;-;-;-;-;-;-3.3;-;-
STG;186503;-;-;-;-;-;-;-;-2.0;-;-
STG;186504;-;-;-;-;-;-;-;12.0;-;-
STG;186505;-;-;-;-;-;-;-;15.5;-;-
STG;186506;-;-;-;-;-;-;-;15.5;-;-
STG;186507;-;-;-;-;-;-;-;19.0;-;-
STG;186508;-;-;-;-;-;-;-;15.5;-;-
STG;186509;-;-;-;-;-;-;-;15.5;-;-
STG;186510;-;-;-;-;-;-;-;9.5;-;-
STG;186511;-;-;-;-;-;-;-;5.5;-;-
STG;186512;-;-;-;-;9.2;-;-;-2.7;-;-
STG;186601;-;-;-;-;39.7;-;-;2.0;-;-
STG;186602;-;-;-;-;124.1;-;-;3.3;-;-
STG;186603;-;-;-;-;127.8;-;-;3.2;-;-
STG;186604;-;-;-;-;104.4;-;-;8.8;-;-
STG;186605;-;-;-;-;89.6;-;-;9.2;-;-
STG;186606;-;-;-;-;130.1;-;-;16.6;-;-
STG;186607;-;-;-;-;119.8;-;-;16.4;-;-
STG;186608;-;-;-;-;291.4;-;-;14.3;-;-
STG;186609;-;-;-;-;104.7;-;-;14.4;-;-
STG;186610;-;-;-;-;11.0;-;-;7.6;-;-
STG;186611;-;-;-;-;133.8;-;-;3.3;-;-
STG;186612;-;-;-;-;87.0;-;-;2.0;-;-
STG;186701;-;-;-;-;141.7;-;-;-0.7;-;-
STG;186702;-;-;-;-;111.9;-;-;4.9;-;-
STG;186703;-;-;-;-;106.0;-;-;2.9;-;-
STG;186704;-;-;-;-;126.3;-;-;8.3;-;-
STG;186705;-;-;-;-;145.6;-;-;12.3;-;-
STG;186706;-;-;-;-;163.4;-;-;14.9;-;-
STG;186707;-;-;-;-;103.1;-;-;15.1;-;-
STG;186708;-;-;-;-;159.9;-;-;16.9;-;-
STG;186709;-;-;-;-;82.3;-;-;13.8;-;-
STG;186710;-;-;-;-;184.6;-;-;6.1;-;-
STG;186711;-;-;-;-;46.2;-;-;1.0;-;-
STG;186712;-;-;-;-;119.9;-;-;-3.3;-;-
STG;186801;-;-;-;-;59.2;-;-;-2.8;-;-
STG;186802;-;-;-;-;17.1;-;-;2.1;-;-
STG;186803;-;-;-;-;113.0;-;-;1.7;-;-
STG;186804;-;-;-;-;100.1;-;-;6.6;-;-
STG;186805;-;-;-;-;23.9;-;-;16.8;-;-
STG;186806;-;-;-;-;135.6;-;-;16.0;-;-
STG;186807;-;-;-;-;152.1;-;-;17.0;-;-
STG;186808;-;-;-;-;67.4;-;-;16.7;-;-
STG;186809;-;-;-;-;81.1;-;-;14.8;-;-
STG;186810;-;-;-;-;138.9;-;-;8.6;-;-
STG;186811;-;-;-;-;52.2;-;-;0.3;-;-
STG;186812;-;-;-;-;96.1;-;-;4.7;-;-
STG;186901;-;-;-;-;41.7;-;-;-1.8;-;-
STG;186902;-;-;-;-;16.8;-;-;5.2;-;-
STG;186903;-;-;-;-;65.9;-;-;-0.1;-;-
STG;186904;-;-;-;-;112.6;-;-;9.0;-;-
STG;186905;-;-;-;-;127.2;-;-;13.8;-;-
STG;186906;-;-;-;-;136.7;-;-;12.1;-;-
STG;186907;-;-;-;-;153.1;-;-;18.6;-;-
STG;186908;-;-;-;-;210.3;-;-;14.5;-;-
STG;186909;-;-;-;-;79.3;-;-;14.3;-;-
STG;186910;-;-;-;-;82.2;-;-;5.4;-;-
STG;186911;-;-;-;-;99.7;-;-;3.8;-;-
STG;186912;-;-;-;-;74.0;-;-;-1.9;-;-
STG;187001;-;-;-;-;28.2;-;-;-2.5;-;-
STG;187002;-;-;-;-;32.9;-;-;-3.4;-;-
STG;187003;-;-;-;-;93.3;-;-;0.7;-;-
STG;187004;-;-;-;-;50.6;-;-;6.8;-;-
STG;187005;-;-;-;-;38.5;-;-;13.3;-;-
STG;187006;-;-;-;-;74.2;-;-;15.4;-;-
STG;187007;-;-;-;-;110.1;-;-;18.4;-;-
STG;187008;-;-;-;-;163.1;-;-;14.1;-;-
STG;187009;-;-;-;-;91.1;-;-;11.3;-;-
STG;187010;-;-;-;-;188.3;-;-;7.9;-;-
STG;187011;-;-;-;-;82.7;-;-;2.5;-;-
STG;187012;-;-;-;-;100.1;-;-;-4.5;-;-
STG;187101;-;-;-;-;70.9;-;-;-5.4;-;-
STG;187102;-;-;-;-;63.0;-;-;1.1;-;-
STG;187103;-;-;-;-;60.0;-;-;3.9;-;-
STG;187104;-;-;-;-;145.9;-;-;8.1;-;-
STG;187105;-;-;-;-;78.7;-;-;10.2;-;-
STG;187106;-;-;-;-;219.0;-;-;11.7;-;-
STG;187107;-;-;-;-;142.0;-;-;17.4;-;-
STG;187108;-;-;-;-;119.0;-;-;16.5;-;-
STG;187109;-;-;-;-;49.5;-;-;14.5;-;-
STG;187110;-;-;-;-;107.0;-;-;5.6;-;-
STG;187111;-;-;-;-;84.7;-;-;-0.8;-;-
STG;187112;-;-;-;-;22.5;-;-;-7.8;-;-
STG;187201;-;-;-;-;53.4;-;-;0.0;-;-
STG;187202;-;-;-;-;52.1;-;-;0.7;-;-
STG;187203;-;-;-;-;60.3;-;-;4.9;-;-
STG;187204;-;-;-;-;109.0;-;-;8.1;-;-
STG;187205;-;-;-;-;234.4;-;-;11.3;-;-
STG;187206;-;-;-;-;183.0;-;-;14.4;-;-
STG;187207;-;-;-;-;108.6;-;-;17.0;-;-
STG;187208;-;-;-;-;192.0;-;-;14.7;-;-
STG;187209;-;-;-;-;48.3;-;-;13.9;-;-
STG;187210;-;-;-;-;102.2;-;-;9.9;-;-
STG;187211;-;-;-;-;98.8;-;-;5.8;-;-
STG;187212;-;-;-;-;88.3;-;-;2.5;-;-
STG;187301;-;-;-;-;16.9;-;-;1.2;-;-
STG;187302;-;-;-;-;33.0;-;-;-0.6;-;-
STG;187303;-;-;-;-;82.6;-;-;5.8;-;-
STG;187304;-;-;-;-;134.7;-;-;6.1;-;-
STG;187305;-;-;-;-;187.3;-;-;9.1;-;-
STG;187306;-;-;-;-;96.0;-;-;15.1;-;-
STG;187307;-;-;-;-;179.1;-;-;18.9;-;-
STG;187308;-;-;-;-;176.9;-;-;17.5;-;-
STG;187309;-;-;-;-;117.0;-;-;12.0;-;-
STG;187310;-;-;-;-;147.7;-;-;9.0;-;-
STG;187311;-;-;-;-;55.6;-;-;3.3;-;-
STG;187312;-;-;-;-;49.4;-;-;-1.8;-;-
STG;187401;-;-;-;-;18.2;-;-;-0.4;-;-
STG;187402;-;-;-;-;32.1;-;-;-0.9;-;-
STG;187403;-;-;-;-;80.2;-;-;2.5;-;-
STG;187404;-;-;-;-;94.1;-;-;9.2;-;-
STG;187405;-;-;-;-;161.7;-;-;8.3;-;-
STG;187406;-;-;-;-;196.0;-;-;15.7;-;-
STG;187407;-;-;-;-;221.0;-;-;19.4;-;-
STG;187408;-;-;-;-;156.3;-;-;14.9;-;-
STG;187409;-;-;-;-;42.9;-;-;14.5;-;-
STG;187410;-;-;-;-;24.5;-;-;8.3;-;-
STG;187411;-;-;-;-;94.7;-;-;-0.2;-;-
STG;187412;-;-;-;-;91.7;-;-;-2.6;-;-
STG;187501;-;-;-;-;114.4;-;-;1.5;-;-
STG;187502;-;-;-;-;35.9;-;-;-4.5;-;-
STG;187503;-;-;-;-;71.3;-;-;0.7;-;-
STG;187504;-;-;-;-;20.7;-;-;7.5;-;-
STG;187505;-;-;-;-;105.6;-;-;13.7;-;-
STG;187506;-;-;-;-;215.4;-;-;16.1;-;-
STG;187507;-;-;-;-;130.7;-;-;15.9;-;-
STG;187508;-;-;-;-;72.1;-;-;17.9;-;-
STG;187509;-;-;-;-;159.3;-;-;13.8;-;-
STG;187510;-;-;-;-;145.0;-;-;6.7;-;-
STG;187511;-;-;-;-;119.8;-;-;2.9;-;-
STG;187512;-;-;-;-;53.7;-;-;-3.9;-;-
STG;187601;-;-;-;-;48.2;-;-;-3.4;-;-
STG;187602;-;-;-;-;80.6;-;-;1.4;-;-
STG;187603;-;-;-;-;213.7;-;-;3.8;-;-
STG;187604;-;-;-;-;115.6;-;-;7.6;-;-
STG;187605;-;-;-;-;157.5;-;-;8.3;-;-
STG;187606;-;-;-;-;444.2;-;-;15.1;-;-
STG;187607;-;-;-;-;163.9;-;-;17.7;-;-
STG;187608;-;-;-;-;120.9;-;-;17.3;-;-
STG;187609;-;-;-;-;158.5;-;-;12.3;-;-
STG;187610;-;-;-;-;23.3;-;-;10.3;-;-
STG;187611;-;-;-;-;82.9;-;-;1.9;-;-
STG;187612;-;-;-;-;68.5;-;-;3.3;-;-
STG;187701;-;-;-;-;53.4;-;-;2.3;-;-
STG;187702;-;-;-;-;156.1;-;-;2.8;-;-
STG;187703;-;-;-;-;145.0;-;-;2.1;-;-
STG;187704;-;-;-;-;157.2;-;-;7.0;-;-
STG;187705;-;-;-;-;130.1;-;-;9.6;-;-
STG;187706;-;-;-;-;129.6;-;-;17.9;-;-
STG;187707;-;-;-;-;279.9;-;-;16.5;-;-
STG;187708;-;-;-;-;174.2;-;-;17.9;-;-
STG;187709;-;-;-;-;76.0;-;-;10.7;-;-
STG;187710;-;-;-;-;62.9;-;-;6.1;-;-
STG;187711;-;-;-;-;71.6;-;-;5.0;-;-
STG;187712;-;-;-;-;120.5;-;-;0.0;-;-
STG;187801;-;-;-;-;97.2;-;-;-2.8;-;-
STG;187802;-;-;-;-;27.6;-;-;0.3;-;-
STG;187803;-;-;-;-;132.2;-;-;2.1;-;-
STG;187804;-;-;-;-;91.1;-;-;7.9;-;-
STG;187805;-;-;-;-;139.3;-;-;13.2;-;-
STG;187806;-;-;-;-;213.8;-;-;14.9;-;-
STG;187807;-;-;-;-;251.4;-;-;16.1;-;-
STG;187808;-;-;-;-;165.0;-;-;16.6;-;-
STG;187809;-;-;-;-;197.0;-;-;13.2;-;-
STG;187810;-;-;-;-;106.0;-;-;9.0;-;-
STG;187811;-;-;-;-;72.5;-;-;1.8;-;-
STG;187812;-;-;-;-;92.0;-;-;-2.8;-;-
STG;187901;-;-;-;-;55.1;-;-;-1.5;-;-
STG;187902;-;-;-;-;142.0;-;-;1.5;-;-
STG;187903;-;-;-;-;43.0;-;-;3.1;-;-
STG;187904;-;-;-;-;142.2;-;-;6.3;-;-
STG;187905;-;-;-;-;194.9;-;-;8.5;-;-
STG;187906;-;-;-;-;166.5;-;-;15.8;-;-
STG;187907;-;-;-;-;196.0;-;-;14.6;-;-
STG;187908;-;-;-;-;135.6;-;-;18.3;-;-
STG;187909;-;-;-;-;194.9;-;-;13.3;-;-
STG;187910;-;-;-;-;87.2;-;-;6.5;-;-
STG;187911;-;-;-;-;133.0;-;-;-0.2;-;-
STG;187912;-;-;-;-;41.6;-;-;-8.2;-;-
STG;188001;-;-;-;-;21.6;-;-;-5.3;-;-
STG;188002;-;-;-;-;62.5;-;-;1.2;-;-
STG;188003;-;-;-;-;31.5;-;-;5.1;-;-
STG;188004;-;-;-;-;130.7;-;-;8.2;-;-
STG;188005;-;-;-;-;177.2;-;-;10.1;-;-
STG;188006;-;-;-;-;208.3;-;-;14.0;-;-
STG;188007;-;-;-;-;143.7;-;-;17.8;-;-
STG;188008;-;-;-;-;175.3;-;-;15.4;-;-
STG;188009;-;-;-;-;170.6;-;-;13.4;-;-
STG;188010;-;-;-;-;305.4;-;-;8.8;-;-
STG;188011;-;-;-;-;54.4;-;-;4.3;-;-
STG;188012;-;-;-;-;92.5;-;-;4.7;-;-
STG;188101;-;-;-;-;26.1;-;-;-4.2;-;-
STG;188102;-;-;-;-;58.0;-;-;0.6;-;-
STG;188103;-;-;-;-;70.3;-;-;4.4;-;-
STG;188104;-;-;-;-;129.6;-;-;6.2;-;-
STG;188105;-;-;-;-;168.4;-;-;10.7;-;-
STG;188106;-;-;-;-;240.4;-;-;14.7;-;-
STG;188107;-;-;-;-;130.3;-;-;19.4;-;-
STG;188108;-;-;-;-;271.1;-;-;17.0;-;-
STG;188109;-;-;-;-;480.3;-;-;11.7;-;-
STG;188110;-;-;-;-;99.7;-;-;4.7;-;-
STG;188111;-;-;-;-;22.0;-;-;5.0;-;-
STG;188112;-;-;-;-;22.4;-;-;-0.3;-;-
STG;188201;-;-;-;-;28.1;-;-;-1.4;-;-
STG;188202;-;-;-;-;32.6;-;-;0.1;-;-
STG;188203;-;-;-;-;44.6;-;-;5.3;-;-
STG;188204;-;-;-;-;141.6;-;-;7.0;-;-
STG;188205;-;-;-;-;165.1;-;-;11.8;-;-
STG;188206;-;-;-;-;264.5;-;-;14.0;-;-
STG;188207;-;-;-;-;213.3;-;-;15.4;-;-
STG;188208;-;-;-;-;129.8;-;-;14.5;-;-
STG;188209;-;-;-;-;244.1;-;-;11.6;-;-
STG;188210;-;-;-;-;156.4;-;-;9.0;-;-
STG;188211;-;-;-;-;142.6;-;-;4.2;-;-
STG;188212;-;-;-;-;92.4;-;-;0.8;-;-
STG;188301;-;-;-;-;46.2;-;-;0.5;-;-
STG;188302;-;-;-;-;42.3;-;-;1.9;-;-
STG;188303;-;-;-;-;58.6;-;-;-1.0;-;-
STG;188304;-;-;-;-;89.9;-;-;6.2;-;-
STG;188305;-;-;-;-;184.9;-;-;11.8;-;-
STG;188306;-;-;-;-;231.0;-;-;14.5;-;-
STG;188307;-;-;-;-;183.4;-;-;15.6;-;-
STG;188308;-;-;-;-;73.2;-;-;15.5;-;-
STG;188309;-;-;-;-;136.4;-;-;12.5;-;-
STG;188310;-;-;-;-;125.6;-;-;6.7;-;-
STG;188311;-;-;-;-;85.8;-;-;3.3;-;-
STG;188312;-;-;-;-;67.3;-;-;-0.9;-;-
STG;188401;-;-;-;-;53.5;-;-;1.2;-;-
STG;188402;-;-;-;-;35.8;-;-;1.7;-;-
STG;188403;-;-;-;-;37.3;-;-;4.4;-;-
STG;188404;-;-;-;-;67.7;-;-;6.3;-;-
STG;188405;-;-;-;-;78.6;-;-;12.9;-;-
STG;188406;-;-;-;-;255.5;-;-;12.1;-;-
STG;188407;-;-;-;-;225.5;-;-;17.9;-;-
STG;188408;-;-;-;-;178.8;-;-;16.8;-;-
STG;188409;-;-;-;-;90.2;-;-;12.8;-;-
STG;188410;-;-;-;-;124.1;-;-;7.2;-;-
STG;188411;-;-;-;-;39.9;-;-;1.1;-;-
STG;188412;-;-;-;-;71.5;-;-;0.1;-;-
STG;188501;-;-;-;-;21.6;-;-;-4.9;-;-
STG;188502;-;-;-;-;62.6;-;-;3.4;-;-
STG;188503;-;-;-;-;99.5;-;-;2.5;-;-
STG;188504;-;-;-;-;77.9;-;-;8.7;-;-
STG;188505;-;-;-;-;239.9;-;-;9.7;-;-
STG;188506;-;-;-;-;99.0;-;-;16.9;-;-
STG;188507;-;-;-;-;265.2;-;-;17.4;-;-
STG;188508;-;-;-;-;163.8;-;-;16.0;-;-
STG;188509;-;-;-;-;246.9;-;-;12.3;-;-
STG;188510;-;-;-;-;199.6;-;-;6.6;-;-
STG;188511;-;-;-;-;59.6;-;-;3.4;-;-
STG;188512;-;-;-;-;127.5;-;-;-1.0;-;-
STG;188601;-;-;-;-;48.1;-;-;-1.8;-;-
STG;188602;-;-;-;-;39.2;-;-;-3.1;-;-
STG;188603;-;-;-;-;53.7;-;-;1.1;-;-
STG;188604;-;-;-;-;161.9;-;-;8.9;-;-
STG;188605;-;-;-;-;93.6;-;-;12.7;-;-
STG;188606;-;-;-;-;408.8;-;-;13.5;-;-
STG;188607;-;-;-;-;202.4;-;-;17.3;-;-
STG;188608;-;-;-;-;354.3;-;-;16.3;-;-
STG;188609;-;-;-;-;116.4;-;-;14.9;-;-
STG;188610;-;-;-;-;136.0;-;-;9.0;-;-
STG;188611;-;-;-;-;63.3;-;-;4.1;-;-
STG;188612;-;-;-;-;127.0;-;-;0.4;-;-
STG;188701;-;-;-;-;10.8;-;-;-4.3;-;-
STG;188702;-;-;-;-;10.3;-;-;-2.5;-;-
STG;188703;-;-;-;-;123.3;-;-;0.3;-;-
STG;188704;-;-;-;-;80.5;-;-;7.0;-;-
STG;188705;-;-;-;-;295.3;-;-;9.2;-;-
STG;188706;-;-;-;-;158.9;-;-;16.3;-;-
STG;188707;-;-;-;-;196.1;-;-;19.1;-;-
STG;188708;-;-;-;-;173.6;-;-;16.0;-;-
STG;188709;-;-;-;-;144.4;-;-;11.4;-;-
STG;188710;-;-;-;-;73.2;-;-;4.0;-;-
STG;188711;-;-;-;-;54.6;-;-;2.0;-;-
STG;188712;-;-;-;-;111.1;-;-;-1.6;-;-
STG;188801;-;-;-;-;40.2;-;-;-3.1;-;-
STG;188802;-;-;-;-;88.8;-;-;-1.9;-;-
STG;188803;-;-;-;-;89.3;-;-;1.9;-;-
STG;188804;-;-;-;-;203.6;-;-;5.5;-;-
STG;188805;-;-;-;-;120.0;-;-;13.0;-;-
STG;188806;-;-;-;-;241.5;-;-;15.8;-;-
STG;188807;-;-;-;-;237.0;-;-;14.6;-;-
STG;188808;-;-;-;-;214.2;-;-;14.9;-;-
STG;188809;-;-;-;-;441.4;-;-;12.9;-;-
STG;188810;-;-;-;-;108.9;-;-;4.8;-;-
STG;188811;-;-;-;-;59.6;-;-;3.4;-;-
STG;188812;-;-;-;-;12.5;-;-;-1.3;-;-
STG;188901;-;-;-;-;17.6;-;-;-3.4;-;-
STG;188902;-;-;-;-;126.8;-;-;-2.6;-;-
STG;188903;-;-;-;-;81.7;-;-;-0.2;-;-
STG;188904;-;-;-;-;102.9;-;-;6.1;-;-
STG;188905;-;-;-;-;145.1;-;-;13.9;-;-
STG;188906;-;-;-;-;277.0;-;-;16.5;-;-
STG;188907;-;-;-;-;164.5;-;-;16.1;-;-
STG;188908;-;-;-;-;115.0;-;-;15.4;-;-
STG;188909;-;-;-;-;156.0;-;-;11.1;-;-
STG;188910;-;-;-;-;149.0;-;-;7.2;-;-
STG;188911;-;-;-;-;91.3;-;-;2.1;-;-
STG;188912;-;-;-;-;26.5;-;-;-3.7;-;-
STG;189001;-;-;-;-;87.9;-;-;0.9;-;-
STG;189002;-;-;-;-;10.0;-;-;-4.3;-;-
STG;189003;-;-;-;-;46.8;-;-;2.8;-;-
STG;189004;-;-;-;-;125.5;-;-;6.7;-;-
STG;189005;-;-;-;-;85.4;-;-;13.6;-;-
STG;189006;-;-;-;-;189.5;-;-;13.5;-;-
STG;189007;-;-;-;-;174.0;-;-;14.9;-;-
STG;189008;-;-;-;-;359.0;-;-;15.4;-;-
STG;189009;-;-;-;-;60.7;-;-;11.2;-;-
STG;189010;-;-;-;-;145.2;-;-;5.5;-;-
STG;189011;-;-;-;-;77.8;-;-;1.8;-;-
STG;189012;-;-;-;-;9.9;-;-;-6.7;-;-
STG;189101;-;-;-;-;57.1;-;-;-6.0;-;-
STG;189102;-;-;-;-;14.8;-;-;-3.5;-;-
STG;189103;-;-;-;-;137.4;-;-;2.5;-;-
STG;189104;-;-;-;-;126.7;-;-;4.2;-;-
STG;189105;-;-;-;-;112.3;-;-;11.1;-;-
STG;189106;-;-;-;-;173.9;-;-;14.6;-;-
STG;189107;-;-;-;-;223.1;-;-;15.0;-;-
STG;189108;-;-;-;-;138.9;-;-;14.4;-;-
STG;189109;-;-;-;-;115.9;-;-;12.7;-;-
STG;189110;-;-;-;-;88.5;-;-;8.8;-;-
STG;189111;-;-;-;-;65.7;-;-;1.7;-;-
STG;189112;-;-;-;-;121.1;-;-;-0.3;-;-
STG;189201;-;-;-;-;93.9;-;-;-2.3;-11.4;-
STG;189202;-;-;-;-;75.7;-;-;1.1;-13.6;-
STG;189203;-;-;-;-;57.0;-;-;-0.3;-15.4;-
STG;189204;-;-;-;-;186.1;-;-;6.8;-6.0;-
STG;189205;-;-;-;-;57.1;-;-;11.5;-2.8;-
STG;189206;-;-;-;-;167.9;-;-;14.6;4.9;-
STG;189207;-;-;-;-;174.3;-;-;15.5;-;-
STG;189208;-;-;-;-;90.0;-;-;17.6;6.9;-
STG;189209;-;-;-;-;248.0;-;-;13.1;3.4;-
STG;189210;-;-;-;-;182.8;-;-;7.6;-5.4;-
STG;189211;-;-;-;-;50.3;-;-;4.5;-3.4;-
STG;189212;-;-;-;-;44.8;-;-;-2.5;-10.7;-
STG;189301;-;-;-;-;91.9;-;-;-6.9;-17.5;-
STG;189302;-;-;-;-;67.8;-;-;1.4;-12.4;-
STG;189303;-;-;-;-;31.5;-;-;3.8;-8.0;-
STG;189304;-;-;-;-;6.4;-;-;9.4;-2.2;-
STG;189305;-;-;-;-;128.0;-;-;10.9;-2.0;-
STG;189306;-;-;-;-;115.1;-;-;14.4;2.4;-
STG;189307;-;-;-;-;199.4;-;-;16.1;8.4;-
STG;189308;-;-;-;-;29.1;-;-;16.2;5.7;-
STG;189309;-;-;-;-;120.4;-;-;12.6;5.5;-
STG;189310;-;-;-;-;114.1;-;-;9.2;-0.5;-
STG;189311;-;-;-;-;103.0;-;-;1.4;-8.0;-
STG;189312;-;-;-;-;34.2;-;-;-2.1;-15.3;-
STG;189401;-;-;-;-;32.7;-;-;-3.3;-18.8;-
STG;189402;-;-;-;-;76.2;-;-;0.0;-15.7;-
STG;189403;-;-;-;-;50.1;-;-;3.7;-5.1;-
STG;189404;-;-;-;-;112.2;-;-;8.7;1.4;-
STG;189405;-;-;-;-;199.6;-;-;10.1;1.1;-
STG;189406;-;-;-;-;136.8;-;-;13.6;5.0;-
STG;189407;-;-;-;-;168.4;-;-;16.6;8.5;-
STG;189408;-;-;-;-;167.1;-;-;15.2;7.3;-
STG;189409;-;-;-;-;124.7;-;-;11.1;0.8;-
STG;189410;-;-;-;-;100.7;-;-;8.0;-1.1;-
STG;189411;-;-;-;-;38.0;-;-;3.5;-4.8;-
STG;189412;-;-;-;-;73.3;-;-;-2.2;-11.7;-
STG;189501;-;-;-;-;71.2;-;-;-5.1;-17.0;-
STG;189502;-;-;-;-;32.4;-;-;-8.4;-16.0;-
STG;189503;-;-;-;-;87.2;-;-;1.4;-12.5;-
STG;189504;-;-;-;-;82.0;-;-;7.9;-2.8;-
STG;189505;-;-;-;-;128.2;-;-;10.7;0.0;-
STG;189506;-;-;-;-;163.1;-;-;14.3;3.6;-
STG;189507;-;-;-;-;107.1;-;-;16.9;5.9;-
STG;189508;-;-;-;-;169.4;-;-;15.5;6.3;-
STG;189509;-;-;-;-;9.4;-;-;15.0;4.2;-
STG;189510;-;-;-;-;109.7;-;-;7.1;-3.1;-
STG;189511;-;-;-;-;70.5;-;-;5.4;-6.2;-
STG;189512;-;-;-;-;157.3;-;-;0.2;-8.1;-
STG;189601;-;-;-;-;28.4;-;-;-2.9;-14.8;-
STG;189602;-;-;-;-;31.9;-;-;-2.5;-10.5;-
STG;189603;-;-;-;-;145.2;-;-;5.3;-3.5;-
STG;189604;-;-;-;-;175.5;-;-;4.2;-6.4;-
STG;189605;-;-;-;-;219.8;-;-;8.7;0.7;-
STG;189606;-;-;-;-;145.6;-;-;14.5;6.1;-
STG;189607;-;-;-;-;197.0;-;-;16.0;6.7;-
STG;189608;-;-;-;-;229.7;-;-;13.1;3.7;-
STG;189609;-;-;-;-;229.0;-;-;12.1;3.2;-
STG;189610;-;-;-;-;118.4;-;-;7.1;-3.9;-
STG;189611;-;-;-;-;52.1;-;-;0.6;-7.3;-
STG;189612;-;-;-;-;48.8;-;-;-0.9;-8.6;-
STG;189701;-;-;-;-;35.0;-;-;-3.1;-11.1;-
STG;189702;-;-;-;-;172.9;-;-;3.1;-7.6;-
STG;189703;-;-;-;-;94.9;-;-;5.3;-3.2;-
STG;189704;-;-;-;-;137.6;-;-;6.6;-3.9;-
STG;189705;-;-;-;-;157.9;-;-;8.6;-1.8;-
STG;189706;-;-;-;-;181.7;-;-;16.0;3.4;-
STG;189707;-;-;-;-;135.9;-;-;16.6;9.2;-
STG;189708;-;-;-;-;244.8;-;-;16.1;6.4;-
STG;189709;-;-;-;-;241.0;-;-;11.4;1.0;-
STG;189710;-;-;-;-;47.1;-;-;6.1;-2.8;-
STG;189711;-;-;-;-;17.2;-;-;2.5;-9.6;-
STG;189712;-;-;-;-;39.7;-;-;-0.4;-8.1;-
STG;189801;-;-;-;-;12.3;-;-;0.9;-9.2;-
STG;189802;-;-;-;-;146.1;-;-;-0.5;-13.6;-
STG;189803;-;-;-;-;70.0;-;-;2.0;-6.1;-
STG;189804;-;-;-;-;98.2;-;-;7.0;-2.7;-
STG;189805;-;-;-;-;145.8;-;-;10.6;0.3;-
STG;189806;-;-;-;-;190.3;-;-;13.4;2.4;-
STG;189807;-;-;-;-;174.4;-;-;14.8;5.1;-
STG;189808;-;-;-;-;114.6;-;-;17.3;5.3;-
STG;189809;-;-;-;-;57.4;-;-;13.4;2.2;-
STG;189810;-;-;-;-;121.1;-;-;9.4;2.0;-
STG;189811;-;-;-;-;108.9;-;-;4.4;-3.2;-
STG;189812;-;-;-;-;56.6;-;-;-0.2;-13.2;-
STG;189901;-;-;-;-;113.0;-;-;1.2;-10.5;-
STG;189902;-;-;-;-;26.8;-;-;2.0;-12.6;-
STG;189903;-;-;-;-;54.1;-;-;3.2;-14.0;-
STG;189904;-;-;-;-;198.2;-;-;6.5;-3.9;-
STG;189905;-;-;-;-;118.6;-;-;10.2;0.0;-
STG;189906;-;-;-;-;84.3;-;-;14.3;4.3;-
STG;189907;-;-;-;-;83.9;-;-;16.1;6.5;-
STG;189908;-;-;-;-;67.8;-;-;16.8;5.4;-
STG;189909;-;-;-;-;180.5;-;-;12.3;3.6;-
STG;189910;-;-;-;-;80.3;-;-;8.4;-1.7;-
STG;189911;-;-;-;-;16.7;-;-;3.6;-5.4;-
STG;189912;-;-;-;-;100.2;-;-;-3.1;-17.7;-
STG;190001;-;-;-;-;165.9;-;-;0.2;-10.8;-
STG;190002;-;-;-;-;87.6;-;-;2.4;-9.5;-
STG;190003;-;-;-;-;127.2;-;-;-0.7;-17.3;-
STG;190004;-;-;-;-;115.5;-;-;5.8;-10.5;-
STG;190005;-;-;-;-;127.4;-;-;9.9;-0.5;-
STG;190006;-;-;-;-;84.0;-;-;15.4;3.8;-
STG;190007;-;-;-;-;134.7;-;-;17.6;6.0;-
STG;190008;-;-;-;-;102.6;-;-;14.7;5.5;-
STG;190009;-;-;-;-;56.0;-;-;14.3;4.9;-
STG;190010;-;-;-;-;108.2;-;-;8.4;-0.7;-
STG;190011;-;-;-;-;88.5;-;-;4.0;-2.7;-
STG;190012;-;-;-;-;49.1;-;-;1.5;-6.8;-
STG;190101;-;-;-;-;36.6;-;-;-3.2;-15.7;-
STG;190102;-;-;-;-;45.1;-;-;-5.9;-19.8;-
STG;190103;-;-;-;-;108.4;-;-;1.6;-9.0;-
STG;190104;-;-;-;-;145.3;-;-;7.2;-4.0;-
STG;190105;-;-;-;-;36.2;-;-;11.2;1.2;-
STG;190106;-;-;-;-;191.9;-;-;15.0;3.6;-
STG;190107;-;-;-;-;86.0;-;-;16.6;0.8;-
STG;190108;-;-;-;-;173.6;-;-;15.0;5.0;-
STG;190109;-;-;-;-;130.4;-;-;13.0;4.1;-
STG;190110;-;-;-;-;70.0;-;-;7.3;-0.1;-
STG;190111;-;-;-;-;46.6;-;-;0.2;-9.0;-
STG;190112;-;-;-;-;64.9;-;-;0.1;-8.0;-
STG;190201;-;-;-;-;40.4;-;-;0.8;-8.6;-
STG;190202;-;-;-;-;57.9;-;-;-1.2;-12.0;-
STG;190203;-;-;-;-;79.0;-;-;3.1;-6.4;-
STG;190204;-;-;-;-;46.3;-;-;8.7;-2.5;-
STG;190205;-;-;-;-;216.4;-;-;7.2;-1.6;-
STG;190206;-;-;-;-;127.7;-;-;13.5;4.3;-
STG;190207;-;-;-;-;154.2;-;-;16.4;5.0;-
STG;190208;-;-;-;-;176.1;-;-;15.5;5.7;-
STG;190209;-;-;-;-;181.4;-;-;12.2;3.5;-
STG;190210;-;-;-;-;113.7;-;-;7.4;0.5;-
STG;190211;-;-;-;-;12.0;-;-;1.6;-7.4;-
STG;190212;-;-;-;-;93.6;-;-;-2.0;-10.7;-
STG;190301;-;-;-;-;63.4;-;-;-1.0;-12.7;-
STG;190302;-;-;-;-;58.3;-;-;2.1;-12.0;-
STG;190303;-;-;-;-;52.9;-;-;4.8;-5.5;-
STG;190304;-;-;-;-;109.0;-;-;3.8;-5.4;-
STG;190305;-;-;-;-;42.5;-;-;11.4;-0.1;-
STG;190306;-;-;-;-;112.4;-;-;13.3;3.8;-
STG;190307;-;-;-;-;230.1;-;-;15.2;4.5;-
STG;190308;-;-;-;-;160.1;-;-;15.8;7.2;-
STG;190309;-;-;-;-;109.9;-;-;12.8;3.0;-
STG;190310;-;-;-;-;133.9;-;-;9.1;-3.0;-
STG;190311;-;-;-;-;136.3;-;-;3.3;-1.7;-
STG;190312;-;-;-;-;31.9;-;-;-2.4;-9.9;-
STG;190401;-;-;-;-;47.5;-;-;-2.4;-11.6;-
STG;190402;-;-;-;-;99.1;-;-;0.3;-12.0;-
STG;190403;-;-;-;-;41.4;-;-;3.0;-8.5;-
STG;190404;-;-;-;-;109.8;-;-;9.1;-2.5;-
STG;190405;-;-;-;-;185.5;-;-;12.4;0.6;-
STG;190406;-;-;-;-;163.2;-;-;15.3;5.0;-
STG;190407;-;-;-;-;30.0;-;-;18.7;9.5;-
STG;190408;-;-;-;-;71.2;-;-;16.7;6.7;-
STG;190409;-;-;-;-;175.0;-;-;10.6;-1.7;-
STG;190410;-;-;-;-;84.8;-;-;7.7;0.2;-
STG;190411;-;-;-;-;69.3;-;-;1.9;-9.7;-
STG;190412;-;-;-;-;42.2;-;-;0.2;-7.6;-
STG;190501;-;-;-;-;66.1;-;-;-3.8;-17.6;-
STG;190502;-;-;-;-;53.4;-;-;-0.4;-13.4;-
STG;190503;-;-;-;-;107.7;-;-;4.2;-5.0;-
STG;190504;-;-;-;-;136.6;-;-;6.5;-6.2;-
STG;190505;-;-;-;-;124.1;-;-;9.8;0.3;-
STG;190506;-;-;-;-;74.5;-;-;15.5;5.9;-
STG;190507;-;-;-;-;105.5;-;-;18.8;7.0;-
STG;190508;-;-;-;-;253.6;-;-;15.9;7.1;-
STG;190509;-;-;-;-;162.9;-;-;12.9;5.8;-
STG;190510;-;-;-;-;168.3;-;-;3.1;-6.7;-
STG;190511;-;-;-;-;77.1;-;-;2.7;-7.6;-
STG;190512;-;-;-;-;70.0;-;-;-0.9;-7.5;-
STG;190601;-;-;-;-;59.9;-;-;-0.6;-14.5;-
STG;190602;-;-;-;-;70.4;-;-;-1.7;-11.0;-
STG;190603;-;-;-;-;104.2;-;-;2.0;-8.4;-
STG;190604;-;-;-;-;62.3;-;-;6.8;-4.5;-
STG;190605;-;-;-;-;193.9;-;-;11.5;0.3;-
STG;190606;-;-;-;-;157.5;-;-;13.4;2.4;-
STG;190607;-;-;-;-;228.2;-;-;16.8;4.8;-
STG;190608;-;-;-;-;66.5;-;-;16.4;5.7;-
STG;190609;-;-;-;-;98.5;-;-;11.6;-0.9;-
STG;190610;-;-;-;-;26.3;-;-;10.2;1.9;-
STG;190611;-;-;-;-;64.0;-;-;4.5;-4.5;-
STG;190612;-;-;-;-;111.1;-;-;-3.4;-16.7;-
STG;190701;-;-;-;-;126.0;-;-;-2.4;-21.0;-
STG;190702;-;-;-;-;44.9;-;-;-3.4;-16.0;-
STG;190703;-;-;-;-;97.9;-;-;1.3;-7.8;-
STG;190704;-;-;-;-;156.0;-;-;5.2;-4.2;-
STG;190705;-;-;-;-;96.9;-;-;12.5;-0.7;-
STG;190706;-;-;-;-;126.4;-;-;14.0;4.2;-
STG;190707;-;-;-;-;159.5;-;-;14.3;4.5;-
STG;190708;-;-;-;-;88.6;-;-;16.5;6.4;-
STG;190709;-;-;-;-;59.6;-;-;13.3;5.3;-
STG;190710;-;-;-;-;54.7;-;-;9.7;2.9;-
STG;190711;-;-;-;-;23.2;-;-;3.9;-4.5;-
STG;190712;-;-;-;-;134.8;-;-;1.7;-9.6;-
STG;190801;-;-;-;-;47.5;-;-;-3.8;-13.7;-
STG;190802;-;-;-;-;107.5;-;-;-0.7;-13.8;-
STG;190803;-;-;-;-;57.7;-;-;1.1;-8.0;-
STG;190804;-;-;-;-;114.0;-;-;4.4;-2.8;-
STG;190805;-;-;-;-;135.1;-;-;13.2;0.4;-
STG;190806;-;-;-;-;90.6;-;-;16.9;4.8;-
STG;190807;-;-;-;-;207.7;-;-;15.8;8.2;-
STG;190808;-;-;-;-;86.5;-;-;14.1;5.9;-
STG;190809;-;-;-;-;192.4;-;-;11.4;2.0;-
STG;190810;-;-;-;-;3.3;-;-;7.4;-4.1;-
STG;190811;-;-;-;-;67.2;-;-;0.9;-4.7;-
STG;190812;-;-;-;-;33.6;-;-;-1.1;-13.0;-
STG;190901;-;-;-;-;35.3;-;-;-4.0;-13.0;-
STG;190902;-;-;-;-;28.3;-;-;-4.0;-12.5;-
STG;190903;-;-;-;-;64.7;-;-;1.3;-11.5;-
STG;190904;-;-;-;-;78.8;-;-;8.1;-5.0;-
STG;190905;-;-;-;-;73.1;-;-;10.1;-1.6;-
STG;190906;-;-;-;-;217.9;-;-;12.9;4.3;-
STG;190907;-;-;-;-;182.4;-;-;14.1;5.3;-
STG;190908;-;-;-;-;182.1;-;-;15.0;4.5;-
STG;190909;-;-;-;-;92.9;-;-;11.9;4.1;-
STG;190910;-;-;-;-;77.1;-;-;9.5;-1.0;-
STG;190911;-;-;-;-;71.3;-;-;1.1;-10.3;-
STG;190912;-;-;-;-;107.6;-;-;1.1;-9.7;-
STG;191001;-;-;-;-;175.5;-;-;-0.5;-9.0;-
STG;191002;-;-;-;-;97.1;-;-;0.6;-13.1;-
STG;191003;-;-;-;-;55.5;-;-;2.9;-6.2;-
STG;191004;-;-;-;-;142.5;-;-;6.1;-7.6;-
STG;191005;-;-;-;-;97.3;-;-;10.4;-1.1;-
STG;191006;-;-;-;-;220.7;-;-;14.9;7.7;-
STG;191007;-;-;-;-;194.2;-;-;14.4;6.2;-
STG;191008;-;-;-;-;148.9;-;-;15.2;6.0;-
STG;191009;-;-;-;-;142.4;-;-;10.0;1.3;-
STG;191010;-;-;-;-;62.8;-;-;8.6;0.4;-
STG;191011;-;-;-;-;190.4;-;-;2.1;-7.6;-
STG;191012;-;-;-;-;68.9;-;-;2.5;-8.1;-
STG;191101;-;-;-;-;38.3;-;-;-4.8;-13.6;-
STG;191102;-;-;-;-;48.3;-;-;0.0;-15.0;-
STG;191103;-;-;-;-;50.2;-;-;3.4;-7.8;-
STG;191104;-;-;-;-;100.4;-;-;5.9;-6.7;-
STG;191105;-;-;-;-;111.2;-;-;11.1;1.2;-
STG;191106;-;-;-;-;179.5;-;-;13.6;4.1;-
STG;191107;-;-;-;-;13.2;-;-;18.8;6.5;-
STG;191108;-;-;-;-;90.0;-;-;18.6;8.2;-
STG;191109;-;-;-;-;143.5;-;-;14.3;3.9;-
STG;191110;-;-;-;-;63.7;-;-;7.8;-1.0;-
STG;191111;-;-;-;-;48.2;-;-;4.6;-2.7;-
STG;191112;-;-;-;-;71.6;-;-;1.9;-4.5;-
STG;191201;-;-;-;-;95.5;-;-;-0.7;-12.5;-
STG;191202;-;-;-;-;84.3;-;-;3.6;-15.2;-
STG;191203;-;-;-;-;75.5;-;-;5.6;-3.5;-
STG;191204;-;-;-;-;83.7;-;-;5.4;-6.1;-
STG;191205;-;-;-;-;191.0;-;-;12.0;-3.0;-
STG;191206;-;-;-;-;145.8;-;-;14.5;6.0;-
STG;191207;-;-;-;-;47.9;-;-;15.4;6.4;-
STG;191208;-;-;-;-;224.0;-;-;12.8;4.9;-
STG;191209;-;-;-;-;89.0;-;-;7.4;-0.2;-
STG;191210;-;-;-;-;170.9;-;-;6.4;-1.4;-
STG;191211;-;-;-;-;60.5;-;-;0.5;-8.2;-
STG;191212;-;-;-;-;53.1;-;-;0.8;-9.0;-
STG;191301;-;-;-;-;97.0;-;-;-0.5;-6.7;-
STG;191302;-;-;-;-;32.2;-;-;-0.8;-9.7;-
STG;191303;-;-;-;-;83.3;-;-;5.9;-7.0;-
STG;191304;-;-;-;-;101.3;-;-;6.3;-8.8;-
STG;191305;-;-;-;-;80.8;-;-;11.1;-0.5;-
STG;191306;-;-;-;-;154.6;-;-;13.6;4.5;-
STG;191307;-;-;-;-;184.3;-;-;13.1;4.2;-
STG;191308;-;-;-;-;168.7;-;-;14.1;6.0;-
STG;191309;-;-;-;-;127.5;-;-;11.5;3.7;-
STG;191310;-;-;-;-;36.6;-;-;9.7;-1.0;-
STG;191311;-;-;-;-;142.1;-;-;6.0;-1.5;-
STG;191312;-;-;-;-;109.2;-;-;0.2;-8.7;-
STG;191401;-;-;-;-;200.8;-;-;-5.5;-13.3;-
STG;191402;-;-;-;-;35.5;-;-;2.3;-6.5;-
STG;191403;-;-;-;-;144.7;-;-;4.0;-5.2;-
STG;191404;-;-;-;-;80.4;-;-;8.9;-2.2;-
STG;191405;-;-;-;-;216.2;-;-;9.3;0.3;-
STG;191406;-;-;-;-;137.2;-;-;12.8;2.3;-
STG;191407;-;-;-;-;219.8;-;-;15.2;7.4;-
STG;191408;-;-;-;-;142.5;-;-;15.7;6.5;-
STG;191409;-;-;-;-;123.7;-;-;11.5;1.3;-
STG;191410;-;-;-;-;36.4;-;-;7.3;-2.4;-
STG;191411;-;-;-;-;91.0;-;-;1.7;-13.1;-
STG;191412;-;-;-;-;26.2;-;-;2.3;-8.1;-
STG;191501;-;-;-;-;95.3;-;-;-1.2;-16.2;-
STG;191502;-;-;-;-;85.4;-;-;-0.5;-13.6;-
STG;191503;-;-;-;-;131.1;-;-;1.2;-12.2;-
STG;191504;-;-;-;-;102.0;-;-;5.5;-3.8;-
STG;191505;-;-;-;-;100.9;-;-;13.5;2.9;-
STG;191506;-;-;-;-;118.3;-;-;16.3;6.0;-
STG;191507;-;-;-;-;200.1;-;-;15.3;6.2;-
STG;191508;-;-;-;-;188.1;-;-;14.3;5.5;-
STG;191509;-;-;-;-;87.5;-;-;10.7;1.9;-
STG;191510;-;-;-;-;49.0;-;-;5.3;-3.5;-
STG;191511;-;-;-;-;60.4;-;-;-0.3;-17.0;-
STG;191512;-;-;-;-;110.2;-;-;4.3;-11.6;-
STG;191601;-;-;-;-;78.7;-;-;2.7;-6.8;-
STG;191602;-;-;-;-;88.5;-;-;1.2;-8.0;-
STG;191603;-;-;-;-;109.8;-;-;3.6;-9.0;-
STG;191604;-;-;-;-;83.4;-;-;6.7;-1.5;-
STG;191605;-;-;-;-;96.7;-;-;12.5;2.3;-
STG;191606;-;-;-;-;222.9;-;-;11.9;2.0;-
STG;191607;-;-;-;-;169.5;-;-;15.4;7.5;-
STG;191608;-;-;-;-;140.5;-;-;15.1;5.9;-
STG;191609;-;-;-;-;149.6;-;-;10.6;1.5;-
STG;191610;-;-;-;-;158.1;-;-;7.8;-3.5;-
STG;191611;-;-;-;-;96.3;-;-;3.1;-6.4;-
STG;191612;-;-;-;-;108.2;-;-;1.0;-8.7;-
STG;191701;-;-;-;-;51.5;-;-;-3.6;-14.8;-
STG;191702;-;-;-;-;19.4;-;-;-3.4;-15.9;-
STG;191703;-;-;-;-;108.5;-;-;0.4;-7.4;-
STG;191704;-;-;-;-;111.0;-;-;3.2;-3.0;-
STG;191705;-;-;-;-;89.1;-;-;14.6;3.5;-
STG;191706;-;-;-;-;121.3;-;-;16.6;5.5;-
STG;191707;-;-;-;-;149.3;-;-;16.1;6.5;-
STG;191708;-;-;-;-;198.7;-;-;15.3;7.9;-
STG;191709;-;-;-;-;65.7;-;-;14.7;5.8;-
STG;191710;-;-;-;-;208.4;-;-;6.1;-2.5;-
STG;191711;-;-;-;-;90.9;-;-;2.9;-5.5;-
STG;191712;-;-;-;-;22.7;-;-;-4.8;-15.9;-
STG;191801;-;-;-;-;60.7;-;-;0.3;-18.5;-
STG;191802;-;-;-;-;30.4;-;-;0.2;-11.3;-
STG;191803;-;-;-;-;35.4;-;-;3.4;-8.7;-
STG;191804;-;-;-;-;99.5;-;-;7.5;-4.0;-
STG;191805;-;-;-;-;39.4;-;-;12.8;3.0;-
STG;191806;-;-;-;-;173.5;-;-;11.7;2.1;-
STG;191807;-;-;-;-;127.4;-;-;16.0;4.3;-
STG;191808;-;-;-;-;120.2;-;-;15.4;3.0;-
STG;191809;-;-;-;-;150.2;-;-;12.9;4.0;-
STG;191810;-;-;-;-;45.8;-;-;6.0;-1.1;-
STG;191811;-;-;-;-;37.7;-;-;2.6;-7.7;-
STG;191812;-;-;-;-;198.0;-;-;2.9;-8.1;-
STG;191901;-;-;-;-;42.6;-;-;-0.4;-11.5;-
STG;191902;-;-;-;-;81.9;-;-;-1.5;-18.8;-
STG;191903;-;-;-;-;189.5;-;-;3.0;-10.3;-
STG;191904;-;-;-;-;146.5;-;-;3.7;-6.4;-
STG;191905;-;-;-;-;44.8;-;-;10.3;-0.6;-
STG;191906;-;-;-;-;141.8;-;-;14.5;3.5;-
STG;191907;-;-;-;-;171.6;-;-;13.5;4.0;-
STG;191908;-;-;-;-;84.9;-;-;17.3;4.2;-
STG;191909;-;-;-;-;54.3;-;-;14.4;2.5;-
STG;191910;-;-;-;-;77.0;-;-;4.4;-6.5;-
STG;191911;-;-;-;-;112.3;-;-;1.0;-9.9;-
STG;191912;-;-;-;-;141.8;-;-;0.5;-14.5;-
STG;192001;-;-;-;-;74.6;-;-;2.1;-6.4;-
STG;192002;-;-;-;-;17.5;-;-;1.7;-6.8;-
STG;192003;-;-;-;-;65.7;-;-;5.4;-11.0;-
STG;192004;-;-;-;-;97.6;-;-;8.3;-2.0;-
STG;192005;-;-;-;-;146.0;-;-;14.1;-0.4;-
STG;192006;-;-;-;-;117.0;-;-;14.1;4.4;-
STG;192007;-;-;-;-;256.4;-;-;16.2;6.3;-
STG;192008;-;-;-;-;95.5;-;-;14.1;6.3;-
STG;192009;-;-;-;-;118.5;-;-;12.9;6.2;-
STG;192010;-;-;-;-;3.2;-;-;7.1;-6.7;-
STG;192011;-;-;-;-;7.5;-;-;1.1;-6.7;-
STG;192012;-;-;-;-;59.7;-;-;0.2;-12.9;-
STG;192101;-;-;-;-;64.5;-;-;3.2;-8.6;-
STG;192102;-;-;-;-;8.1;-;-;-0.7;-6.7;-
STG;192103;-;-;-;-;39.5;-;-;4.2;-8.4;-
STG;192104;-;-;-;-;128.5;-;-;5.9;-2.6;-
STG;192105;-;-;-;-;68.5;-;-;12.7;-1.3;-
STG;192106;-;-;-;-;122.3;-;-;14.5;4.3;-
STG;192107;-;-;-;-;54.9;-;-;18.6;6.2;-
STG;192108;-;-;-;-;105.9;-;-;15.9;5.5;-
STG;192109;-;-;-;-;91.0;-;-;13.6;1.0;-
STG;192110;-;-;-;-;70.4;-;-;10.4;-2.7;-
STG;192111;-;-;-;-;122.5;-;-;-0.7;-7.0;-
STG;192112;-;-;-;-;57.8;-;-;-0.2;-10.5;-
STG;192201;-;-;-;-;149.2;-;-;-2.4;-15.0;-
STG;192202;-;-;-;-;86.9;-;-;-0.8;-18.5;-
STG;192203;-;-;-;-;105.2;-;-;3.6;-7.2;-
STG;192204;-;-;-;-;150.3;-;-;5.2;-3.3;-
STG;192205;-;-;-;-;86.0;-;-;13.2;-0.7;-
STG;192206;-;-;-;-;294.1;-;-;15.0;6.1;-
STG;192207;-;-;-;-;221.9;-;-;15.0;6.3;-
STG;192208;-;-;-;-;176.5;-;-;15.4;5.3;-
STG;192209;-;-;-;-;194.1;-;-;10.2;2.5;-
STG;192210;-;-;-;-;134.9;-;-;5.4;-1.0;-
STG;192211;-;-;-;-;119.2;-;-;0.8;-8.3;-
STG;192212;-;-;-;-;91.0;-;-;0.1;-10.1;-
STG;192301;-;-;-;-;107.5;-;-;-1.1;-12.8;-
STG;192302;-;-;-;-;93.3;-;-;2.2;-4.0;-
STG;192303;-;-;-;-;38.6;-;-;3.7;-5.0;-
STG;192304;-;-;-;-;95.2;-;-;6.5;-2.8;-
STG;192305;-;-;-;-;95.8;-;-;11.6;0.5;-
STG;192306;-;-;-;-;185.2;-;-;10.6;2.0;-
STG;192307;-;-;-;-;77.8;-;-;18.3;7.7;-
STG;192308;-;-;-;-;94.9;-;-;16.4;6.5;-
STG;192309;-;-;-;-;80.5;-;-;12.7;2.8;-
STG;192310;-;-;-;-;101.6;-;-;10.5;-0.4;-
STG;192311;-;-;-;-;129.5;-;-;2.4;-6.2;-
STG;192312;-;-;-;-;161.6;-;-;-1.3;-11.4;-
STG;192401;-;-;-;-;43.3;-;-;-3.4;-15.0;-
STG;192402;-;-;-;-;21.9;-;-;-3.6;-15.4;-
STG;192403;-;-;-;-;43.3;-;-;1.9;-10.1;-
STG;192404;-;-;-;-;138.2;-;-;6.9;-2.1;-
STG;192405;-;-;-;-;218.9;-;-;12.7;0.8;-
STG;192406;-;-;-;-;250.5;-;-;14.0;5.7;-
STG;192407;-;-;-;-;279.7;-;-;15.9;5.3;-
STG;192408;-;-;-;-;231.9;-;-;13.0;2.6;-
STG;192409;-;-;-;-;82.9;-;-;12.9;2.6;-
STG;192410;-;-;-;-;51.9;-;-;8.6;0.7;-
STG;192411;-;-;-;-;12.8;-;-;2.9;-7.0;-
STG;192412;-;-;-;-;42.4;-;-;-0.1;-8.0;-
STG;192501;-;-;-;-;35.3;-;-;1.1;-7.5;-
STG;192502;-;-;-;-;60.7;-;-;2.4;-6.2;-
STG;192503;-;-;-;-;79.6;-;-;-0.5;-13.0;-
STG;192504;-;-;-;-;143.2;-;-;7.1;-1.3;-
STG;192505;-;-;-;-;77.9;-;-;11.6;-1.5;-
STG;192506;-;-;-;-;129.9;-;-;14.7;6.0;-
STG;192507;-;-;-;-;138.0;-;-;15.9;5.9;-
STG;192508;-;-;-;-;126.5;-;-;15.4;5.4;-
STG;192509;-;-;-;-;152.5;-;-;10.3;1.0;-
STG;192510;-;-;-;-;59.7;-;-;8.3;-3.3;-
STG;192511;-;-;-;-;68.3;-;-;1.1;-13.0;-
STG;192512;-;-;-;-;126.6;-;-;-0.1;-17.4;-
STG;192601;-;-;-;-;77.2;-;-;-0.8;-13.7;-
STG;192602;-;-;-;-;38.2;-;-;4.5;-3.4;-
STG;192603;-;-;-;-;93.4;-;-;3.4;-5.9;-
STG;192604;-;-;-;-;33.5;-;-;8.6;-2.5;-
STG;192605;-;-;-;-;195.5;-;-;9.8;-2.0;-
STG;192606;-;-;-;-;302.1;-;-;12.0;4.2;-
STG;192607;-;-;-;-;223.9;-;-;15.5;6.5;-
STG;192608;-;-;-;-;60.6;-;-;15.5;6.6;-
STG;192609;-;-;-;-;41.8;-;-;14.7;4.5;-
STG;192610;-;-;-;-;109.4;-;-;8.7;-3.2;-
STG;192611;-;-;-;-;86.4;-;-;5.7;-4.6;-
STG;192612;-;-;-;-;59.8;-;-;-1.9;-11.6;-
STG;192701;-;-;-;-;120.2;-;-;-0.4;-10.0;-
STG;192702;-;-;-;-;66.8;-;-;-1.1;-13.0;-
STG;192703;-;-;-;-;108.1;-;-;4.1;-6.2;-
STG;192704;-;-;-;-;165.1;-;-;7.4;-3.7;-
STG;192705;-;-;-;-;95.0;-;-;12.0;-1.0;-
STG;192706;-;-;-;-;209.6;-;-;14.6;3.7;-
STG;192707;-;-;-;-;165.4;-;-;16.4;5.3;-
STG;192708;-;-;-;-;225.8;-;-;15.2;5.8;-
STG;192709;-;-;-;-;201.6;-;-;12.9;4.6;-
STG;192710;-;-;-;-;22.0;-;-;7.4;0.6;-
STG;192711;-;-;-;-;74.1;-;-;2.9;-8.9;-
STG;192712;-;-;-;-;56.3;-;-;-2.0;-20.8;-
STG;192801;-;-;-;-;67.3;-;-;1.5;-9.5;-
STG;192802;-;-;-;-;101.9;-;-;1.3;-9.6;-
STG;192803;-;-;-;-;53.6;-;-;3.3;-6.1;-
STG;192804;-;-;-;-;102.6;-;-;7.3;-2.4;-
STG;192805;-;-;-;-;116.5;-;-;8.8;-2.9;-
STG;192806;-;-;-;-;150.5;-;-;14.8;3.7;-
STG;192807;-;-;-;-;65.5;-;-;19.4;10.0;-
STG;192808;-;-;-;-;208.8;-;-;16.7;7.5;-
STG;192809;-;-;-;-;96.1;-;-;12.2;1.7;-
STG;192810;-;-;-;-;98.2;-;-;8.1;-3.2;-
STG;192811;-;-;-;-;132.0;-;-;4.6;-3.5;-
STG;192812;-;-;-;-;91.2;-;-;-1.5;-13.4;-
STG;192901;-;-;-;-;82.3;-;-;-6.3;-16.7;-
STG;192902;-;-;-;-;34.0;-;-;-8.5;-25.9;-
STG;192903;-;-;-;-;25.9;-;-;2.7;-13.4;-
STG;192904;-;-;-;-;141.1;-;-;4.3;-10.6;-
STG;192905;-;-;-;-;48.2;-;-;12.1;1.7;-
STG;192906;-;-;-;-;180.2;-;-;15.1;5.1;-
STG;192907;-;-;-;-;133.6;-;-;17.2;5.5;-
STG;192908;-;-;-;-;207.5;-;-;15.8;7.5;-
STG;192909;-;-;-;-;46.4;-;-;15.3;2.1;-
STG;192910;-;-;-;-;127.1;-;-;9.1;-1.9;-
STG;192911;-;-;-;-;39.8;-;-;4.1;-4.4;-
STG;192912;-;-;-;-;123.5;-;-;2.3;-12.1;-
STG;193001;-;-;-;-;32.2;-;-;1.3;-6.3;-
STG;193002;-;-;-;-;25.5;-;-;-1.5;-10.9;-
STG;193003;-;-;-;-;73.3;-;-;4.2;-7.3;-
STG;193004;-;-;-;-;165.6;-;-;7.5;-1.5;-
STG;193005;-;-;-;-;238.6;-;-;10.4;1.4;-
STG;193006;-;-;-;-;61.1;-;-;17.3;9.4;-
STG;193007;-;-;-;-;315.2;-;-;15.4;6.0;-
STG;193008;-;-;-;-;163.4;-;-;15.6;6.5;-
STG;193009;-;-;-;-;165.7;-;-;13.3;5.3;-
STG;193010;-;-;-;-;182.3;-;-;7.8;0.2;-
STG;193011;-;-;-;-;122.7;-;-;6.4;-3.2;-
STG;193012;-;-;-;-;51.3;-;-;-0.2;-8.3;-
STG;193101;-;-;74;935.9;119.6;-;-;-1.4;-15.0;82.4
STG;193102;-;-;79;934.5;137.3;-;-;-2.3;-16.0;84.5
STG;193103;-;-;53;934.5;133.6;-;-;-1.0;-12.2;75.4
STG;193104;-;-;68;935.1;94.8;-;-;5.5;-7.4;73.4
STG;193105;-;-;55;936.5;112.7;-;-;14.0;-0.5;65.9
STG;193106;-;-;52;942.2;136.5;-;-;16.7;6.0;68.4
STG;193107;-;-;62;939.2;227.8;-;-;15.8;6.3;71.9
STG;193108;-;-;67;938.4;194.9;-;-;14.2;4.0;80.7
STG;193109;-;-;75;941.8;118.2;-;-;8.5;-1.5;84.9
STG;193110;-;-;48;942.6;106.4;-;-;6.5;-3.8;77.6
STG;193111;-;-;74;938.4;30.0;-;-;4.5;-4.0;81.7
STG;193112;-;-;80;945.6;64.8;-;-;-2.3;-14.5;82.6
STG;193201;-;-;72;949.0;100.2;-;-;-0.4;-15.5;83.7
STG;193202;-;-;55;943.6;35.7;-;-;-5.6;-20.0;78.0
STG;193203;-;-;58;936.0;67.9;-;-;0.1;-11.5;74.6
STG;193204;-;-;61;933.5;108.0;-;-;6.0;-5.4;66.6
STG;193205;-;-;67;936.5;187.4;-;-;10.8;0.5;71.6
STG;193206;-;-;60;939.6;201.5;-;-;13.4;3.4;71.3
STG;193207;-;-;69;938.2;243.7;-;-;15.9;6.4;75.2
STG;193208;-;-;45;944.0;113.9;-;-;18.3;9.5;71.9
STG;193209;-;-;59;940.3;109.8;-;-;16.0;8.7;75.5
STG;193210;-;-;74;935.2;141.5;-;-;8.2;-0.4;77.4
STG;193211;-;-;78;942.1;48.7;-;-;3.5;-2.8;86.9
STG;193212;-;-;63;943.9;22.5;-;-;0.2;-7.0;84.3
STG;193301;-;-;79;941.8;62.9;-;-;-3.8;-13.5;81.3
STG;193302;-;-;67;937.8;77.1;-;-;-0.9;-13.2;77.4
STG;193303;-;-;53;940.0;68.0;-;-;4.0;-6.3;72.2
STG;193304;-;-;69;940.5;72.4;-;-;7.1;-3.7;70.3
STG;193305;-;-;75;937.8;205.1;-;-;9.9;1.3;72.7
STG;193306;-;-;68;935.5;264.3;-;-;12.1;5.1;72.0
STG;193307;-;-;47;943.9;198.0;-;-;17.2;4.3;69.5
STG;193308;-;-;48;943.0;53.4;-;-;16.9;6.1;69.8
STG;193309;-;-;49;941.1;73.5;-;-;13.1;4.3;76.0
STG;193310;-;-;65;938.5;126.4;-;-;8.3;-2.0;80.5
STG;193311;-;-;86;933.3;79.5;-;-;2.3;-4.5;81.6
STG;193312;-;-;88;937.2;25.9;-;-;-5.8;-16.4;93.1
STG;193401;-;-;86;944.5;98.5;-;-;-1.6;-12.5;84.9
STG;193402;-;-;48;946.5;17.1;-;-;-1.4;-14.0;75.3
STG;193403;-;-;69;930.6;54.7;-;-;3.1;-6.1;76.0
STG;193404;-;-;46;933.0;21.1;-;-;10.2;-4.3;64.1
STG;193405;-;-;52;940.4;83.3;-;-;13.2;2.9;66.5
STG;193406;-;-;58;939.7;202.5;-;-;14.9;5.5;67.5
STG;193407;-;-;45;940.4;151.9;-;-;17.4;7.6;66.2
STG;193408;-;-;66;938.6;283.6;-;-;15.1;6.8;74.4
STG;193409;-;-;47;942.9;205.7;-;-;14.5;4.0;78.9
STG;193410;-;-;55;941.8;96.1;-;-;8.2;0.1;78.9
STG;193411;-;-;73;938.6;35.6;-;-;2.4;-4.8;82.5
STG;193412;-;-;81;934.4;77.4;-;-;3.5;-5.0;83.0
STG;193501;-;-;82;940.7;90.2;-;-;-3.7;-13.6;85.2
STG;193502;-;-;78;933.8;149.3;-;-;0.5;-16.0;77.2
STG;193503;-;-;54;941.7;76.8;-;-;1.6;-15.8;74.7
STG;193504;-;-;77;934.3;118.9;-;-;6.4;-2.6;73.1
STG;193505;-;-;59;936.7;150.9;-;-;9.5;-1.6;73.2
STG;193506;-;-;49;941.3;110.7;-;-;16.7;6.4;68.6
STG;193507;-;-;42;942.6;106.1;-;-;17.5;7.5;67.0
STG;193508;-;-;53;939.9;198.9;-;-;15.1;6.3;76.4
STG;193509;-;-;49;941.3;104.8;-;-;13.4;2.5;77.7
STG;193510;-;-;87;937.4;197.7;-;-;8.0;-0.5;85.8
STG;193511;-;-;74;935.5;51.5;-;-;4.3;-5.0;83.2
STG;193512;-;-;79;929.0;138.6;-;-;-1.5;-14.1;83.8
STG;193601;-;-;76;931.2;112.0;-;-;3.1;-5.6;79.7
STG;193602;-;-;75;930.2;79.8;-;-;-0.2;-16.5;83.3
STG;193603;-;-;60;934.3;44.7;-;-;5.4;-4.4;72.9
STG;193604;-;-;79;932.7;178.3;-;-;6.5;-4.7;79.2
STG;193605;-;-;64;935.0;62.1;-;-;11.4;2.6;81.0
STG;193606;-;-;68;939.4;145.2;-;-;14.4;1.8;75.2
STG;193607;-;-;67;939.8;249.4;-;-;15.7;7.9;79.7
STG;193608;-;-;52;943.3;112.6;-;-;15.3;8.0;77.5
STG;193609;-;-;73;941.3;179.2;-;-;12.8;1.4;83.8
STG;193610;-;-;72;940.3;92.9;-;-;4.6;-2.3;83.0
STG;193611;-;-;85;938.6;50.6;-;-;2.9;-4.6;87.2
STG;193612;-;-;72;945.1;51.1;-;-;0.3;-7.2;86.8
STG;193701;-;-;67;937.8;65.0;-;-;-0.6;-8.1;86.7
STG;193702;-;-;81;932.0;140.0;-;-;2.2;-2.8;80.7
STG;193703;-;-;68;928.3;66.4;-;-;2.5;-8.0;74.9
STG;193704;-;-;72;934.1;73.3;-;-;6.4;-1.1;75.4
STG;193705;-;-;54;939.9;110.9;-;-;13.1;0.0;70.1
STG;193706;-;-;53;940.4;158.7;-;-;15.7;5.4;70.5
STG;193707;-;-;56;940.8;128.5;-;-;16.9;6.0;73.2
STG;193708;-;-;58;940.4;194.0;-;-;15.7;6.0;78.1
STG;193709;-;-;60;938.7;180.2;-;-;11.6;3.8;84.2
STG;193710;-;-;59;938.8;49.8;-;-;8.0;-1.1;80.5
STG;193711;-;-;68;937.8;75.2;-;-;2.2;-6.8;76.2
STG;193712;-;-;82;934.2;57.5;-;-;-2.0;-10.9;74.6
STG;193801;-;-;79;938.4;111.2;-;-;-0.4;-18.5;71.3
STG;193802;-;-;56;943.9;33.1;-;-;-1.5;-10.6;75.2
STG;193803;-;-;36;947.4;50.9;-;-;5.3;-6.0;70.8
STG;193804;-;-;60;941.1;74.3;-;-;3.3;-5.2;71.8
STG;193805;-;-;62;936.8;133.7;-;-;9.3;-3.5;71.8
STG;193806;-;-;57;942.3;133.9;-;-;16.1;3.0;69.9
STG;193807;-;-;58;941.1;208.4;-;-;16.0;7.1;71.0
STG;193808;-;-;58;938.5;248.5;-;-;15.5;3.2;74.4
STG;193809;-;-;50;940.7;84.4;-;-;12.6;1.2;84.7
STG;193810;-;-;61;939.9;58.0;-;-;7.4;-0.7;85.7
STG;193811;-;-;50;940.7;28.5;-;-;5.0;-3.5;82.2
STG;193812;-;-;77;934.8;74.3;-;-;-3.2;-15.6;83.6
STG;193901;-;-;71;932.8;35.4;-;-;0.6;-8.7;76.3
STG;193902;-;-;51;943.0;23.3;-;-;-0.1;-12.0;76.3
STG;193903;-;-;78;935.6;108.3;-;-;0.3;-8.8;77.5
STG;193904;-;-;66;936.7;39.3;-;-;8.0;-1.0;75.1
STG;193905;-;-;86;935.3;245.6;-;-;8.3;0.9;79.2
STG;193906;-;-;62;938.8;142.9;-;-;14.6;4.8;72.9
STG;193907;-;-;60;940.6;179.5;-;-;15.5;4.6;71.7
STG;193908;-;-;59;940.3;89.8;-;-;15.9;6.3;76.1
STG;193909;-;-;67;939.5;146.4;-;-;11.4;-0.2;82.2
STG;193910;-;-;86;934.4;216.6;-;-;6.4;-5.8;84.4
STG;193911;-;-;77;939.9;84.8;-;-;4.8;-8.2;80.0
STG;193912;-;-;83;937.1;74.8;-;-;-2.8;-22.6;84.9
STG;194001;-;-;84;936.3;62.7;-;-;-7.7;-17.6;86.1
STG;194002;-;-;73;935.7;82.0;-;-;-1.1;-20.9;83.6
STG;194003;-;-;65;937.4;88.0;-;-;2.8;-11.0;75.2
STG;194004;-;-;63;936.2;82.5;-;-;7.2;-2.0;74.2
STG;194005;-;-;60;936.5;244.0;-;-;10.6;0.3;75.0
STG;194006;-;-;59;939.1;144.8;-;-;14.1;2.9;74.0
STG;194007;-;-;63;940.0;187.2;-;-;15.2;5.0;77.8
STG;194008;-;-;56;943.4;136.5;-;-;13.9;2.0;78.4
STG;194009;-;-;60;940.8;232.7;-;-;12.6;0.9;81.7
STG;194010;-;-;74;935.9;57.9;-;-;7.0;-4.7;86.7
STG;194011;-;-;69;937.4;113.0;-;-;3.9;-4.5;80.2
STG;194012;-;-;93;940.3;80.4;-;-;-5.6;-18.0;80.7
STG;194101;-;-;87;929.8;74.4;-;-;-4.7;-15.5;86.0
STG;194102;-;-;70;928.8;45.5;-;-;0.0;-10.1;80.4
STG;194103;-;-;53;935.6;45.7;-;-;3.3;-6.9;77.3
STG;194104;-;-;70;934.4;65.6;-;-;4.8;-7.2;79.0
STG;194105;-;-;74;935.4;155.3;-;-;7.9;-2.4;75.6
STG;194106;-;-;52;940.8;133.2;-;-;15.0;4.4;73.1
STG;194107;-;-;57;940.4;118.1;-;-;17.4;8.3;73.9
STG;194108;-;-;69;939.2;239.6;-;-;14.6;6.1;77.6
STG;194109;-;-;49;944.7;47.1;-;-;11.1;2.2;78.2
STG;194110;-;-;81;941.4;127.0;-;-;6.7;-3.8;82.2
STG;194111;-;-;81;938.4;56.3;-;-;1.6;-8.1;86.0
STG;194112;-;-;77;945.4;44.6;-;-;-0.9;-19.3;78.4
STG;194201;-;-;89;935.3;85.3;-;-;-6.6;-20.2;84.7
STG;194202;-;-;85;934.3;37.4;-;-;-4.8;-15.3;83.2
STG;194203;-;-;71;936.3;83.4;-;-;3.4;-7.0;81.8
STG;194204;-;-;59;936.5;54.8;-;-;6.7;-3.5;74.2
STG;194205;-;-;63;938.6;144.2;-;-;11.7;-2.8;74.0
STG;194206;-;-;52;940.9;100.2;-;-;14.5;3.5;75.1
STG;194207;-;-;59;940.9;171.0;-;-;15.9;7.0;76.3
STG;194208;-;-;47;941.7;132.1;-;-;15.9;5.0;78.2
STG;194209;-;-;49;940.5;95.3;-;-;14.5;3.1;80.8
STG;194210;-;-;53;941.2;68.5;-;-;10.6;2.4;80.6
STG;194211;-;-;84;942.4;56.1;-;-;0.7;-14.3;85.8
STG;194212;-;-;66;940.8;24.9;-;-;0.8;-8.3;82.1
STG;194301;-;-;73;936.0;63.2;-;-;-1.2;-16.7;82.4
STG;194302;-;-;53;945.6;45.4;-;-;0.9;-11.2;78.7
STG;194303;-;-;45;940.1;49.3;-;-;4.9;-3.6;77.0
STG;194304;-;-;56;943.4;66.8;-;-;8.2;-1.1;73.1
STG;194305;-;-;58;941.2;55.8;-;-;12.0;1.6;74.4
STG;194306;-;-;68;943.3;148.4;-;-;13.2;4.5;78.9
STG;194307;-;-;46;940.3;118.2;-;-;16.5;6.3;75.6
STG;194308;-;-;45;941.6;47.5;-;-;17.5;7.6;72.1
STG;194309;-;-;72;940.4;113.0;-;-;13.4;2.0;83.2
STG;194310;-;-;62;940.1;2.4;-;-;9.2;0.2;85.5
STG;194311;-;-;79;937.5;89.6;-;-;1.6;-5.9;83.1
STG;194312;-;-;83;942.0;20.6;-;-;-0.6;-6.2;89.4
STG;194401;-;-;71;947.2;63.3;-;-;0.8;-13.7;79.7
STG;194402;-;-;85;934.9;110.8;-;-;-3.1;-12.0;82.7
STG;194403;-;-;80;937.8;73.4;-;-;-0.3;-8.6;75.7
STG;194404;-;-;64;940.3;62.3;-;-;8.3;-3.0;72.3
STG;194405;-;-;62;941.4;135.4;-;-;10.8;-2.1;73.3
STG;194406;-;-;69;937.8;169.9;-;-;13.1;4.0;78.7
STG;194407;-;-;66;939.3;108.6;-;-;16.1;7.1;77.1
STG;194408;-;-;49;941.0;151.7;-;-;18.6;9.2;76.1
STG;194409;-;-;63;942.6;147.3;-;-;11.8;1.2;82.3
STG;194410;-;-;73;934.4;82.0;-;-;7.0;-3.1;82.4
STG;194411;-;-;77;935.8;181.2;-;-;3.0;-4.4;79.2
STG;194412;-;-;73;938.5;48.2;-;-;-2.1;-12.5;80.6
STG;194501;-;-;79;933.2;55.8;-;-;-7.1;-18.8;79.3
STG;194502;-;-;69;946.6;43.2;-;-;3.0;-4.0;79.8
STG;194503;-;-;64;947.4;104.4;-;-;4.6;-5.2;74.8
STG;194504;-;-;50;940.8;119.7;-;-;8.2;-2.6;72.8
STG;194505;-;-;52;938.0;113.2;-;-;13.6;-1.2;70.7
STG;194506;-;-;48;943.2;108.8;-;-;16.6;4.0;69.7
STG;194507;-;-;42;941.3;93.5;-;-;17.1;5.0;73.4
STG;194508;-;-;57;937.5;179.3;-;-;15.2;6.9;75.8
STG;194509;-;-;55;942.8;170.7;-;-;13.0;2.6;82.3
STG;194510;-;-;60;943.4;56.9;-;-;8.0;0.2;81.4
STG;194511;-;-;75;938.7;59.3;-;-;0.7;-7.8;87.0
STG;194512;-;-;79;935.4;104.3;-;-;-0.1;-12.2;80.7
STG;194601;-;-;66;943.4;27.9;-;-;-3.4;-14.0;79.6
STG;194602;-;-;86;939.4;82.3;-;-;2.5;-6.5;72.5
STG;194603;-;-;62;935.9;21.7;-;-;4.1;-5.2;75.8
STG;194604;-;-;47;939.4;29.1;-;-;9.4;-2.5;70.3
STG;194605;-;-;62;935.0;129.7;-;-;12.7;2.4;74.1
STG;194606;-;-;69;940.7;192.5;-;-;13.6;5.6;77.1
STG;194607;-;-;50;942.7;241.4;-;-;17.0;8.1;74.9
STG;194608;-;-;59;939.7;142.4;-;-;15.3;4.6;78.8
STG;194609;-;-;45;942.2;84.6;-;-;13.0;4.6;78.8
STG;194610;-;-;65;939.2;43.1;-;-;6.3;-2.3;82.0
STG;194611;-;-;65;936.4;31.1;-;-;2.6;-5.6;82.7
STG;194612;-;-;91;936.8;45.9;-;-;-2.6;-12.5;86.4
STG;194701;-;-;74;938.4;69.2;-;-;-4.6;-18.8;78.5
STG;194702;-;-;85;927.6;38.7;-;-;-3.3;-11.3;83.0
STG;194703;-;-;73;931.5;109.7;-;-;4.2;-11.7;73.7
STG;194704;-;-;50;943.7;29.2;-;-;9.7;-3.9;67.1
STG;194705;-;-;60;938.8;79.2;-;-;13.4;3.6;75.3
STG;194706;-;-;48;941.1;80.1;-;-;16.4;4.4;70.4
STG;194707;-;-;46;941.1;149.1;-;-;18.0;8.2;73.8
STG;194708;-;-;36;941.0;62.6;-;-;17.5;3.4;70.8
STG;194709;-;-;36;942.7;58.6;-;-;14.6;3.8;71.3
STG;194710;-;-;59;943.1;51.0;-;-;7.4;-2.6;85.5
STG;194711;-;-;76;938.4;185.0;-;-;5.1;-6.0;83.7
STG;194712;-;-;91;936.5;105.5;-;-;0.3;-12.5;83.9
STG;194801;-;-;76;930.5;103.2;-;-;2.6;-9.4;78.4
STG;194802;-;-;78;942.2;68.7;-;-;0.2;-12.5;77.4
STG;194803;-;-;36;949.3;16.3;-;-;5.6;-3.2;76.1
STG;194804;-;-;55;936.5;65.1;-;-;7.7;-2.2;75.3
STG;194805;-;-;54;936.9;88.3;-;-;12.4;2.4;75.6
STG;194806;-;-;61;939.4;200.8;-;-;13.7;5.4;79.2
STG;194807;-;-;71;940.8;202.2;-;-;14.0;3.6;83.8
STG;194808;-;-;64;939.8;212.7;-;-;15.6;7.2;82.4
STG;194809;-;-;48;942.2;59.6;-;-;12.4;1.5;83.4
STG;194810;-;-;66;941.7;35.1;-;-;8.5;-0.2;84.9
STG;194811;-;-;70;946.9;40.6;-;-;3.1;-6.5;87.1
STG;194812;-;-;69;944.7;27.1;-;-;-1.4;-15.4;85.7
STG;194901;-;-;64;945.5;79.4;-;-;-0.9;-12.0;82.8
STG;194902;-;-;37;949.4;24.9;-;-;-0.4;-17.0;76.1
STG;194903;-;-;53;939.9;36.3;-;-;0.6;-18.0;73.7
STG;194904;-;-;53;941.5;115.7;-;-;9.9;-2.4;72.2
STG;194905;-;-;73;936.9;110.9;-;-;10.1;0.0;79.1
STG;194906;-;-;52;941.5;66.7;-;-;14.1;3.9;69.9
STG;194907;-;-;39;942.6;89.6;-;-;17.4;6.0;66.3
STG;194908;-;-;54;943.5;122.9;-;-;16.4;6.5;72.2
STG;194909;-;-;46;942.7;99.2;-;-;15.2;6.4;77.5
STG;194910;-;-;52;943.3;31.2;-;-;9.6;-1.1;80.0
STG;194911;-;-;77;933.5;62.5;-;-;2.8;-5.1;82.5
STG;194912;-;-;77;938.6;89.8;-;-;1.6;-13.0;81.8
STG;195001;-;-;80;941.7;55.7;-;-;-1.7;-12.0;80.6
STG;195002;-;-;69;937.0;65.5;-;-;2.3;-8.0;72.9
STG;195003;-;-;49;941.9;46.4;-;-;3.6;-8.5;76.2
STG;195004;-;-;74;933.2;166.7;-;-;5.7;-3.5;75.1
STG;195005;-;-;51;939.3;60.9;-;-;13.1;2.5;71.8
STG;195006;-;-;42;942.1;66.9;-;-;17.3;8.7;69.4
STG;195007;-;-;48;940.6;95.3;-;-;18.8;7.5;70.2
STG;195008;-;-;54;939.3;167.5;-;-;16.3;8.1;76.6
STG;195009;-;-;69;939.9;138.1;-;-;12.3;2.7;77.8
STG;195010;-;-;59;942.4;43.8;-;-;7.4;-5.5;81.5
STG;195011;-;-;82;935.0;204.5;-;-;3.3;-4.0;82.7
STG;195012;-;-;83;930.7;30.8;-;-;-3.0;-12.3;85.8
STG;195101;-;-;79;934.6;82.0;-;-;0.4;-8.0;83.3
STG;195102;-;-;77;931.5;101.0;-;-;1.1;-5.5;77.5
STG;195103;-;-;76;932.0;104.7;-;-;2.3;-10.2;75.0
STG;195104;-;-;59;938.7;58.7;-;-;6.5;-1.5;72.6
STG;195105;-;-;68;934.9;118.2;-;-;10.8;-1.0;76.2
STG;195106;-;-;63;940.0;152.6;-;-;14.4;5.3;76.3
STG;195107;-;-;45;942.3;162.3;-;-;16.8;7.6;76.0
STG;195108;-;-;58;939.4;133.2;-;-;15.9;8.0;77.5
STG;195109;-;-;60;941.4;138.6;-;-;13.5;2.6;81.3
STG;195110;-;-;70;940.5;31.4;-;-;6.4;-1.8;84.3
STG;195111;-;-;73;933.8;89.9;-;-;5.6;-3.2;76.3
STG;195112;-;-;46;942.4;63.4;-;-;0.1;-9.3;78.2
STG;195201;-;-;68;935.4;57.2;-;-;-2.0;-13.2;77.0
STG;195202;-;-;74;938.7;113.7;-;-;-2.2;-13.5;80.5
STG;195203;-;-;68;934.8;90.9;-;-;3.6;-8.0;78.6
STG;195204;-;-;52;939.3;76.7;-;-;8.6;-8.5;72.2
STG;195205;-;-;55;939.9;115.8;-;-;11.9;-1.0;69.8
STG;195206;-;-;51;942.2;243.7;-;-;15.8;7.0;73.1
STG;195207;-;-;42;941.7;57.3;-;-;18.8;6.3;70.2
STG;195208;-;-;47;939.3;99.0;-;-;17.2;6.2;71.7
STG;195209;-;-;74;938.3;112.6;-;-;9.9;0.6;78.0
STG;195210;-;-;77;938.1;164.1;-;-;7.4;-1.5;81.0
STG;195211;-;-;80;934.7;137.3;-;-;1.5;-12.2;80.0
STG;195212;-;-;87;935.1;120.2;-;-;-1.1;-9.5;83.6
STG;195301;-;-;78;940.1;44.3;-;-;-3.8;-13.0;78.3
STG;195302;-;-;75;938.3;33.2;-;-;-1.7;-11.0;83.9
STG;195303;-;-;34;948.3;12.6;-;-;3.2;-9.5;74.2
STG;195304;-;-;52;936.9;122.8;-;-;7.8;-1.0;77.0
STG;195305;-;-;53;939.4;115.6;-;-;12.3;-3.5;74.2
STG;195306;-;-;73;936.3;264.8;-;-;13.7;2.0;80.8
STG;195307;-;-;61;940.7;202.7;-;-;16.6;6.2;78.9
STG;195308;-;-;50;943.3;46.7;-;-;15.7;7.5;78.1
STG;195309;-;-;51;941.3;84.2;-;-;13.1;2.5;80.2
STG;195310;-;-;63;941.4;50.3;-;-;8.9;-0.5;87.9
STG;195311;-;-;61;946.6;33.8;-;-;2.0;-5.2;88.3
STG;195312;-;-;76;943.9;26.9;-;-;1.0;-6.8;90.2
STG;195401;-;-;87;937.9;102.7;-;-;-3.8;-13.5;80.8
STG;195402;-;-;85;933.2;64.1;-;-;-2.6;-15.4;85.0
STG;195403;-;-;56;933.6;18.7;-;-;4.0;-7.0;75.1
STG;195404;-;-;74;940.0;71.0;-;-;4.7;-2.5;79.9
STG;195405;-;-;63;937.7;134.8;-;-;10.0;1.5;75.0
STG;195406;-;-;60;939.5;142.9;-;-;14.6;5.5;77.8
STG;195407;-;-;69;939.6;226.4;-;-;14.3;6.5;74.1
STG;195408;-;-;63;938.6;255.7;-;-;14.4;5.8;81.5
STG;195409;-;-;61;941.8;156.7;-;-;12.9;1.0;80.5
STG;195410;-;-;53;942.4;81.3;-;-;8.3;-0.5;82.8
STG;195411;-;-;70;938.8;40.3;-;-;3.6;-6.0;91.0
STG;195412;-;-;86;938.5;96.7;-;-;2.2;-3.4;86.8
STG;195501;-;-;88;933.2;144.6;-;-;-1.3;-11.5;90.4
STG;195502;-;-;85;927.9;128.0;-;-;-0.5;-13.2;78.5
STG;195503;-;-;68;935.2;84.6;-;-;0.5;-10.0;72.8
STG;195504;-;-;55;942.1;79.4;-;-;6.9;-4.4;64.7
STG;195505;-;-;55;940.0;175.8;-;-;10.5;-0.5;72.2
STG;195506;-;-;67;939.7;150.4;-;-;14.7;2.3;80.4
STG;195507;-;-;79;939.8;212.7;-;-;16.0;7.8;85.5
STG;195508;-;-;57;940.9;172.7;-;-;15.3;6.0;81.7
STG;195509;-;-;58;941.1;150.0;-;-;12.2;1.7;85.8
STG;195510;-;-;63;938.7;49.1;-;-;7.0;-4.6;85.1
STG;195511;-;-;69;941.2;26.7;-;-;2.0;-10.7;87.2
STG;195512;-;-;79;936.6;116.6;-;-;3.1;-4.7;83.0
STG;195601;-;-;78;936.3;105.1;-;-;1.2;-10.8;82.0
STG;195602;-;-;79;936.3;55.6;-;-;-10.3;-25.5;82.3
STG;195603;-;-;62;937.7;66.0;-;-;3.1;-11.9;78.5
STG;195604;-;-;64;934.1;126.3;-;-;5.8;-6.8;75.0
STG;195605;-;-;50;943.0;137.0;-;-;11.6;0.6;75.8
STG;195606;-;-;78;941.3;191.0;-;-;12.2;2.4;81.9
STG;195607;-;-;62;940.5;215.4;-;-;16.4;8.0;76.6
STG;195608;-;-;67;938.2;218.8;-;-;14.5;6.3;81.2
STG;195609;-;-;47;941.5;72.4;-;-;14.1;5.3;82.9
STG;195610;-;-;62;943.4;151.2;-;-;6.7;-2.0;88.2
STG;195611;-;-;85;940.2;49.2;-;-;1.1;-5.0;89.4
STG;195612;-;-;73;944.1;34.9;-;-;0.4;-14.0;87.3
STG;195701;-;-;69;943.9;43.3;-;-;-1.7;-13.6;83.8
STG;195702;-;-;71;935.8;148.2;-;-;3.6;-5.3;79.9
STG;195703;-;-;53;939.5;82.6;-;-;7.5;-6.5;75.6
STG;195704;-;-;61;939.1;107.2;-;-;6.9;-3.3;80.2
STG;195705;-;-;68;938.0;124.6;-;-;8.0;-5.0;78.8
STG;195706;-;-;57;940.5;207.4;-;-;15.6;5.2;81.8
STG;195707;-;-;64;940.4;233.9;-;-;16.6;8.0;83.5
STG;195708;-;-;60;940.4;124.4;-;-;15.0;5.5;83.5
STG;195709;-;-;61;940.5;115.5;-;-;12.3;3.6;87.2
STG;195710;-;-;51;942.1;18.1;-;-;7.7;-1.2;91.6
STG;195711;-;-;89;940.1;18.6;-;-;3.1;-4.5;93.8
STG;195712;-;-;74;937.8;30.1;-;-;0.4;-8.8;87.8
STG;195801;-;-;79;937.3;93.4;-;-;-1.3;-10.5;84.6
STG;195802;-;-;78;936.8;161.1;-;-;2.9;-9.6;77.9
STG;195803;-;-;66;933.2;68.8;-;-;-0.7;-12.0;79.2
STG;195804;-;-;71;937.0;136.8;-;-;4.3;-3.8;80.7
STG;195805;-;-;54;940.6;70.9;-;-;13.9;2.0;72.6
STG;195806;-;-;57;938.6;158.8;-;-;14.2;4.5;75.4
STG;195807;-;-;59;940.3;160.0;-;-;17.0;8.4;80.4
STG;195808;-;-;55;939.8;141.6;-;-;17.3;7.1;79.0
STG;195809;-;-;52;942.1;77.0;-;-;14.7;3.6;83.2
STG;195810;-;-;81;943.7;151.9;-;-;7.6;-1.5;90.6
STG;195811;-;-;96;941.2;92.4;-;-;2.9;-2.3;95.3
STG;195812;-;-;76;931.4;80.2;-;-;2.2;-8.8;81.7
STG;195901;-;7;74;936.9;110.0;3564;13.4;-1.0;-11.7;82.9
STG;195902;-;0;44;950.6;15.3;7536;13.5;0.3;-7.8;83.4
STG;195903;-;0;68;938.4;73.4;6126;17.8;6.2;-1.9;81.6
STG;195904;-;0;48;935.2;101.3;11196;21.5;8.7;-4.2;70.2
STG;195905;-;0;50;938.0;123.5;13518;24.3;11.9;1.3;75.4
STG;195906;-;0;65;942.1;237.6;9402;25.6;15.0;5.7;80.6
STG;195907;-;0;44;941.5;74.2;14850;30.0;18.3;9.6;78.4
STG;195908;-;0;57;941.6;61.6;10686;27.0;15.9;4.1;86.0
STG;195909;-;0;33;942.1;47.1;13098;24.3;13.3;2.1;82.7
STG;195910;-;0;54;941.2;130.8;7938;18.3;7.6;-1.2;87.0
STG;195911;-;0;81;937.3;55.0;2964;15.5;1.7;-4.4;90.7
STG;195912;-;0;76;932.0;60.6;3048;13.3;1.8;-7.3;87.4
STG;196001;-;9;69;937.8;102.1;4020;13.6;-1.0;-18.2;86.4
STG;196002;-;2;72;934.2;100.0;4344;16.0;1.3;-14.7;82.1
STG;196003;-;0;69;934.0;69.6;5964;16.7;5.0;-3.5;79.7
STG;196004;-;0;68;939.4;91.2;7356;18.2;6.9;-0.5;79.8
STG;196005;-;0;58;940.1;113.0;11850;24.2;12.2;0.0;77.5
STG;196006;-;0;60;941.7;164.9;11028;27.6;15.6;6.0;77.6
STG;196007;-;0;71;940.1;147.6;9942;26.2;14.6;4.4;79.0
STG;196008;-;0;60;938.9;184.6;10824;27.7;15.8;7.0;76.4
STG;196009;-;0;63;939.1;137.2;6714;23.6;11.6;4.3;83.9
STG;196010;-;0;73;932.5;152.3;5562;23.6;8.6;-2.9;77.9
STG;196011;-;0;67;936.0;81.8;4368;16.8;5.9;-2.1;78.5
STG;196012;-;3;85;932.9;52.1;1962;13.7;-0.4;-8.3;85.9
STG;196101;-;9;93;937.5;56.8;1452;9.6;-0.8;-9.6;85.0
STG;196102;-;0;60;945.0;73.1;6180;16.8;4.1;-4.0;75.7
STG;196103;-;0;44;946.5;65.3;10842;19.1;5.3;-5.7;71.5
STG;196104;-;0;63;935.1;86.2;7812;23.8;10.5;2.3;73.9
STG;196105;-;0;74;938.4;184.3;8922;22.7;9.8;0.5;77.6
STG;196106;-;0;56;940.7;156.3;10722;27.8;15.2;5.3;74.5
STG;196107;-;0;55;940.9;145.7;12234;28.9;15.5;5.9;70.7
STG;196108;-;0;48;943.1;136.5;12780;27.4;15.7;7.1;73.5
STG;196109;-;0;39;942.4;53.4;11988;26.0;16.6;6.0;76.7
STG;196110;-;0;61;938.8;50.0;7572;24.3;9.9;-1.0;79.1
STG;196111;-;0;80;935.5;49.7;2664;15.7;3.3;-5.6;82.5
STG;196112;-;0;87;937.3;91.7;1950;17.3;0.5;-12.1;84.7
STG;196201;-;16;80;940.9;155.8;2316;11.0;0.4;-14.3;77.0
STG;196202;-;5;80;941.4;71.8;3582;9.3;-0.9;-13.4;82.2
STG;196203;-;2;70;932.1;78.7;5592;16.1;0.1;-11.5;76.8
STG;196204;-;0;55;937.4;61.2;11334;23.0;8.0;-3.5;65.0
STG;196205;-;0;74;939.2;219.4;7956;25.8;9.5;-2.7;74.8
STG;196206;-;0;48;943.6;76.6;13842;29.0;13.9;0.0;60.9
STG;196207;-;0;60;940.9;114.3;11154;29.2;15.7;4.0;65.7
STG;196208;-;0;41;942.3;134.7;15438;29.0;17.3;9.2;74.0
STG;196209;-;0;52;941.0;91.6;11076;27.7;12.8;1.8;78.3
STG;196210;-;0;58;942.6;33.4;6798;21.6;8.2;-1.3;89.0
STG;196211;-;3;79;935.4;44.4;2592;21.0;2.0;-10.0;85.2
STG;196212;-;11;94;936.6;128.2;588;8.0;-4.2;-17.4;90.4
STG;196301;-;26;83;937.8;61.8;1794;5.1;-7.2;-21.0;87.4
STG;196302;-;36;65;930.6;55.7;4428;5.7;-5.7;-19.8;80.1
STG;196303;-;13;62;937.7;119.7;7266;13.2;2.3;-15.1;72.6
STG;196304;-;0;75;935.7;82.7;5832;21.7;8.3;-1.4;74.9
STG;196305;-;0;69;939.3;140.8;7632;22.4;10.3;0.6;77.7
STG;196306;-;0;71;938.3;192.1;8634;30.5;14.6;7.3;76.3
STG;196307;-;0;49;942.1;93.2;13290;28.4;17.4;8.3;75.0
STG;196308;-;0;64;938.0;169.6;9864;29.7;15.3;3.7;77.1
STG;196309;-;0;67;941.5;102.7;5376;22.7;13.3;1.2;84.2
STG;196310;-;0;70;943.4;68.3;5304;21.0;8.2;-0.8;83.8
STG;196311;-;0;65;934.4;86.8;4668;19.6;7.4;-2.0;74.2
STG;196312;-;4;81;938.9;15.7;2208;7.8;-3.8;-13.5;91.1
STG;196401;-;10;90;949.1;31.1;1236;3.7;-4.1;-11.0;93.7
STG;196402;-;12;77;938.8;57.3;3390;15.3;0.9;-10.0;84.0
STG;196403;-;7;85;933.9;143.1;2562;12.7;1.3;-10.8;86.2
STG;196404;-;0;67;937.7;124.5;7404;22.4;8.6;-0.8;71.8
STG;196405;-;0;53;941.3;182.2;11928;25.8;13.0;3.6;71.6
STG;196406;-;0;56;940.5;86.4;11784;27.8;16.3;6.2;75.0
STG;196407;-;0;39;942.7;60.2;16476;30.3;18.3;7.5;67.7
STG;196408;-;0;53;940.6;169.0;9864;28.3;15.2;6.0;76.4
STG;196409;-;0;48;943.8;91.6;9678;26.2;13.4;1.2;83.5
STG;196410;-;0;89;938.8;101.7;2262;17.8;6.3;0.0;90.8
STG;196411;-;0;86;942.2;97.2;1212;12.0;4.5;-1.8;90.0
STG;196412;-;10;84;936.8;51.3;1302;10.6;-1.3;-13.8;90.1
STG;196501;-;7;81;934.9;60.5;1872;12.8;0.3;-8.4;84.6
STG;196502;-;27;76;941.7;54.1;2838;7.5;-4.7;-14.3;86.5
STG;196503;-;14;66;938.6;83.7;5712;15.5;2.7;-12.7;78.7
STG;196504;-;1;71;935.1;204.5;6096;17.8;5.5;-0.8;80.3
STG;196505;-;0;71;938.6;194.0;6642;24.2;10.4;1.4;76.8
STG;196506;-;0;67;940.0;193.8;8916;28.7;15.1;3.6;77.3
STG;196507;-;0;70;939.3;152.5;8220;28.0;15.0;7.4;76.9
STG;196508;-;0;59;940.4;66.1;10068;29.2;14.9;7.0;78.8
STG;196509;-;0;58;937.4;149.8;8040;22.8;11.8;3.3;80.3
STG;196510;-;0;70;943.8;11.5;4386;21.0;7.5;-0.6;89.5
STG;196511;-;4;83;932.7;147.5;2238;18.4;2.7;-12.3;83.3
STG;196512;-;2;87;932.5;170.5;846;16.3;2.4;-7.3;79.7
STG;196601;-;15;78;935.8;74.9;2172;13.2;-3.0;-19.5;83.6
STG;196602;-;0;75;931.8;124.0;2658;18.0;5.5;-4.5;77.0
STG;196603;-;3;65;941.4;82.3;6348;12.8;2.2;-5.0;81.6
STG;196604;-;0;64;934.9;99.4;7482;18.6;8.9;-1.3;78.0
STG;196605;-;0;53;940.8;125.2;12168;23.7;12.1;1.8;72.9
STG;196606;-;0;52;940.5;126.6;13152;29.7;15.9;4.6;73.8
STG;196607;-;0;68;939.0;297.6;9930;26.3;14.8;6.5;80.0
STG;196608;-;0;70;939.8;176.1;8142;30.6;14.3;4.3;81.3
STG;196609;-;0;51;942.1;36.1;8784;27.2;14.1;6.7;82.6
STG;196610;-;0;72;934.0;86.4;5700;27.7;11.2;-0.7;83.2
STG;196611;-;11;80;936.6;127.3;2952;21.2;1.8;-9.0;82.3
STG;196612;-;8;85;935.8;115.7;1446;10.8;0.7;-8.2;84.0
STG;196701;-;11;77;941.8;76.1;3210;14.8;-0.8;-17.4;82.6
STG;196702;-;2;62;940.5;54.0;5106;14.5;1.6;-12.1;78.8
STG;196703;-;0;69;942.0;116.1;5844;19.3;4.6;-3.3;83.6
STG;196704;-;0;59;937.0;87.6;9702;19.7;6.2;-4.0;80.9
STG;196705;-;0;58;937.5;148.4;11802;31.0;11.8;-0.1;77.8
STG;196706;-;0;56;943.0;166.4;12156;32.8;14.1;3.0;80.6
STG;196707;-;0;45;943.1;106.6;15162;30.7;18.7;7.6;80.4
STG;196708;-;0;60;941.3;157.7;10992;28.6;16.3;7.3;85.5
STG;196709;-;0;63;939.6;208.7;7680;26.1;12.9;3.7;89.5
STG;196710;-;0;45;940.7;62.8;10734;26.0;11.2;-0.4;81.1
STG;196711;-;0;82;940.1;40.1;2490;15.4;3.7;-3.7;88.7
STG;196712;-;7;83;939.0;90.9;1866;11.0;-1.6;-14.5;86.5
STG;196801;-;36;81;938.6;150.6;2784;10.8;-1.6;-15.2;86.0
STG;196802;-;20;76;934.3;64.5;4572;11.7;1.3;-7.0;85.2
STG;196803;-;3;56;939.1;69.4;8436;20.8;4.0;-8.6;73.2
STG;196804;-;1;48;938.1;111.1;11112;25.7;8.6;-4.0;72.4
STG;196805;-;0;66;938.3;116.6;9522;26.0;10.9;0.0;75.3
STG;196806;-;0;62;940.7;90.1;12336;29.6;14.9;5.1;72.9
STG;196807;-;0;59;942.8;137.8;12138;31.1;16.0;6.5;74.5
STG;196808;-;0;70;938.6;175.2;8160;25.8;14.8;5.6;81.2
STG;196809;-;0;67;939.5;198.1;7416;23.8;12.2;2.8;83.8
STG;196810;-;0;66;943.3;39.7;6036;22.4;10.3;0.6;85.7
STG;196811;-;0;86;936.3;30.3;1638;21.2;3.5;-6.2;88.8
STG;196812;-;4;86;933.6;45.5;1542;7.7;-2.0;-11.5;91.9
STG;196901;-;18;75;937.2;51.7;3306;8.3;-0.1;-9.6;87.5
STG;196902;-;16;72;930.7;57.7;4800;10.3;-1.6;-13.3;78.7
STG;196903;-;1;80;933.3;45.9;4716;13.7;2.7;-5.0;82.2
STG;196904;-;1;66;937.8;114.6;7548;22.3;6.5;-5.8;73.1
STG;196905;-;0;58;937.4;86.0;12180;29.0;13.3;1.6;66.5
STG;196906;-;0;66;938.3;188.8;8778;27.2;12.8;0.8;76.4
STG;196907;-;0;53;945.0;109.2;14358;30.1;17.7;5.7;73.5
STG;196908;-;0;60;940.3;245.3;10656;27.6;15.1;5.6;78.9
STG;196909;-;0;62;941.1;40.1;6876;24.1;13.8;7.0;83.5
STG;196910;-;0;56;945.7;20.4;7044;18.7;9.1;0.8;84.7
STG;196911;-;3;66;934.7;115.0;5166;17.7;4.6;-10.2;73.5
STG;196912;-;21;92;934.7;110.2;1068;3.7;-4.8;-12.0;90.2
STG;197001;-;13;77;932.2;75.1;2886;12.5;-0.6;-11.4;85.6
STG;197002;-;20;86;932.7;214.9;1506;11.3;0.0;-10.9;80.9
STG;197003;-;22;70;933.9;76.1;5508;15.8;0.9;-10.0;73.8
STG;197004;-;1;75;937.3;160.7;5538;22.7;5.2;-4.5;74.5
STG;197005;-;0;68;938.9;106.2;8070;21.4;10.6;-0.2;69.1
STG;197006;-;0;57;941.0;118.5;11946;26.7;16.5;4.2;72.4
STG;197007;-;0;58;941.0;123.7;12390;28.5;16.4;4.7;74.2
STG;197008;-;0;64;940.1;252.7;9696;30.1;16.5;7.1;83.8
STG;197009;-;0;42;943.4;70.6;10878;27.6;13.6;4.0;83.8
STG;197010;-;0;65;943.2;79.7;7170;23.6;8.2;0.0;82.4
STG;197011;-;0;76;938.4;78.3;3114;20.1;5.5;-3.5;79.5
STG;197012;-;4;85;941.9;58.9;1170;8.6;-1.9;-12.8;89.4
STG;197101;-;10;65;935.1;19.9;2430;14.6;-1.8;-14.4;83.2
STG;197102;-;12;76;940.7;92.5;4242;8.9;-0.8;-11.0;86.2
STG;197103;-;15;83;934.2;60.6;5694;14.3;-0.3;-16.4;84.6
STG;197104;-;0;56;933.6;61.0;11628;22.3;9.9;0.2;69.4
STG;197105;-;0;74;934.7;92.5;10098;28.6;13.7;3.2;74.2
STG;197106;-;0;78;936.7;227.8;8340;24.2;13.4;5.5;82.3
STG;197107;-;0;36;941.8;84.9;18510;30.1;18.2;6.5;68.3
STG;197108;-;0;59;939.7;132.2;12132;30.8;17.8;9.7;75.0
STG;197109;-;0;49;944.3;69.2;12702;23.0;12.2;0.5;78.6
STG;197110;-;0;48;947.5;53.2;9330;21.4;9.2;-1.6;80.9
STG;197111;-;2;76;935.8;95.8;3336;16.7;2.3;-11.0;85.7
STG;197112;-;0;71;946.6;52.7;2718;9.6;0.8;-6.4;89.3
STG;197201;-;2;86;934.6;21.8;1530;9.6;-1.1;-8.3;90.0
STG;197202;-;1;81;932.8;11.7;3606;16.2;2.7;-7.4;81.0
STG;197203;-;0;63;935.8;25.3;9492;17.1;5.9;-2.4;70.5
STG;197204;-;0;86;933.9;156.0;5370;21.0;6.7;-2.9;79.4
STG;197205;-;0;76;936.8;101.7;8352;23.2;11.0;2.6;71.7
STG;197206;-;0;69;939.1;162.4;10314;27.1;13.8;3.9;76.2
STG;197207;-;0;73;941.5;187.8;9408;31.1;16.2;5.6;78.8
STG;197208;-;0;66;941.7;96.7;10524;28.3;15.4;5.6;77.3
STG;197209;-;0;59;941.3;57.7;9516;23.0;10.3;1.0;81.0
STG;197210;-;0;66;941.5;64.1;6576;22.7;6.2;-2.1;82.9
STG;197211;-;2;59;940.5;210.1;4404;15.6;3.5;-8.2;85.4
STG;197212;-;0;74;944.8;16.9;2382;10.1;-1.3;-8.2;89.9
STG;197301;-;1;90;942.5;42.5;444;5.2;-1.5;-8.5;89.1
STG;197302;-;10;78;936.2;86.8;3864;10.4;-0.9;-10.8;81.9
STG;197303;-;10;65;943.0;50.9;7638;16.0;2.0;-10.5;80.5
STG;197304;-;3;80;936.0;109.0;7248;20.0;4.2;-5.5;81.9
STG;197305;-;0;66;939.4;66.4;12336;27.2;13.3;3.5;69.7
STG;197306;-;0;70;941.1;146.4;10116;29.5;15.6;6.0;77.1
STG;197307;-;0;73;938.1;162.2;10338;28.5;16.4;9.1;76.6
STG;197308;-;0;56;942.4;159.1;12132;29.5;18.0;9.8;78.1
STG;197309;-;0;54;940.5;66.1;10044;27.8;14.2;4.8;81.4
STG;197310;-;0;78;941.2;142.6;3684;19.0;6.6;-1.6;88.3
STG;197311;-;3;69;942.9;106.1;3546;13.8;3.3;-6.3;82.3
STG;197312;-;6;85;937.1;82.4;1164;14.0;0.7;-14.6;79.3
STG;197401;-;0;85;941.9;78.6;2418;13.8;2.5;-5.2;85.4
STG;197402;-;2;89;932.5;76.8;2184;14.7;2.0;-6.4;86.3
STG;197403;-;1;76;935.7;46.9;6960;24.2;6.5;-3.8;74.6
STG;197404;-;0;58;933.8;90.8;11292;19.6;7.2;-3.1;72.7
STG;197405;-;0;68;936.4;124.5;10206;23.2;10.7;0.2;75.6
STG;197406;-;0;69;937.9;164.0;9936;24.2;13.4;4.0;72.8
STG;197407;-;0;63;941.2;165.0;12228;28.7;16.2;7.0;68.6
STG;197408;-;0;64;940.6;92.1;11586;31.2;17.4;7.0;72.9
STG;197409;-;0;65;937.9;129.5;8322;26.6;12.7;2.5;76.4
STG;197410;-;1;88;934.3;178.9;2034;11.9;3.9;-3.6;81.0
STG;197411;-;2;78;937.5;107.0;3138;17.1;4.3;-2.4;75.6
STG;197412;-;2;75;944.6;109.7;2742;13.8;3.4;-7.3;77.4
STG;197501;-;0;76;941.6;52.4;3252;14.0;3.3;-4.7;75.2
STG;197502;-;0;55;943.8;29.3;6936;12.5;0.7;-7.5;80.5
STG;197503;-;2;80;930.0;72.7;4932;16.8;3.1;-7.2;77.3
STG;197504;-;3;75;937.2;119.7;8118;20.1;6.7;-3.2;69.6
STG;197505;-;0;73;936.7;143.3;8640;25.2;11.8;0.7;72.8
STG;197506;-;0;74;939.5;202.7;8232;25.8;13.3;2.4;74.1
STG;197507;-;0;55;940.7;129.1;14520;29.2;17.1;7.0;69.1
STG;197508;-;0;60;941.0;255.4;11574;28.3;16.8;8.8;74.1
STG;197509;-;0;64;941.5;130.2;8316;33.1;15.9;7.6;73.3
STG;197510;-;0;73;943.8;75.2;4728;20.5;6.9;0.5;82.0
STG;197511;-;1;79;938.8;117.2;2772;15.1;3.4;-9.0;81.4
STG;197512;-;3;74;944.5;13.5;2268;10.5;-1.2;-9.8;88.3
STG;197601;-;5;81;940.7;69.4;2484;11.4;0.8;-12.5;80.8
STG;197602;-;4;75;940.3;21.8;4278;15.0;0.3;-8.1;87.6
STG;197603;-;1;53;939.2;31.9;9042;17.8;2.6;-9.2;69.6
STG;197604;-;1;51;936.1;98.8;11382;20.4;6.8;-3.1;77.1
STG;197605;-;0;56;939.1;112.0;13146;26.1;12.6;-0.3;75.0
STG;197606;-;0;39;943.1;75.2;17718;29.0;17.3;4.3;71.4
STG;197607;-;0;64;940.2;204.8;11328;30.1;18.2;8.7;77.7
STG;197608;-;0;61;942.2;87.6;11262;24.4;14.7;7.1;82.8
STG;197609;-;0;71;939.0;130.0;6426;23.0;11.9;3.0;86.6
STG;197610;-;0;70;932.0;56.9;5562;24.0;9.8;2.0;88.4
STG;197611;-;0;83;938.9;65.4;2016;18.4;3.8;-1.7;82.1
STG;197612;-;19;81;932.0;108.7;1356;10.0;-2.6;-12.2;87.6
STG;197701;-;23;83;934.6;77.9;1518;13.6;0.4;-9.7;83.3
STG;197702;-;2;75;932.9;119.6;3738;15.1;4.2;-6.3;74.1
STG;197703;-;1;75;940.6;91.5;7002;20.0;7.1;-6.0;70.4
STG;197704;-;5;85;937.0;222.0;5130;21.1;5.5;-3.3;78.1
STG;197705;-;0;71;936.5;59.3;8058;24.5;11.2;2.4;70.1
STG;197706;-;0;70;937.3;141.4;9552;31.8;14.9;3.0;71.1
STG;197707;-;0;63;937.8;223.4;11352;27.5;16.4;7.3;72.1
STG;197708;-;0;70;937.3;154.7;9306;25.5;15.1;8.6;77.8
STG;197709;-;0;68;944.9;101.4;7374;25.5;11.8;3.0;80.3
STG;197710;-;0;73;942.6;50.7;5196;21.8;10.0;0.9;84.1
STG;197711;-;3;73;936.6;108.6;4278;19.6;4.6;-7.4;80.3
STG;197712;-;2;79;942.4;68.3;1464;16.2;0.6;-9.8;89.7
STG;197801;-;11;81;935.4;82.5;1734;8.9;-0.4;-10.2;86.0
STG;197802;-;29;88;930.2;123.5;2352;15.8;-1.0;-8.9;85.6
STG;197803;-;4;83;936.6;111.5;5124;17.8;4.3;-3.7;78.3
STG;197804;-;0;70;932.5;49.4;9030;19.7;6.5;-2.5;73.5
STG;197805;-;0;75;937.0;200.6;7356;21.6;10.3;1.7;77.0
STG;197806;-;0;69;939.0;125.7;9708;27.3;13.8;4.3;72.9
STG;197807;-;0;64;941.1;112.6;11454;27.9;15.7;8.0;75.4
STG;197808;-;0;64;942.4;214.0;11232;25.8;14.8;5.7;78.7
STG;197809;-;0;64;943.1;79.7;9168;25.8;12.8;4.5;78.5
STG;197810;-;0;66;945.3;107.0;5448;19.2;7.5;1.6;88.2
STG;197811;-;3;74;948.8;45.3;3648;14.3;2.5;-5.1;88.2
STG;197812;-;3;85;931.3;55.0;1932;13.9;1.2;-10.1;80.6
STG;197901;-;9;84;934.9;63.1;1500;5.3;-3.5;-14.9;87.1
STG;197902;-;2;81;932.4;94.6;3138;11.4;1.2;-9.5;84.0
STG;197903;-;0;80;932.9;142.3;4584;20.4;4.8;-1.8;75.2
STG;197904;-;0;73;935.3;137.2;6966;19.3;5.2;-1.6;76.8
STG;197905;-;0;53;940.6;69.2;14184;28.7;12.1;-2.7;69.6
STG;197906;-;0;69;942.0;236.7;9258;26.5;15.6;6.4;80.0
STG;197907;-;0;65;943.6;83.6;10464;27.7;16.4;8.0;73.1
STG;197908;-;0;64;939.9;107.2;9990;28.5;15.1;6.0;79.2
STG;197909;-;0;55;943.9;195.6;9618;26.0;13.3;1.2;84.1
STG;197910;-;0;76;937.5;55.9;4272;21.8;9.4;0.6;83.4
STG;197911;-;1;80;939.5;140.9;2766;15.6;3.2;-6.4;85.4
STG;197912;-;6;75;937.4;106.7;2862;16.2;3.6;-4.5;81.1
STG;198001;-;21;86;937.5;98.5;1530;10.8;-2.1;-9.2;86.9
STG;198002;-;0;69;942.6;72.2;4410;11.2;2.6;-5.7;80.7
STG;198003;-;0;78;933.1;73.5;4836;16.5;3.9;-4.7;79.1
STG;198004;-;1;73;939.2;156.5;6510;17.8;4.8;-3.6;79.3
STG;198005;-;0;71;935.5;85.7;9054;21.0;9.9;1.5;74.8
STG;198006;-;0;75;938.5;195.8;6990;31.5;13.6;5.5;77.1
STG;198007;-;0;73;939.3;150.4;7686;28.2;14.7;6.8;78.2
STG;198008;-;0;61;942.2;94.6;10950;29.8;17.2;5.6;76.7
STG;198009;-;0;51;944.8;55.2;11658;25.1;14.4;5.5;79.6
STG;198010;-;0;78;937.6;136.0;4500;19.5;7.9;0.2;85.4
STG;198011;-;2;79;939.0;68.5;2580;17.8;2.6;-4.7;82.6
STG;198012;-;11;71;942.1;61.3;2172;10.5;-1.0;-12.6;83.1
STG;198101;-;15;84;942.9;86.5;1884;7.4;-2.8;-11.6;88.0
STG;198102;-;10;64;940.6;44.4;5070;8.3;-1.7;-9.5;81.4
STG;198103;-;1;76;934.9;99.0;6678;22.3;7.2;-4.1;75.3
STG;198104;-;0;65;938.8;39.0;10062;21.8;8.8;-3.6;73.0
STG;198105;-;0;73;936.2;132.9;8496;27.0;11.5;0.8;75.9
STG;198106;-;0;68;941.6;99.9;9228;27.7;15.2;5.6;72.0
STG;198107;-;0;69;942.1;219.4;9123;26.6;15.4;7.0;78.1
STG;198108;191;0;56;943.0;78.6;10518;25.8;16.0;6.6;73.5
STG;198109;101;0;75;940.9;211.0;4930;25.0;13.2;5.8;80.5
STG;198110;77;1;75;937.3;152.8;4916;23.8;8.6;-1.0;75.9
STG;198111;56;2;63;946.9;49.7;6092;17.6;4.3;-7.2;74.6
STG;198112;30;32;84;926.4;149.1;1563;14.3;-0.4;-14.1;81.6
STG;198201;37;11;73;-;166.9;3108;11.1;0.3;-10.7;81.8
STG;198202;71;10;66;-;22.1;4767;11.6;-0.2;-9.3;80.7
STG;198203;119;1;69;-;56.2;7374;13.3;2.8;-6.4;73.6
STG;198204;178;1;63;-;69.8;9500;16.2;5.2;-2.7;68.9
STG;198205;212;0;58;-;76.2;11956;22.5;11.2;0.5;70.1
STG;198206;203;0;69;-;161.5;8886;25.2;15.2;7.1;73.6
STG;198207;215;0;59;-;123.8;12305;27.0;17.6;8.5;73.3
STG;198208;156;0;65;-;195.7;7966;25.9;15.4;7.0;80.1
STG;198209;143;0;46;-;100.0;9699;25.8;14.9;6.6;81.2
STG;198210;81;0;69;-;64.1;5465;19.3;8.1;0.5;83.5
STG;198211;53;1;64;-;57.9;4806;18.4;5.4;-2.4;79.3
STG;198212;29;2;78;-;77.6;2318;11.8;1.6;-6.8;84.6
STG;198301;44;3;64;-;70.9;4241;13.3;2.8;-6.7;76.7
STG;198302;72;20;64;-;50.5;4165;11.2;-3.2;-12.8;83.8
STG;198303;111;3;70;-;56.8;6544;14.2;4.1;-4.4;78.3
STG;198304;153;2;78;-;101.8;6331;20.6;7.9;-1.5;72.6
STG;198305;160;0;76;-;150.5;7177;22.5;9.5;1.0;76.3
STG;198306;209;0;74;-;92.1;8997;26.3;15.2;4.9;72.4
STG;198307;257;0;40;-;55.0;16120;32.6;20.5;8.5;64.9
STG;198308;165;0;65;-;179.2;9520;29.3;16.2;7.6;78.8
STG;198309;132;0;61;-;170.2;9185;25.0;13.4;5.5;74.4
STG;198310;93;0;59;-;41.4;7623;20.7;8.8;-0.2;77.7
STG;198311;43;0;71;-;76.5;3028;13.7;2.2;-6.8;86.9
STG;198312;43;6;66;-;47.4;4359;17.0;1.0;-9.9;77.0
STG;198401;40;12;75;-;86.6;2558;11.3;0.4;-7.5;75.9
STG;198402;67;14;83;-;88.4;2906;6.7;-2.2;-11.2;84.2
STG;198403;140;15;61;-;35.3;8101;14.7;0.6;-7.9;76.1
STG;198404;169;1;65;-;51.8;9946;19.1;5.3;-3.0;72.2
STG;198405;153;0;81;-;130.0;5546;19.8;8.5;-0.2;75.0
STG;198406;205;0;69;-;114.5;9885;23.3;13.4;5.1;69.8
STG;198407;223;0;56;-;136.7;12920;33.2;15.9;6.9;69.2
STG;198408;169;0;60;-;141.8;9888;26.4;15.4;9.8;76.0
STG;198409;112;0;78;-;335.6;6434;23.3;11.4;3.8;77.9
STG;198410;90;0;66;-;57.1;6595;17.8;9.3;1.5;77.3
STG;198411;52;0;64;-;61.1;4212;18.1;5.6;-3.5;79.0
STG;198412;36;2;69;-;78.2;2839;14.5;0.8;-10.3;86.1
STG;198501;43;28;80;-;76.1;2492;9.4;-5.9;-21.1;84.4
STG;198502;72;9;73;-;52.5;4454;9.0;-1.5;-14.3;80.0
STG;198503;110;4;81;-;41.9;5099;13.8;1.5;-8.0;76.2
STG;198504;157;1;69;-;134.8;8543;19.8;6.7;-3.0;69.1
STG;198505;187;0;71;-;191.4;8993;23.9;11.2;-0.7;74.4
STG;198506;196;0;74;-;143.6;8321;23.2;12.3;3.7;72.2
STG;198507;233;0;55;-;117.5;13285;28.7;17.5;10.0;70.6
STG;198508;201;0;58;-;200.5;13306;28.4;15.8;5.8;71.1
STG;198509;158;0;48;-;61.4;12645;22.6;14.3;5.1;75.3
STG;198510;90;0;68;-;20.5;7734;24.0;8.4;-0.5;81.4
STG;198511;39;10;88;-;114.3;1807;19.3;0.1;-7.7;82.3
STG;198512;43;1;71;-;37.2;4502;15.4;3.8;-8.9;73.3
STG;198601;42;9;81;-;95.0;2937;10.1;0.0;-9.3;77.2
STG;198602;63;21;86;-;40.3;1185;1.1;-7.1;-19.2;88.4
STG;198603;115;17;71;-;61.0;5917;15.5;2.4;-8.9;73.9
STG;198604;130;5;85;-;184.3;5583;19.3;5.1;-6.2;77.0
STG;198605;186;0;75;-;209.1;9599;26.3;13.1;1.3;73.5
STG;198606;222;0;61;-;193.8;13388;26.6;14.1;2.7;73.7
STG;198607;210;0;63;-;196.8;13589;26.4;15.7;6.4;71.4
STG;198608;184;0;70;-;178.8;11475;29.3;15.8;5.7;73.4
STG;198609;142;0;69;-;20.7;9564;22.1;12.3;4.3;78.2
STG;198610;89;0;61;-;77.6;8044;20.0;9.6;-1.0;79.3
STG;198611;56;0;60;-;74.1;6398;17.5;5.5;-5.4;74.4
STG;198612;35;8;70;-;81.6;3447;9.6;1.5;-13.2;76.0
STG;198701;36;26;90;-;83.7;1756;9.0;-5.9;-23.8;87.9
STG;198702;54;13;85;-;73.2;2681;10.0;-0.1;-13.4;85.8
STG;198703;114;8;83;-;76.5;5538;12.4;-0.8;-13.8;76.5
STG;198704;184;0;59;-;110.5;11345;20.2;8.3;-3.6;68.6
STG;198705;162;0;78;-;203.3;7609;21.3;8.0;0.0;77.0
STG;198706;170;0;78;-;181.0;7448;27.4;12.8;5.1;75.0
STG;198707;188;0;70;927.0;225.4;9119;25.8;16.4;7.6;76.8
STG;198708;165;0;65;927.4;128.7;9825;28.7;15.9;6.3;73.9
STG;198709;143;0;66;929.2;163.3;10215;29.5;16.4;2.9;71.1
STG;198710;71;0;79;925.4;40.2;4188;21.1;9.5;2.0;81.0
STG;198711;36;0;83;925.2;74.6;2335;13.1;4.2;-1.4;83.2
STG;198712;27;0;83;929.0;62.5;2062;14.0;2.4;-7.7;82.2
STG;198801;40;1;75;922.1;62.6;3384;13.5;3.5;-2.9;74.0
STG;198802;70;11;76;923.2;73.4;4657;11.2;1.0;-5.6;71.6
STG;198803;90;24;88;922.1;189.6;3269;11.9;2.3;-7.8;75.9
STG;198804;172;0;68;923.7;93.9;9941;21.0;8.0;-1.5;72.8
STG;198805;195;0;74;923.1;129.2;9994;23.4;12.6;2.3;73.9
STG;198806;207;0;74;924.9;142.2;9617;24.2;13.6;4.8;77.1
STG;198807;225;0;58;927.3;178.8;14381;28.4;16.5;7.8;72.7
STG;198808;176;0;63;926.5;170.9;11771;27.5;16.6;7.9;75.3
STG;198809;123;0;71;929.0;111.8;7422;24.2;12.8;5.2;79.7
STG;198810;69;0;79;927.3;88.8;4845;22.9;10.1;-0.9;82.0
STG;198811;50;6;78;929.6;69.0;4106;12.2;2.0;-11.0;84.8
STG;198812;28;6;85;931.4;131.4;1655;10.3;1.4;-8.6;86.4
STG;198901;50;0;60;938.2;15.2;5414;9.7;0.4;-6.8;84.2
STG;198902;79;0;58;928.1;45.1;6830;13.3;3.1;-6.9;72.4
STG;198903;130;0;60;925.7;71.1;10380;19.6;7.1;-1.6;66.3
STG;198904;114;0;85;917.8;190.6;4699;18.4;6.2;-0.5;76.8
STG;198905;240;0;46;928.4;59.4;16308;22.4;12.5;1.4;66.4
STG;198906;228;0;64;926.8;92.3;12752;25.1;13.4;4.2;71.0
STG;198907;188;0;73;929.1;266.0;9319;27.1;16.9;9.3;75.0
STG;198908;186;0;56;926.1;113.7;12506;28.7;16.3;6.2;74.5
STG;198909;117;0;69;928.0;113.5;7473;23.0;12.7;4.0;83.7
STG;198910;96;0;50;929.5;102.5;9734;21.7;10.4;1.2;72.1
STG;198911;51;1;68;925.0;65.7;4813;14.6;1.5;-9.0;86.6
STG;198912;38;2;73;923.5;42.2;3388;19.6;1.7;-7.5;76.8
STG;199001;52;1;50;930.7;29.4;6411;13.1;0.8;-8.2;74.7
STG;199002;77;1;59;925.4;103.2;7392;16.3;6.2;-2.8;66.1
STG;199003;120;2;64;934.6;92.2;8999;20.8;6.4;-4.3;67.7
STG;199004;127;0;80;922.2;70.2;5597;16.1;5.5;-0.5;76.3
STG;199005;229;0;60;927.6;140.3;14322;22.0;13.1;3.6;68.8
STG;199006;191;0;73;925.0;224.7;9499;27.1;13.9;5.2;76.1
STG;199007;234;0;50;928.6;104.0;15232;29.4;16.8;8.0;68.1
STG;199008;207;0;54;929.2;115.9;15135;29.5;17.7;8.5;67.0
STG;199009;129;0;71;927.0;118.8;7598;20.9;12.0;5.1;76.8
STG;199010;91;0;70;923.0;118.1;7747;24.9;11.0;-0.4;76.7
STG;199011;42;1;86;922.3;125.6;2795;13.2;3.3;-4.0;84.2
STG;199012;37;13;83;924.4;44.8;2656;11.9;-0.9;-11.0;81.9
STG;199101;34;9;88;930.7;73.9;1726;15.5;-0.6;-9.5;84.3
STG;199102;88;17;65;923.6;18.1;6264;11.8;-2.1;-14.6;80.9
STG;199103;86;0;78;922.0;72.9;4090;19.1;6.2;-4.5;78.5
STG;199104;168;1;66;923.6;101.3;9880;16.1;5.6;-3.7;72.0
STG;199105;179;0;71;926.4;165.9;9841;21.3;7.7;0.1;75.5
STG;199106;187;0;78;924.9;239.2;8868;25.0;13.2;4.6;74.4
STG;199107;233;0;51;926.5;103.4;15436;29.5;18.1;9.3;73.0
STG;199108;208;0;45;928.7;52.6;15372;29.1;17.9;8.3;70.6
STG;199109;143;0;56;926.1;128.4;10424;24.7;15.3;5.3;73.3
STG;199110;80;0;73;925.1;33.4;6097;17.7;7.2;-2.5;85.1
STG;199111;42;2;79;923.1;95.4;3253;16.4;3.3;-3.6;79.2
STG;199112;31;2;80;934.1;66.3;2479;9.2;-1.8;-10.0;86.0
STG;199201;48;4;69;934.6;5.5;4494;12.4;-1.1;-13.2;78.8
STG;199202;82;6;63;932.0;71.0;6238;10.2;1.4;-11.9;73.5
STG;199203;106;0;71;924.1;89.5;6229;14.0;4.8;-1.9;70.4
STG;199204;150;0;71;921.8;99.8;8138;23.8;6.7;-1.7;72.7
STG;199205;218;0;58;926.8;50.4;13077;24.8;13.4;2.9;66.1
STG;199206;195;0;65;922.7;130.3;9336;25.2;14.5;7.1;76.5
STG;199207;207;0;65;927.1;154.0;11589;28.3;17.6;10.2;75.8
STG;199208;213;0;50;925.9;132.0;15078;29.8;19.9;8.6;65.0
STG;199209;126;0;61;928.2;73.7;8707;24.4;13.4;4.0;77.5
STG;199210;50;0;86;917.6;148.5;2509;14.8;6.4;-1.6;86.9
STG;199211;37;0;76;926.0;218.3;3074;16.0;6.0;-2.4;80.2
STG;199212;30;4;76;925.9;87.1;2865;14.5;0.3;-9.0;83.1
STG;199301;45;0;70;932.7;57.2;4513;15.8;3.5;-12.9;73.5
STG;199302;73;7;74;932.5;17.6;4294;10.2;-2.0;-12.1;83.0
STG;199303;131;10;60;927.8;65.1;9194;18.6;2.7;-10.4;71.2
STG;199304;170;0;66;920.4;66.2;9900;24.0;9.5;-1.2;65.3
STG;199305;205;0;68;922.9;87.2;11528;26.7;13.3;5.2;71.9
STG;199306;208;0;64;925.7;148.6;10634;26.4;15.3;6.7;74.2
STG;199307;185;0;65;927.1;332.6;9975;28.2;15.5;6.1;75.1
STG;199308;182;0;60;927.6;199.4;12202;28.0;16.3;5.8;76.6
STG;199309;125;0;75;921.8;132.7;7494;26.0;12.1;3.2;78.7
STG;199310;57;0;89;922.1;118.1;3018;21.5;7.1;-0.4;85.8
STG;199311;39;5;83;925.5;52.4;2099;12.0;-0.4;-8.8;90.8
STG;199312;33;5;80;920.5;74.2;2530;15.5;3.1;-6.0;74.8
STG;199401;40;4;78;923.1;86.2;2892;13.9;1.6;-9.0;79.5
STG;199402;55;8;81;921.2;30.8;2334;17.2;1.3;-9.9;74.8
STG;199403;105;0;76;927.7;76.4;6006;18.3;7.8;-0.9;69.4
STG;199404;134;1;79;919.8;129.3;6639;21.3;5.7;-2.0;77.4
STG;199405;163;0;76;922.1;176.2;7515;22.4;11.8;3.2;77.3
STG;199406;213;0;69;927.9;114.6;11246;27.8;15.7;4.8;71.1
STG;199407;245;0;48;926.7;129.9;16503;29.9;19.9;12.3;69.4
STG;199408;187;0;61;925.2;217.0;11297;29.8;17.9;9.7;74.5
STG;199409;108;0;81;923.7;112.4;5365;25.9;12.8;3.2;82.4
STG;199410;92;0;65;924.8;74.5;7971;18.3;8.4;-0.1;79.2
STG;199411;35;0;86;928.0;72.2;1843;21.4;7.2;-0.6;87.1
STG;199412;26;3;81;928.6;110.6;2548;11.7;2.7;-6.1;82.4
STG;199501;40;18;78;924.3;90.4;2997;11.2;-1.0;-12.6;78.6
STG;199502;60;1;79;923.9;78.1;3781;14.4;4.5;-3.7;72.7
STG;199503;116;5;68;922.6;99.5;7731;14.9;2.1;-7.5;68.7
STG;199504;135;0;78;923.7;133.2;5633;18.9;7.7;-1.5;74.2
STG;199505;184;0;69;924.0;218.6;10043;24.4;11.5;-0.6;71.5
STG;199506;191;0;73;925.1;201.3;8842;26.5;12.7;5.5;78.3
STG;199507;244;0;56;925.8;103.9;14455;30.6;19.2;11.5;72.3
STG;199508;174;0;71;927.5;185.1;9182;27.0;16.1;4.9;79.1
STG;199509;124;0;78;924.5;106.4;6552;22.8;10.9;2.1;79.2
STG;199510;100;0;64;932.4;4.8;8181;19.3;11.9;2.6;84.3
STG;199511;51;5;70;926.4;108.8;3767;18.2;2.6;-8.8;83.5
STG;199512;22;7;93;922.7;140.3;1008;14.5;-1.2;-10.8;89.2
STG;199601;31;5;84;921.6;3.4;1919;15.0;-1.8;-8.1;91.5
STG;199602;67;23;76;920.4;48.0;3869;9.8;-1.9;-11.8;79.0
STG;199603;122;15;71;922.9;68.8;6869;16.0;0.7;-11.2;77.5
STG;199604;164;1;71;924.6;62.0;9676;21.9;7.6;-3.6;70.0
STG;199605;169;0;75;922.9;185.4;8112;25.8;10.9;2.4;77.8
STG;199606;223;0;64;929.6;90.0;11130;28.4;15.7;5.6;70.9
STG;199607;231;0;58;928.4;174.6;13183;26.8;15.7;7.7;71.3
STG;199608;178;0;69;926.8;233.3;9140;25.8;15.5;8.4;80.4
STG;199609;123;0;74;924.7;137.8;6300;19.6;9.5;3.4;82.0
STG;199610;69;0;80;927.5;147.5;4810;19.3;8.6;0.4;81.3
STG;199611;46;5;76;921.3;126.2;3620;18.0;4.0;-5.5;78.8
STG;199612;31;19;89;920.6;60.8;1659;8.4;-2.1;-16.3;88.1
STG;199701;38;7;84;928.0;6.1;2176;13.6;-2.0;-12.6;87.4
STG;199702;76;1;71;931.1;66.7;5635;14.3;3.8;-7.5;68.1
STG;199703;111;0;70;932.1;49.4;6361;16.8;6.4;-1.6;73.1
STG;199704;191;0;59;927.2;104.4;12297;17.3;5.7;-4.3;64.9
STG;199705;229;0;61;925.3;63.3;13066;24.0;12.1;0.8;66.3
STG;199706;194;0;83;922.1;163.2;6758;25.7;14.3;4.3;76.1
STG;199707;203;0;71;928.2;189.1;9912;24.4;15.6;9.2;76.7
STG;199708;210;0;53;928.0;98.2;13966;26.6;18.2;8.7;73.7
STG;199709;155;0;55;931.0;57.1;11561;23.9;13.9;5.3;81.2
STG;199710;86;0;65;926.5;72.0;6291;21.7;7.8;-4.4;81.5
STG;199711;43;0;76;919.2;24.2;2533;20.8;4.3;-2.6;82.4
STG;199712;29;3;84;922.2;115.5;1667;14.6;2.4;-7.0;78.2
STG;199801;44;6;74;926.4;59.9;3823;12.5;1.4;-8.6;75.0
STG;199802;88;4;57;933.5;26.3;7956;15.5;3.7;-8.9;69.2
STG;199803;108;2;71;930.4;99.8;5871;18.8;3.8;-6.5;70.5
STG;199804;159;0;73;916.2;86.3;7799;19.1;7.7;-2.7;68.6
STG;199805;234;0;56;925.1;78.3;13820;25.6;13.0;2.0;64.9
STG;199806;233;0;68;927.6;143.6;11200;28.9;16.1;4.6;67.9
STG;199807;192;0;72;925.8;195.7;8516;30.2;17.1;7.1;72.5
STG;199808;185;0;60;928.5;150.3;12410;30.9;17.2;6.5;71.7
STG;199809;110;0;82;923.2;225.1;4765;23.3;12.3;4.2;81.7
STG;199810;60;0;83;925.1;150.6;2893;18.4;8.9;2.1;78.7
STG;199811;46;3;75;926.2;104.0;3346;13.1;0.7;-11.3;82.3
STG;199812;38;11;68;929.4;46.0;3597;11.7;1.3;-9.7;74.0
STG;199901;50;3;60;925.3;47.7;5560;12.6;2.7;-10.3;67.6
STG;199902;61;33;85;924.4;159.3;2186;8.8;-1.7;-13.1;83.4
STG;199903;115;2;74;921.7;65.0;6624;16.0;4.8;-3.5;74.7
STG;199904;157;1;75;923.5;137.2;7173;19.3;7.3;-1.0;76.8
STG;199905;185;0;70;925.7;338.7;9449;26.2;13.6;5.0;76.5
STG;199906;196;0;75;928.2;202.5;8494;26.9;13.6;4.4;78.0
STG;199907;211;0;64;927.0;92.3;11115;28.8;17.4;9.5;74.9
STG;199908;165;0;68;925.4;136.9;8312;26.7;16.6;9.6;77.7
STG;199909;144;0;59;924.4;104.1;9801;24.2;15.7;7.9;77.1
STG;199910;77;0;69;926.9;56.3;5032;20.3;8.9;0.0;81.3
STG;199911;43;23;80;928.6;168.2;2911;15.9;1.1;-8.3;85.3
STG;199912;34;14;78;922.8;124.1;2249;11.7;1.2;-11.5;75.2
STG;200001;43;10;78;931.9;25.6;3351;8.0;-1.0;-13.6;83.6
STG;200002;65;3;73;930.7;87.6;4095;15.2;3.4;-6.3;73.4
STG;200003;107;0;71;928.1;128.2;6486;15.1;4.5;-3.8;73.2
STG;200004;167;0;67;918.1;81.0;9155;22.9;9.3;-3.4;64.8
STG;200005;206;0;69;925.9;155.3;10013;25.4;14.0;4.7;69.7
STG;200006;251;0;56;930.0;119.7;14385;28.7;16.8;6.9;66.5
STG;200007;197;0;73;924.7;282.0;9624;27.9;14.5;6.4;76.2
STG;200008;194;0;54;928.7;203.7;13794;30.4;18.1;10.4;72.2
STG;200009;142;0;54;925.6;163.3;10534;22.7;14.1;6.3;77.5
STG;200010;57;0;85;925.1;86.8;2608;18.7;9.2;1.6;84.3
STG;200011;51;1;72;919.0;98.6;4411;16.1;5.4;-2.0;75.8
STG;200012;34;0;74;921.7;23.1;3081;15.7;4.0;-9.5;73.0
STG;200101;41;4;77;921.9;67.8;3434;12.8;0.8;-10.0;78.8
STG;200102;70;3;78;926.0;31.9;4703;14.9;2.6;-8.2;70.9
STG;200103;84;1;88;916.8;164.4;3472;18.6;5.8;-1.8;79.7
STG;200104;138;2;85;922.6;153.5;5750;19.2;5.5;-3.5;74.7
STG;200105;218;0;62;925.5;91.2;12410;25.8;14.3;5.2;70.2
STG;200106;224;0;63;927.5;231.3;11709;27.5;13.9;0.9;70.7
STG;200107;228;0;56;926.5;113.6;14095;29.8;17.5;8.1;70.6
STG;200108;197;0;54;928.1;112.8;13388;29.0;18.0;8.6;73.4
STG;200109;99;0;81;924.6;188.2;4081;20.7;10.3;3.4;81.7
STG;200110;98;0;60;929.2;59.8;8571;22.3;13.0;3.3;76.5
STG;200111;44;3;83;929.2;101.1;3399;11.4;1.3;-5.9;87.4
STG;200112;31;8;85;929.1;55.9;2329;9.5;-1.8;-15.4;83.4
STG;200201;53;6;71;933.0;6.9;5046;14.8;0.0;-11.1;75.2
STG;200202;60;2;79;925.0;74.4;2949;15.9;4.5;-7.8;72.7
STG;200203;135;0;70;926.2;54.5;9693;15.9;5.9;-4.3;68.6
STG;200204;167;0;69;923.1;83.3;8990;19.0;7.2;-3.1;68.7
STG;200205;191;0;72;924.1;176.4;9253;25.5;12.0;3.3;72.9
STG;200206;243;0;57;926.9;215.9;13574;30.8;17.8;8.0;69.0
STG;200207;203;0;66;926.0;184.1;11099;25.8;16.7;8.5;74.2
STG;200208;172;0;67;925.6;325.9;9561;25.1;16.2;9.5;80.6
STG;200209;119;0;68;927.1;223.0;7552;21.9;11.2;-0.3;84.2
STG;200210;75;0;76;924.1;120.1;4824;19.4;9.0;0.7;78.8
STG;200211;36;0;84;919.7;166.4;2144;15.8;6.2;-1.3;82.4
STG;200212;18;0;92;923.9;77.3;555;14.3;2.5;-6.3;87.9
STG;200301;37;6;81;923.5;76.1;2992;13.4;-1.1;-11.6;82.8
STG;200302;82;40;73;926.7;41.4;5088;10.5;-3.2;-11.7;79.4
STG;200303;151;1;47;930.7;51.6;12197;17.2;6.1;-3.8;61.8
STG;200304;188;0;60;924.2;46.8;11201;21.7;7.6;-6.2;64.6
STG;200305;185;0;72;927.8;120.1;8581;29.4;13.6;2.9;70.8
STG;200306;274;0;54;927.2;54.0;15160;31.6;20.9;12.5;64.2
STG;200307;242;0;53;927.6;181.8;15583;30.6;18.4;10.7;66.4
STG;200308;223;0;45;928.4;66.7;16631;33.2;21.4;8.6;59.3
STG;200309;156;0;53;930.0;86.3;11868;23.9;13.4;4.6;73.4
STG;200310;70;1;78;922.0;189.5;5265;20.8;5.5;-7.2;83.4
STG;200311;54;1;68;925.5;67.6;5302;17.3;5.7;-1.9;79.0
STG;200312;37;3;76;926.4;36.5;3511;17.6;1.3;-9.8;76.3
STG;200401;36;13;88;919.9;111.2;1715;10.5;-0.4;-8.8;82.5
STG;200402;80;15;73;927.1;44.0;5884;14.4;1.4;-9.3;71.1
STG;200403;132;18;69;927.9;132.7;9000;19.4;2.8;-7.6;72.9
STG;200404;177;1;70;921.7;75.0;10066;19.3;8.1;-1.1;65.9
STG;200405;209;0;66;924.0;154.8;11835;22.9;10.4;0.7;69.7
STG;200406;202;0;73;928.3;162.8;9751;27.0;15.1;7.1;71.9
STG;200407;208;0;65;927.7;147.8;11523;27.3;16.6;8.9;72.4
STG;200408;191;0;67;925.3;99.7;11699;27.0;17.5;9.0;73.5
STG;200409;135;0;61;930.2;137.6;9424;24.2;13.7;5.5;77.9
STG;200410;76;0;77;922.9;129.1;5449;23.2;11.0;1.9;80.9
STG;200411;34;0;85;928.4;49.9;1323;11.6;3.1;-4.9;85.0
STG;200412;35;6;78;926.8;63.0;2977;7.5;-0.4;-7.8;85.5
STG;200501;48;6;63;930.4;47.7;5046;12.6;0.0;-13.2;74.1
STG;200502;71;29;78;924.0;66.1;3603;10.0;-2.7;-13.9;81.4
STG;200503;130;19;67;924.7;53.5;8819;18.1;4.0;-16.7;73.4
STG;200504;159;1;69;923.2;125.7;8654;22.0;8.1;-1.2;70.7
STG;200505;209;0;68;926.7;144.9;12605;27.2;12.5;1.6;69.3
STG;200506;249;0;56;928.8;143.7;15770;29.3;16.7;3.9;67.2
STG;200507;195;0;68;926.8;158.6;11090;29.3;17.0;8.7;72.7
STG;200508;157;0;67;927.3;256.8;9553;24.7;14.7;7.2;80.9
STG;200509;134;0;61;928.2;76.1;9661;25.4;14.5;5.1;79.6
STG;200510;90;0;57;928.7;61.6;8513;23.0;10.5;2.5;80.7
STG;200511;47;2;72;925.9;28.2;4046;16.9;3.2;-6.8;80.1
STG;200512;32;7;86;924.9;53.9;2125;9.9;-1.6;-10.9;85.2
STG;200601;55;11;65;929.2;22.9;5612;10.8;-3.7;-12.8;86.0
STG;200602;57;9;79;921.7;41.5;2751;10.2;-1.2;-9.9;82.0
STG;200603;109;23;79;919.7;130.1;5272;19.3;1.5;-11.1;76.7
STG;200604;144;3;70;923.7;217.8;7689;19.0;7.3;-3.5;76.0
STG;200605;179;0;73;926.4;160.0;9299;24.4;12.2;1.2;70.2
STG;200606;254;0;51;929.9;64.1;15739;27.6;16.4;2.0;67.5
STG;200607;267;0;40;929.7;83.8;19388;30.4;21.1;12.5;63.2
STG;200608;142;0;78;924.0;236.3;6444;24.0;13.6;6.4;77.2
STG;200609;147;0;61;926.4;151.8;11065;25.9;16.2;8.9;77.6
STG;200610;89;0;63;925.7;52.2;8035;22.7;12.3;5.3;76.8
STG;200611;53;0;64;928.5;36.7;5538;18.7;7.3;-2.2;70.6
STG;200612;40;0;58;932.7;76.5;5416;16.3;2.6;-6.5;74.7
STG;200701;37;2;77;929.1;58.1;2896;13.2;3.6;-10.6;76.8
STG;200702;71;0;64;921.6;64.4;5837;11.3;4.1;-3.6;73.7
STG;200703;129;9;60;923.8;106.4;9512;13.8;4.6;-4.0;73.6
STG;200704;230;0;36;927.9;25.0;17296;22.5;12.4;-0.3;59.9
STG;200705;211;0;60;923.4;109.8;10489;25.7;13.7;2.9;70.0
STG;200706;215;0;68;925.4;95.8;9188;26.4;16.2;7.7;76.0
STG;200707;225;0;60;927.3;158.7;11992;29.9;17.0;6.9;71.5
STG;200708;172;0;64;927.1;211.8;8808;27.5;16.0;8.0;80.6
STG;200709;145;0;60;930.4;112.0;7720;22.3;11.9;4.6;80.2
STG;200710;86;0;69;931.9;25.2;5715;20.7;8.0;-1.1;86.8
STG;200711;43;7;81;928.2;71.8;2832;8.9;1.6;-8.8;87.3
STG;200712;38;5;71;931.5;89.9;2719;12.7;-0.5;-8.3;86.5
STG;200801;45;1;65;929.6;50.7;4697;13.1;3.1;-7.7;72.5
STG;200802;100;0;45;934.6;28.7;9876;14.7;3.2;-8.1;69.0
STG;200803;112;3;80;918.9;90.4;5954;17.1;3.0;-9.2;71.7
STG;200804;137;1;82;921.2;166.6;5785;18.0;6.4;-4.5;74.9
STG;200805;237;0;62;924.8;38.6;14108;27.1;14.1;5.0;63.1
STG;200806;221;0;71;927.8;133.2;11225;28.5;16.1;6.6;74.5
STG;200807;231;0;59;928.2;238.0;13771;26.6;16.8;9.5;71.9
STG;200808;196;0;67;927.5;192.3;11554;26.4;16.5;7.9;76.3
STG;200809;121;0;74;928.3;158.5;6968;24.9;11.2;2.8;82.2
STG;200810;80;0;73;928.6;137.8;5815;18.4;9.1;-0.5;82.2
STG;200811;50;3;74;924.6;47.9;3663;18.3;3.8;-7.5;81.0
STG;200812;31;5;81;926.3;90.2;2372;10.8;-0.2;-7.6;84.7
STG;200901;44;4;75;922.8;29.9;3311;9.2;-2.6;-10.7;83.4
STG;200902;71;22;80;922.7;75.2;3678;11.9;-0.5;-11.6;78.9
STG;200903;111;12;80;924.5;88.1;5272;11.6;2.7;-5.8;75.6
STG;200904;204;0;56;923.6;23.1;12515;19.9;10.9;1.0;61.2
STG;200905;230;0;60;929.9;124.3;12604;28.4;14.2;3.1;68.1
STG;200906;218;0;64;927.4;237.3;10669;26.7;14.7;6.9;74.8
STG;200907;229;0;61;928.6;192.0;12445;28.4;17.5;7.8;70.7
STG;200908;222;0;48;930.0;59.6;15286;29.1;18.6;8.3;72.3
STG;200909;143;0;64;930.7;62.5;9602;27.4;14.1;7.2;81.2
STG;200910;88;0;71;928.1;93.0;6134;24.3;8.8;-2.2;77.8
STG;200911;49;0;74;922.4;143.9;4268;20.4;7.3;-0.1;72.8
STG;200912;32;11;84;917.9;117.0;2347;14.1;0.6;-14.5;78.0
STG;201001;40;10;84;921.5;49.9;2281;5.2;-3.1;-9.3;86.1
STG;201002;77;20;80;914.9;52.8;4150;10.6;-0.2;-10.5;73.0
STG;201003;125;4;77;926.0;56.0;7031;18.3;3.5;-10.7;66.2
STG;201004;199;0;66;927.8;29.2;11493;21.8;8.4;-2.6;66.2
STG;201005;145;0;83;924.1;183.6;5593;25.0;10.2;3.3;78.5
STG;201006;206;0;64;926.2;214.5;11647;27.0;15.4;6.2;73.9
STG;201007;244;0;53;929.7;271.8;15851;30.3;18.6;9.1;71.3
STG;201008;163;0;72;927.7;216.3;8690;28.0;15.9;6.8;76.8
STG;201009;145;0;66;927.2;144.8;9251;19.6;11.8;4.8;78.7
STG;201010;72;0;74;924.7;120.0;5422;22.3;8.1;-0.8;79.5
STG;201011;47;2;79;917.8;63.4;3661;16.9;4.3;-7.7;81.0
STG;201012;31;15;86;920.5;110.2;1532;13.3;-1.3;-10.5;82.1
STG;201101;38;6;83;927.7;61.5;2636;11.9;0.4;-10.3;81.0
STG;201102;75;3;66;927.1;51.8;5943;13.4;2.1;-9.2;75.1
STG;201103;131;1;67;929.4;65.6;9854;16.8;5.4;-4.0;69.6
STG;201104;222;0;47;928.3;25.5;15546;22.5;11.1;-0.2;61.3
STG;201105;252;0;53;929.6;126.5;16480;24.8;13.7;2.2;64.3
STG;201106;207;0;71;928.5;165.7;9776;27.6;15.4;7.2;73.3
STG;201107;208;0;70;925.6;208.1;10518;29.5;14.9;7.6;74.1
STG;201108;222;0;54;928.1;150.2;15051;30.3;18.1;7.7;71.2
STG;201109;155;0;52;930.0;104.2;11566;25.3;15.2;6.5;78.3
STG;201110;97;0;59;931.2;98.1;8095;19.6;8.7;-0.8;81.7
STG;201111;56;0;64;930.4;0.5;5652;19.8;5.4;-3.8;79.9
STG;201112;29;3;82;926.9;183.9;2310;14.0;2.9;-6.3;78.4
STG;201201;36;0;-;930.6;95.3;2896;11.1;0.8;-7.7;82.1
STG;201202;77;24;-;932.4;34.2;4352;11.2;-4.9;-18.2;77.2
STG;201203;166;0;-;934.5;35.5;14175;17.3;7.1;-3.0;65.5
STG;201204;152;0;-;916.9;143.5;7109;26.0;7.8;-2.9;69.2
STG;201205;228;0;-;926.6;93.0;13239;26.5;13.1;0.6;66.5
STG;201206;227;0;-;926.7;209.5;11593;28.5;16.2;6.5;73.8
STG;201207;207;0;-;928.4;147.4;10885;28.1;16.6;7.8;73.8
STG;201208;226;0;-;929.6;213.5;15204;29.3;18.3;8.5;71.5
STG;201209;137;0;-;927.9;152.2;9391;22.9;13.4;4.6;79.5
STG;201210;82;3;-;924.2;172.5;6485;22.2;9.0;-4.5;82.0
STG;201211;51;2;-;923.9;127.0;3763;15.6;4.9;-3.2;83.4
STG;201212;35;19;-;923.9;125.5;2325;15.4;1.3;-10.7;78.1
STG;201301;41;8;-;923.6;75.4;2473;13.6;-0.3;-9.9;83.5
STG;201302;63;25;-;922.2;92.0;2121;7.9;-2.9;-10.9;85.0
STG;201303;104;6;-;916.5;75.1;4691;13.7;1.5;-7.6;76.8
STG;201304;137;1;-;924.7;83.6;6360;21.6;7.5;-3.9;75.7
STG;201305;160;0;-;922.5;230.7;6214;19.2;9.6;1.1;78.0
STG;201306;207;0;-;929.0;263.9;10552;30.9;14.6;3.0;73.7
STG;201307;271;0;-;930.9;49.8;17818;33.3;19.1;10.0;67.5
STG;201308;213;0;-;929.9;148.4;14099;29.9;17.1;9.2;73.1
STG;201309;133;0;-;927.9;151.7;8404;24.3;13.3;4.3;79.9
STG;201310;78;0;-;928.1;112.3;5579;23.2;10.7;0.2;80.7
STG;201311;39;2;-;925.4;152.1;2441;15.8;2.6;-7.7;86.4
STG;201312;53;4;-;931.6;32.6;6975;13.8;2.3;-5.8;69.5
STG;201401;43;1;-;920.4;54.4;3455;14.3;2.7;-5.7;78.6
STG;201402;81;1;-;920.0;41.1;5573;14.3;3.6;-2.6;71.4
STG;201403;148;1;-;926.4;54.6;12122;18.5;6.2;-3.7;68.3
STG;201404;178;0;-;924.7;83.2;9929;18.8;9.5;-0.7;68.0
STG;201405;197;0;-;926.7;152.7;9924;25.5;11.3;2.4;70.1
STG;201406;276;0;-;928.2;131.1;16087;29.6;16.2;7.8;66.3
STG;201407;192;0;-;926.5;272.2;10146;28.6;16.5;8.4;77.3
STG;201408;166;0;-;926.9;183.5;7776;27.1;15.0;7.8;77.2
STG;201409;145;0;-;929.2;104.4;8991;22.6;13.7;3.7;83.9
STG;201410;93;0;-;928.7;80.7;7357;24.0;11.8;1.7;80.5
STG;201411;50;0;-;922.3;93.5;3728;17.7;6.4;-0.2;85.3
STG;201412;22;5;-;929.1;93.2;1473;13.2;2.5;-12.1;80.7
STG;201501;41;13;-;927.1;107.8;2549;14.2;1.3;-7.3;77.6
STG;201502;75;22;-;924.7;45.0;4082;8.6;-1.5;-8.3;80.7
STG;201503;130;2;-;928.9;91.1;9423;15.3;5.2;-3.4;68.9
STG;201504;210;0;-;930.0;157.8;13995;20.3;8.6;-2.8;62.3
STG;201505;191;0;-;927.6;191.8;9071;26.1;12.6;3.2;72.2
STG;201506;240;0;-;930.3;172.5;13216;27.7;16.5;7.8;70.8
STG;201507;256;0;-;929.0;83.2;16840;31.7;20.6;8.7;62.0
STG;201508;220;0;-;928.5;158.3;15418;31.5;19.0;10.5;71.4
STG;201509;128;0;-;928.5;111.2;7460;25.2;11.6;4.1;77.4
STG;201510;71;0;-;927.9;99.5;4065;19.7;7.7;0.6;88.2
STG;201511;61;1;-;931.2;83.5;5923;18.3;7.4;-6.3;73.5
STG;201512;50;0;-;937.8;34.1;6790;12.2;6.1;-3.3;71.2
STG;201601;38;4;-;924.6;164.8;2434;13.9;2.3;-11.3;78.9
STG;201602;61;2;-;922.3;116.9;3157;15.4;3.1;-4.1;78.1
STG;201603;120;5;-;923.1;65.9;6501;19.5;3.1;-5.0;75.5
STG;201604;164;0;-;923.1;152.0;9072;19.7;7.6;-1.3;74.1
STG;201605;196;0;-;924.5;248.7;9981;25.6;11.6;1.8;70.7
STG;201606;199;0;-;926.8;221.6;8233;28.0;15.1;7.0;78.8
STG;201607;238;0;-;930.5;129.0;14058;28.1;18.1;8.1;73.2
STG;201608;214;0;-;931.8;143.8;14628;28.1;17.5;7.2;75.0
STG;201609;167;0;-;930.5;78.6;12909;24.6;15.8;5.9;75.0
STG;201610;78;0;-;930.3;78.2;4504;19.9;7.5;0.8;86.0
STG;201611;42;0;-;925.5;77.5;2504;17.8;4.7;-5.7;79.1
STG;201612;50;1;-;937.9;6.6;5439;11.2;1.2;-6.8;78.9
STG;201701;45;13;-;930.1;74.0;2423;9.9;-3.6;-12.3;83.9
STG;201702;75;0;-;926.9;58.8;4550;17.0;3.4;-4.9;76.9
STG;201703;145;0;-;927.4;90.6;10497;18.2;7.4;-1.1;70.1
STG;201704;178;2;-;929.1;172.2;10017;20.3;6.9;-3.4;71.3
STG;201705;242;0;-;928.0;116.2;14284;27.0;13.4;1.7;67.1
STG;201706;264;0;-;927.8;105.1;14857;29.7;18.2;6.9;67.6
STG;201707;224;0;-;928.6;193.0;12251;29.3;18.0;10.5;71.3
STG;201708;207;0;-;930.1;186.1;13156;29.6;18.2;8.6;74.5
STG;201709;135;0;-;927.8;193.9;8001;21.5;11.7;4.3;78.6
STG;201710;108;0;-;932.6;84.5;9117;19.6;10.9;-0.3;72.1
STG;201711;43;1;-;926.9;122.8;2942;15.4;4.0;-2.9;78.2
STG;201712;37;6;-;926.3;163.8;2948;11.8;0.5;-6.2;81.0
STG;201801;38;0;-;925.3;137.3;2619;14.0;3.9;-5.4;79.0
STG;201802;53;4;-;922.8;82.8;1892;8.2;-3.2;-15.0;82.2
STG;201803;111;2;-;914.6;94.3;4320;15.8;2.9;-10.5;74.6
STG;201804;216;0;-;924.3;26.3;13080;23.6;12.6;0.4;56.7
STG;201805;219;0;-;925.8;105.6;11955;25.9;14.1;5.8;72.9
STG;201806;267;0;-;928.2;140.9;15731;25.6;16.6;7.8;72.8
STG;201807;270;0;-;928.2;72.3;18124;30.2;19.2;10.9;64.4
STG;201808;220;0;-;929.7;233.1;14570;30.2;19.1;7.5;68.7
STG;201809;172;0;-;932.4;135.5;13413;25.7;15.0;2.8;75.3
STG;201810;101;0;-;928.1;70.6;9046;22.6;10.8;0.3;75.8
STG;201811;45;0;-;926.2;19.4;2891;19.4;4.9;-3.3;86.0
STG;201812;32;0;-;930.5;141.5;2160;12.5;2.5;-6.6;82.9