stn;time;gre000m0;hto000m0;nto000m0;prestam0;ure200m0;rre150m0;tre200m0;sre000m0;tre200mn;tre200mx
CHM;186401;-;-;-;888.8;-;21.5;-3.8;-;-;-
CHM;186402;-;-;-;879.5;-;38.4;-2.6;-;-;-
CHM;186403;-;-;-;876.4;-;69.1;1.9;-;-;-
CHM;186404;-;-;-;884.8;-;47.8;4.3;-;-;-
CHM;186405;-;-;-;884.2;-;89.5;9.3;-;-;-
CHM;186406;-;-;-;887.1;-;192.5;10.7;-;-;-
CHM;186407;-;-;-;888.4;-;47.3;14.0;-;-;-
CHM;186408;-;-;-;889.0;-;60.2;12.6;-;-;-
CHM;186409;-;-;-;888.6;-;97.7;10.0;-;-;-
CHM;186410;-;-;-;880.0;-;63.1;4.4;-;-;-
CHM;186411;-;-;-;879.8;-;59.0;0.2;-;-;-
CHM;186412;-;-;-;882.5;-;10.2;-1.9;-;-;-
CHM;186501;-;-;-;874.8;-;77.0;-1.5;-;-;-
CHM;186502;-;-;-;879.0;-;61.8;-5.0;-;-;-
CHM;186503;-;-;-;875.1;-;40.6;-5.1;-;-;-
CHM;186504;-;-;-;888.9;-;14.0;10.2;-;-;-
CHM;186505;-;-;-;887.5;-;84.3;12.1;-;-;-
CHM;186506;-;-;-;889.8;-;53.8;12.4;-;-;-
CHM;186507;-;-;-;889.1;-;90.2;15.7;-;-;-
CHM;186508;-;-;-;886.7;-;162.4;12.4;-;-;-
CHM;186509;-;-;-;894.3;-;1.9;14.5;-;-;-
CHM;186510;-;-;-;879.3;-;190.0;6.7;-;-;-
CHM;186511;-;-;-;883.9;-;68.8;2.3;-;-;-
CHM;186512;-;-;-;890.4;-;11.6;-1.1;-;-;-
CHM;186601;-;-;-;-;-;47.8;0.6;-;-;-
CHM;186602;-;-;-;-;-;101.7;0.8;-;-;-
CHM;186603;-;-;-;-;-;105.1;-0.1;-;-;-
CHM;186604;-;-;-;-;-;85.1;5.8;-;-;-
CHM;186605;-;-;-;-;-;165.7;6.0;-;-;-
CHM;186606;-;-;-;-;-;43.9;13.9;-;-;-
CHM;186607;-;-;-;-;-;91.5;13.6;-;-;-
CHM;186608;-;-;-;-;-;173.5;11.3;-;-;-
CHM;186609;-;-;-;-;-;97.0;11.2;-;-;-
CHM;186610;-;-;-;-;-;66.0;7.2;-;-;-
CHM;186611;-;-;-;-;-;74.5;0.8;-;-;-
CHM;186612;-;-;-;-;-;73.3;2.0;-;-;-
CHM;186701;-;-;-;-;-;132.4;-2.7;-;-;-
CHM;186702;-;-;-;-;-;33.5;1.9;-;-;-
CHM;186703;-;-;-;-;-;151.8;0.6;-;-;-
CHM;186704;-;-;-;-;-;125.3;4.3;-;-;-
CHM;186705;-;-;-;-;-;61.5;9.5;-;-;-
CHM;186706;-;-;-;-;-;190.6;11.8;-;-;-
CHM;186707;-;-;-;-;-;41.0;12.2;-;-;-
CHM;186708;-;-;-;-;-;80.8;14.8;-;-;-
CHM;186709;-;-;-;-;-;90.3;11.5;-;-;-
CHM;186710;-;-;-;-;-;88.9;4.2;-;-;-
CHM;186711;-;-;-;-;-;11.5;0.1;-;-;-
CHM;186712;-;-;-;-;-;33.5;-4.3;-;-;-
CHM;186801;-;-;-;-;-;27.4;-4.9;-;-;-
CHM;186802;-;-;-;-;-;5.0;0.1;-;-;-
CHM;186803;-;-;-;-;-;48.9;-0.9;-;-;-
CHM;186804;-;-;-;-;-;65.8;3.6;-;-;-
CHM;186805;-;-;-;-;-;36.0;14.5;-;-;-
CHM;186806;-;-;-;-;-;38.7;13.4;-;-;-
CHM;186807;-;-;-;-;-;119.4;14.8;-;-;-
CHM;186808;-;-;-;-;-;108.4;13.9;-;-;-
CHM;186809;-;-;-;-;-;157.8;13.5;-;-;-
CHM;186810;-;-;-;-;-;85.3;5.6;-;-;-
CHM;186811;-;-;-;-;-;48.1;-0.7;-;-;-
CHM;186812;-;-;-;-;-;119.6;2.8;-;-;-
CHM;186901;-;-;-;-;-;35.8;-2.9;-;-;-
CHM;186902;-;-;-;-;-;31.4;2.7;-;-;-
CHM;186903;-;-;-;-;-;34.7;-3.6;-;-;-
CHM;186904;-;-;-;-;-;23.0;6.9;-;-;-
CHM;186905;-;-;-;-;-;146.8;10.2;-;-;-
CHM;186906;-;-;-;-;-;70.0;9.5;-;-;-
CHM;186907;-;-;-;-;-;82.5;16.7;-;-;-
CHM;186908;-;-;-;-;-;38.7;12.4;-;-;-
CHM;186909;-;-;-;-;-;99.0;11.7;-;-;-
CHM;186910;-;-;-;-;-;41.3;3.5;-;-;-
CHM;186911;-;-;-;-;-;81.5;0.6;-;-;-
CHM;186912;-;-;-;-;-;32.4;-2.0;-;-;-
CHM;187001;-;-;-;-;-;18.3;-3.7;-;-;-
CHM;187002;-;-;-;-;-;23.5;-1.9;-;-;-
CHM;187003;-;-;-;-;-;58.4;-1.8;-;-;-
CHM;187004;-;-;-;-;-;16.7;5.0;-;-;-
CHM;187005;-;-;-;-;-;33.8;10.7;-;-;-
CHM;187006;-;-;-;-;-;61.5;13.0;-;-;-
CHM;187007;-;-;-;-;-;52.3;16.4;-;-;-
CHM;187008;-;-;-;-;-;120.5;11.2;-;-;-
CHM;187009;-;-;-;-;-;54.6;9.5;-;-;-
CHM;187010;-;-;-;-;-;158.9;5.4;-;-;-
CHM;187011;-;-;-;-;-;126.3;0.4;-;-;-
CHM;187012;-;-;-;-;-;70.2;-6.3;-;-;-
CHM;187101;-;-;-;-;-;66.4;-6.6;-;-;-
CHM;187102;-;-;-;-;-;27.5;0.7;-;-;-
CHM;187103;-;-;-;-;-;19.2;1.7;-;-;-
CHM;187104;-;-;-;-;-;79.9;5.1;-;-;-
CHM;187105;-;-;-;-;-;24.6;8.4;-;-;-
CHM;187106;-;-;-;-;-;135.6;8.3;-;-;-
CHM;187107;-;-;-;-;-;87.5;14.5;-;-;-
CHM;187108;-;-;-;-;-;29.8;14.5;-;-;-
CHM;187109;-;-;-;-;-;66.2;13.1;-;-;-
CHM;187110;-;-;-;-;-;112.5;4.7;-;-;-
CHM;187111;-;-;-;-;-;21.9;-2.6;-;-;-
CHM;187112;-;-;-;-;-;4.1;-5.2;-;-;-
CHM;187201;-;-;-;-;-;73.5;-1.1;-;-;-
CHM;187202;-;-;-;-;-;58.7;0.5;-;-;-
CHM;187203;-;-;-;-;-;36.4;2.2;-;-;-
CHM;187204;-;-;-;-;-;100.9;5.2;-;-;-
CHM;187205;-;-;-;-;-;176.0;7.3;-;-;-
CHM;187206;-;-;-;-;-;143.4;11.4;-;-;-
CHM;187207;-;-;-;-;-;73.1;15.2;-;-;-
CHM;187208;-;-;-;-;-;121.9;12.2;-;-;-
CHM;187209;-;-;-;-;-;26.4;11.8;-;-;-
CHM;187210;-;-;-;-;-;199.0;6.2;-;-;-
CHM;187211;-;-;-;-;-;67.6;2.9;-;-;-
CHM;187212;-;-;-;-;-;88.0;1.2;-;-;-
CHM;187301;-;-;-;-;-;49.8;-0.2;-;-;-
CHM;187302;-;-;-;-;-;19.2;-2.6;-;-;-
CHM;187303;-;-;-;-;-;71.6;3.1;-;-;-
CHM;187304;-;-;-;-;-;65.5;2.8;-;-;-
CHM;187305;-;-;-;-;-;95.3;6.5;-;-;-
CHM;187306;-;-;-;-;-;70.5;12.1;-;-;-
CHM;187307;-;-;-;-;-;106.3;16.6;-;-;-
CHM;187308;-;-;-;-;-;51.3;15.4;-;-;-
CHM;187309;-;-;-;-;-;97.3;9.8;-;-;-
CHM;187310;-;-;-;-;-;60.7;6.3;-;-;-
CHM;187311;-;-;-;-;-;76.2;1.6;-;-;-
CHM;187312;-;-;-;-;-;5.8;-1.2;-;-;-
CHM;187401;-;-;-;-;-;9.5;-0.8;-;-;-
CHM;187402;-;-;-;-;-;21.9;-2.1;-;-;-
CHM;187403;-;-;-;-;-;14.8;0.4;-;-;-
CHM;187404;-;-;-;-;-;41.1;6.5;-;-;-
CHM;187405;-;-;-;-;-;96.0;5.4;-;-;-
CHM;187406;-;-;-;-;-;141.2;12.9;-;-;-
CHM;187407;-;-;-;-;-;129.5;17.0;-;-;-
CHM;187408;-;-;-;-;-;64.7;12.7;-;-;-
CHM;187409;-;-;-;-;-;39.4;13.2;-;-;-
CHM;187410;-;-;-;-;-;31.9;8.2;-;-;-
CHM;187411;-;-;-;-;-;106.4;0.1;-;-;-
CHM;187412;-;-;-;-;-;88.3;-5.7;-;-;-
CHM;187501;-;-;-;-;-;62.2;-0.2;-;-;-
CHM;187502;-;-;-;-;-;18.2;-5.3;-;-;-
CHM;187503;-;-;-;-;-;21.7;-0.5;-;-;-
CHM;187504;-;-;-;-;-;27.2;5.7;-;-;-
CHM;187505;-;-;-;-;-;89.0;11.6;-;-;-
CHM;187506;-;-;-;-;-;108.8;13.1;-;-;-
CHM;187507;-;-;-;-;-;156.4;13.1;-;-;-
CHM;187508;-;-;-;-;-;174.5;15.5;-;-;-
CHM;187509;-;-;-;-;-;81.9;13.1;-;-;-
CHM;187510;-;-;-;-;-;148.0;5.0;-;-;-
CHM;187511;-;-;-;-;-;163.6;-0.1;-;-;-
CHM;187512;-;-;-;-;-;8.6;-3.6;-;-;-
CHM;187601;-;-;-;-;-;14.0;-2.0;-;-;-
CHM;187602;-;-;-;-;-;84.7;-0.6;-;-;-
CHM;187603;-;-;-;-;-;121.7;0.1;-;-;-
CHM;187604;-;-;-;-;-;144.1;4.3;-;-;-
CHM;187605;-;-;-;-;-;39.5;5.8;-;-;-
CHM;187606;-;-;-;-;-;90.6;12.8;-;-;-
CHM;187607;-;-;-;-;-;31.5;15.7;-;-;-
CHM;187608;-;-;-;-;-;170.3;15.6;-;-;-
CHM;187609;-;-;-;-;-;124.4;9.6;-;-;-
CHM;187610;-;-;-;-;-;1.5;9.2;-;-;-
CHM;187611;-;-;-;-;-;83.8;0.7;-;-;-
CHM;187612;-;-;-;-;-;76.2;2.0;-;-;-
CHM;187701;-;-;-;-;-;54.0;0.4;-;-;-
CHM;187702;-;-;-;-;-;99.9;-0.7;-;-;-
CHM;187703;-;-;-;-;-;104.3;-1.1;-;-;-
CHM;187704;-;-;-;-;-;46.7;4.4;-;-;-
CHM;187705;-;-;-;-;-;219.6;6.1;-;-;-
CHM;187706;-;-;-;-;-;77.1;15.2;-;-;-
CHM;187707;-;-;-;-;-;147.3;13.3;-;-;-
CHM;187708;-;-;-;-;-;115.7;14.8;-;-;-
CHM;187709;-;-;-;-;-;49.8;8.6;-;-;-
CHM;187710;-;-;-;-;-;57.3;4.2;-;-;-
CHM;187711;-;-;-;-;-;116.8;2.6;-;-;-
CHM;187712;-;-;-;-;-;64.8;-2.6;-;-;-
CHM;187801;-;-;-;-;-;35.0;-4.1;-;-;-
CHM;187802;-;-;-;-;-;20.3;1.0;-;-;-
CHM;187803;-;-;-;-;-;50.2;-1.2;-;-;-
CHM;187804;-;-;-;-;-;145.5;4.6;-;-;-
CHM;187805;-;-;-;-;-;144.8;9.9;-;-;-
CHM;187806;-;-;-;-;-;152.2;11.8;-;-;-
CHM;187807;-;-;-;-;-;106.6;13.4;-;-;-
CHM;187808;-;-;-;-;-;136.6;13.5;-;-;-
CHM;187809;-;-;-;-;-;43.4;10.7;-;-;-
CHM;187810;-;-;-;-;-;127.0;6.8;-;-;-
CHM;187811;-;-;-;-;-;59.7;-0.8;-;-;-
CHM;187812;-;-;-;-;-;108.7;-4.6;-;-;-
CHM;187901;-;-;-;-;-;79.4;-1.8;-;-;-
CHM;187902;-;-;-;-;-;133.6;-1.7;-;-;-
CHM;187903;-;-;-;-;-;43.6;2.0;-;-;-
CHM;187904;-;-;-;-;-;60.3;1.9;-;-;-
CHM;187905;-;-;-;-;-;113.3;4.6;-;-;-
CHM;187906;-;-;-;-;-;107.3;12.2;-;-;-
CHM;187907;-;-;-;-;-;188.3;11.2;-;-;-
CHM;187908;-;-;-;-;-;101.0;15.5;-;-;-
CHM;187909;-;-;-;-;-;133.6;10.5;-;-;-
CHM;187910;-;-;-;-;-;101.9;5.5;-;-;-
CHM;187911;-;-;-;-;-;75.3;-1.8;-;-;-
CHM;187912;-;-;-;-;-;34.3;-4.5;-;-;-
CHM;188001;-;-;-;-;-;23.5;-3.2;-;-;-
CHM;188002;-;-;-;-;-;22.5;0.8;-;-;-
CHM;188003;-;-;-;-;-;12.0;4.8;-;-;-
CHM;188004;-;-;-;-;-;182.8;5.1;-;-;-
CHM;188005;-;-;-;-;-;17.7;7.7;-;-;-
CHM;188006;-;-;-;-;-;150.6;10.4;-;-;-
CHM;188007;-;-;-;-;-;114.9;15.5;-;-;-
CHM;188008;-;-;-;-;-;130.5;13.4;-;-;-
CHM;188009;-;-;-;-;-;85.1;11.5;-;-;-
CHM;188010;-;-;-;-;-;214.5;6.8;-;-;-
CHM;188011;-;-;-;-;-;34.4;2.1;-;-;-
CHM;188012;-;-;-;-;-;69.1;2.2;-;-;-
CHM;188101;-;-;-;-;-;59.6;-5.4;-;-;-
CHM;188102;-;-;-;-;-;50.3;1.1;-;-;-
CHM;188103;-;-;-;-;-;72.8;3.0;-;-;-
CHM;188104;-;-;-;-;-;106.0;4.5;-;-;-
CHM;188105;-;-;-;-;-;51.1;8.1;-;-;-
CHM;188106;-;-;-;-;-;109.6;11.9;-;-;-
CHM;188107;-;-;-;-;-;39.7;17.5;-;-;-
CHM;188108;-;-;-;-;-;156.8;14.4;-;-;-
CHM;188109;-;-;-;-;-;132.9;9.1;-;-;-
CHM;188110;-;-;-;-;-;103.5;1.8;-;-;-
CHM;188111;-;-;-;-;-;68.7;5.1;-;-;-
CHM;188112;-;-;-;-;-;49.2;-0.8;-;-;-
CHM;188201;-;-;-;-;-;15.5;1.9;-;-;-
CHM;188202;-;-;-;-;-;23.1;0.3;-;-;-
CHM;188203;-;-;-;-;-;42.0;3.7;-;-;-
CHM;188204;-;-;-;-;-;87.2;4.4;-;-;-
CHM;188205;-;-;-;-;-;67.7;9.2;-;-;-
CHM;188206;-;-;-;-;-;134.5;10.8;-;-;-
CHM;188207;-;-;-;-;-;133.2;12.7;-;-;-
CHM;188208;-;-;-;-;-;104.8;12.2;-;-;-
CHM;188209;-;-;-;-;-;244.9;9.1;-;-;-
CHM;188210;-;-;-;-;-;148.7;6.8;-;-;-
CHM;188211;-;-;-;-;-;201.4;1.7;-;-;-
CHM;188212;-;-;-;-;-;145.8;0.3;-;-;-
CHM;188301;-;-;-;-;-;60.4;-0.6;-;-;-
CHM;188302;-;-;-;-;-;20.8;1.5;-;-;-
CHM;188303;-;-;-;-;-;43.2;-2.5;-;-;-
CHM;188304;-;-;-;-;-;38.8;4.4;-;-;-
CHM;188305;-;-;-;-;-;96.4;9.4;-;-;-
CHM;188306;-;-;-;-;-;93.7;12.1;-;-;-
CHM;188307;-;-;-;-;-;187.0;13.1;-;-;-
CHM;188308;-;-;-;-;-;48.5;14.0;-;-;-
CHM;188309;-;-;-;-;-;119.8;9.9;-;-;-
CHM;188310;-;-;-;-;-;107.7;6.1;-;-;-
CHM;188311;-;-;-;-;-;73.3;2.2;-;-;-
CHM;188312;-;-;-;-;-;81.1;-1.8;-;-;-
CHM;188401;-;-;-;-;-;51.2;1.1;-;-;-
CHM;188402;-;-;-;-;-;42.2;1.6;-;-;-
CHM;188403;-;-;-;-;-;6.3;4.2;-;-;-
CHM;188404;-;-;-;-;-;56.6;4.8;-;-;-
CHM;188405;-;-;-;-;-;61.1;10.9;-;-;-
CHM;188406;-;-;-;-;-;52.4;9.0;-;-;-
CHM;188407;-;-;-;-;-;103.9;16.0;-;-;-
CHM;188408;-;-;-;-;-;103.0;15.0;-;-;-
CHM;188409;-;-;-;-;-;47.4;12.3;-;-;-
CHM;188410;-;-;-;-;-;26.3;4.1;-;-;-
CHM;188411;-;-;-;-;-;15.6;0.3;-;-;-
CHM;188412;-;-;-;-;-;97.0;-1.0;-;-;-
CHM;188501;-;-;-;-;-;29.6;-2.9;-;-;-
CHM;188502;-;-;-;-;-;77.7;2.0;-;-;-
CHM;188503;-;-;-;-;-;34.7;0.7;-;-;-
CHM;188504;-;-;-;-;-;11.1;5.5;-;-;-
CHM;188505;-;-;-;-;-;125.1;5.5;-;-;-
CHM;188506;-;-;-;-;-;75.5;15.5;-;-;-
CHM;188507;-;-;-;-;-;21.7;16.6;-;-;-
CHM;188508;-;-;-;-;-;76.6;14.0;-;-;-
CHM;188509;-;-;-;-;-;168.5;10.2;-;-;-
CHM;188510;-;-;-;-;-;215.9;3.8;-;-;-
CHM;188511;-;-;-;-;-;74.3;2.4;-;-;-
CHM;188512;-;-;-;-;-;44.7;-0.4;-;-;-
CHM;188601;-;-;-;-;-;59.6;-3.2;-;-;-
CHM;188602;-;-;-;-;-;33.2;-2.8;-;-;-
CHM;188603;-;-;-;-;-;83.3;0.6;-;-;-
CHM;188604;-;-;-;-;-;62.1;7.4;-;-;-
CHM;188605;-;-;-;-;-;84.7;10.5;-;-;-
CHM;188606;-;-;-;-;-;126.8;11.4;-;-;-
CHM;188607;-;-;-;-;-;103.1;16.5;-;-;-
CHM;188608;-;-;-;-;-;77.9;14.5;-;-;-
CHM;188609;-;-;-;-;-;44.0;14.5;-;-;-
CHM;188610;-;-;-;-;-;142.0;8.8;-;-;-
CHM;188611;-;-;-;-;-;100.0;2.2;-;-;-
CHM;188612;-;-;-;-;-;160.1;-3.2;-;-;-
CHM;188701;-;-;-;-;-;14.2;-2.7;-;-;-
CHM;188702;-;-;-;-;-;1.2;-2.1;-;-;-
CHM;188703;-;-;-;-;-;110.2;-0.1;-;-;-
CHM;188704;-;-;-;-;-;49.0;5.4;-;-;-
CHM;188705;-;-;-;-;-;87.3;6.9;-;-;-
CHM;188706;-;-;-;-;-;54.8;15.3;-;-;-
CHM;188707;-;-;-;-;-;68.6;17.8;-;-;-
CHM;188708;-;-;-;-;-;172.7;15.2;-;-;-
CHM;188709;-;-;-;-;-;66.5;11.2;-;-;-
CHM;188710;-;-;-;-;-;61.6;2.0;-;-;-
CHM;188711;-;-;-;-;-;59.5;1.5;-;-;-
CHM;188712;-;-;-;-;-;120.0;-3.7;-;-;-
CHM;188801;-;-;-;-;-;43.7;-2.3;-;-;-
CHM;188802;-;-;-;-;-;57.6;-3.6;-;-;-
CHM;188803;-;-;-;-;-;132.5;-1.0;-;-;-
CHM;188804;-;-;-;-;-;135.6;2.6;-;-;-
CHM;188805;-;-;-;-;-;39.4;10.9;-;-;-
CHM;188806;-;-;-;-;-;158.3;13.0;-;-;-
CHM;188807;-;-;-;-;-;126.9;11.9;-;-;-
CHM;188808;-;-;-;-;-;76.6;12.9;-;-;-
CHM;188809;-;-;-;-;-;69.8;11.8;-;-;-
CHM;188810;-;-;-;-;-;109.2;4.8;-;-;-
CHM;188811;-;-;-;-;-;57.5;3.3;-;-;-
CHM;188812;-;-;-;-;-;4.0;2.5;-;-;-
CHM;188901;-;-;-;-;-;18.5;-2.7;-;-;-
CHM;188902;-;-;-;-;-;130.0;-5.3;-;-;-
CHM;188903;-;-;-;-;-;54.1;-1.9;-;-;-
CHM;188904;-;-;-;-;-;38.4;3.3;-;-;-
CHM;188905;-;-;-;-;-;115.6;10.5;-;-;-
CHM;188906;-;-;-;-;-;257.4;13.7;-;-;-
CHM;188907;-;-;-;-;-;71.9;13.6;-;-;-
CHM;188908;-;-;-;-;-;90.4;12.8;-;-;-
CHM;188909;-;-;-;-;-;37.8;9.7;-;-;-
CHM;188910;-;-;-;-;-;172.0;5.4;-;-;-
CHM;188911;-;-;-;-;-;39.1;3.2;-;-;-
CHM;188912;-;-;-;-;-;35.3;-4.0;-;-;-
CHM;189001;-;-;-;-;-;62.0;2.7;-;-;-
CHM;189002;-;-;-;-;-;8.0;-3.9;-;-;-
CHM;189003;-;-;-;-;-;18.5;1.4;-;-;-
CHM;189004;-;-;-;-;-;70.3;3.6;-;-;-
CHM;189005;-;-;-;-;-;112.3;9.6;-;-;-
CHM;189006;-;-;-;-;-;114.5;11.0;-;-;-
CHM;189007;-;-;-;-;-;91.7;12.1;-;-;-
CHM;189008;-;-;-;-;-;216.8;12.8;-;-;-
CHM;189009;-;-;-;-;-;36.3;10.6;-;-;-
CHM;189010;-;-;-;-;-;114.5;5.1;-;-;-
CHM;189011;-;-;-;-;-;118.8;-0.1;-;-;-
CHM;189012;-;-;-;-;-;28.3;-4.4;-;-;-
CHM;189101;-;-;-;-;-;46.1;-6.4;-;-;-
CHM;189102;-;-;-;-;-;3.7;-1.0;-;-;-
CHM;189103;-;-;-;-;-;77.1;0.2;-;-;-
CHM;189104;-;-;-;-;-;66.2;2.1;-;-;-
CHM;189105;-;-;-;-;-;106.5;8.1;-;-;-
CHM;189106;-;-;-;-;-;192.6;12.1;-;-;-
CHM;189107;-;-;-;-;-;164.4;12.6;-;-;-
CHM;189108;-;-;-;-;-;94.6;12.4;-;-;-
CHM;189109;-;-;-;-;-;76.3;12.1;-;-;-
CHM;189110;-;-;-;-;-;98.1;7.8;-;-;-
CHM;189111;-;-;-;-;-;134.9;1.1;-;-;-
CHM;189112;-;-;-;-;-;111.4;0.3;-;-;-
CHM;189201;-;-;-;-;-;49.4;-2.3;-;-;-
CHM;189202;-;-;-;-;-;69.1;-1.1;-;-;-
CHM;189203;-;-;-;-;-;65.7;-2.0;-;-;-
CHM;189204;-;-;-;-;-;40.4;5.6;-;-;-
CHM;189205;-;-;-;-;-;41.9;9.3;-;-;-
CHM;189206;-;-;-;-;-;112.9;12.4;-;-;-
CHM;189207;-;-;-;-;-;210.1;13.7;-;-;-
CHM;189208;-;-;-;-;-;54.9;15.7;-;-;-
CHM;189209;-;-;-;-;-;93.3;12.1;-;-;-
CHM;189210;-;-;-;-;-;146.2;5.4;-;-;-
CHM;189211;-;-;-;-;-;36.3;4.4;-;-;-
CHM;189212;-;-;-;-;-;60.6;-2.9;-;-;-
CHM;189301;-;-;-;-;-;31.6;-6.2;-;-;-
CHM;189302;-;-;-;-;-;78.4;-0.7;-;-;-
CHM;189303;-;-;-;-;-;51.6;3.3;-;-;-
CHM;189304;-;-;-;-;-;0.0;10.7;-;-;-
CHM;189305;-;-;-;-;-;51.4;9.5;-;-;-
CHM;189306;-;-;-;-;-;82.9;13.2;-;-;-
CHM;189307;-;-;-;-;-;110.1;13.9;-;-;-
CHM;189308;-;-;-;-;-;27.5;16.2;-;-;-
CHM;189309;-;-;-;-;-;136.9;11.1;-;-;-
CHM;189310;-;-;-;-;-;92.4;8.3;-;-;-
CHM;189311;-;-;-;-;-;70.0;0.0;-;-;-
CHM;189312;-;-;-;-;-;22.3;-1.1;-;-;-
CHM;189401;-;-;-;-;-;30.9;-2.6;-;-;-
CHM;189402;-;-;-;-;-;21.3;-0.8;-;-;-
CHM;189403;-;-;-;-;-;30.4;2.1;-;-;-
CHM;189404;-;-;-;-;-;34.3;7.6;-;-;-
CHM;189405;-;-;-;-;-;117.8;7.5;-;-;-
CHM;189406;-;-;-;-;-;73.2;11.2;-;-;-
CHM;189407;-;-;-;-;-;168.3;14.4;-;-;-
CHM;189408;-;-;-;-;-;93.2;13.5;-;-;-
CHM;189409;-;-;-;-;-;85.0;9.4;-;-;-
CHM;189410;-;-;-;-;-;143.7;5.9;-;-;-
CHM;189411;-;-;-;-;-;52.5;3.2;-;-;-
CHM;189412;-;-;-;-;-;45.0;-2.2;-;-;-
CHM;189501;-;-;-;-;-;95.0;-7.3;-;-;-
CHM;189502;-;-;-;-;-;40.9;-7.8;-;-;-
CHM;189503;-;-;-;-;-;119.0;-0.9;-;-;-
CHM;189504;-;-;-;-;-;79.4;6.4;-;-;-
CHM;189505;-;-;-;-;-;51.7;8.9;-;-;-
CHM;189506;-;-;-;-;-;72.2;12.4;-;-;-
CHM;189507;-;-;-;-;-;119.1;14.4;-;-;-
CHM;189508;-;-;-;-;-;144.1;14.1;-;-;-
CHM;189509;-;-;-;-;-;15.5;16.3;-;-;-
CHM;189510;-;-;-;-;-;140.4;5.4;-;-;-
CHM;189511;-;-;-;-;-;122.9;5.1;-;-;-
CHM;189512;-;-;-;-;-;124.6;-1.1;-;-;-
CHM;189601;-;-;-;-;-;25.6;-2.6;-;-;-
CHM;189602;-;-;-;-;-;7.7;0.1;-;-;-
CHM;189603;-;-;-;-;-;143.4;3.3;-;-;-
CHM;189604;-;-;-;-;-;70.8;2.2;-;-;-
CHM;189605;-;-;-;-;-;23.8;7.4;-;-;-
CHM;189606;-;-;-;-;-;181.9;11.8;-;-;-
CHM;189607;-;-;-;-;-;145.1;14.3;-;-;-
CHM;189608;-;-;-;-;-;129.1;11.0;-;-;-
CHM;189609;-;-;-;-;-;213.5;9.6;-;-;-
CHM;189610;-;-;-;-;-;173.6;4.1;-;-;-
CHM;189611;-;-;-;-;-;41.7;-0.9;-;-;-
CHM;189612;-;-;-;-;-;89.4;-1.9;-;-;-
CHM;189701;-;-;-;-;-;31.3;-3.0;-;-;-
CHM;189702;-;-;-;-;-;107.7;2.1;-;-;-
CHM;189703;-;-;-;-;-;89.1;2.9;-;-;-
CHM;189704;-;-;-;-;-;115.0;4.1;-;-;-
CHM;189705;-;-;-;-;-;76.7;6.9;-;-;-
CHM;189706;-;-;-;-;-;90.2;14.1;-;-;-
CHM;189707;-;-;-;-;-;69.4;14.6;-;-;-
CHM;189708;-;-;-;-;-;183.9;13.8;-;-;-
CHM;189709;-;-;-;-;-;209.2;9.5;-;-;-
CHM;189710;-;-;-;-;-;5.0;6.3;-;-;-
CHM;189711;-;-;-;-;-;29.5;4.9;-;-;-
CHM;189712;-;-;-;-;-;70.0;-0.8;-;-;-
CHM;189801;-;-;-;-;-;11.0;3.1;-;-;-
CHM;189802;-;-;-;-;-;112.0;-2.2;-;-;-
CHM;189803;-;-;-;-;-;62.5;-0.2;-;-;-
CHM;189804;-;-;-;-;-;100.8;5.3;-;-;-
CHM;189805;-;-;-;-;-;123.6;7.3;-;-;-
CHM;189806;-;-;-;-;-;131.5;10.9;-;-;-
CHM;189807;-;-;-;-;-;38.9;12.8;-;-;-
CHM;189808;-;-;-;-;-;32.3;16.9;-;-;-
CHM;189809;-;-;-;-;-;29.0;14.5;-;-;-
CHM;189810;-;-;-;-;-;129.5;8.1;-;-;-
CHM;189811;-;-;-;-;-;96.0;4.6;-;-;-
CHM;189812;-;-;-;-;-;46.9;0.5;-;-;-
CHM;189901;-;-;-;-;-;196.0;0.1;-;-;-
CHM;189902;-;-;-;-;-;30.0;2.4;-;-;-
CHM;189903;-;-;-;-;-;18.0;2.0;-;-;-
CHM;189904;-;-;-;-;-;180.3;3.5;-;-;-
CHM;189905;-;-;-;-;-;64.5;8.0;-;-;-
CHM;189906;-;-;-;-;-;81.7;12.5;-;-;-
CHM;189907;-;-;-;-;-;81.6;14.9;-;-;-
CHM;189908;-;-;-;-;-;47.4;16.1;-;-;-
CHM;189909;-;-;-;-;-;97.7;10.3;-;-;-
CHM;189910;-;-;-;-;-;112.0;8.3;-;-;-
CHM;189911;-;-;-;-;-;11.0;4.0;-;-;-
CHM;189912;-;-;-;-;-;80.7;-2.8;-;-;-
CHM;190001;-;-;-;-;-;159.2;-2.0;-;-;-
CHM;190002;-;-;-;-;-;141.4;0.4;-;-;-
CHM;190003;-;-;-;-;-;49.9;-3.0;-;-;-
CHM;190004;-;-;-;-;-;62.4;3.7;-;-;-
CHM;190005;-;-;-;-;-;102.0;7.6;-;-;-
CHM;190006;-;-;-;-;-;56.4;13.4;-;-;-
CHM;190007;-;-;-;-;-;53.3;15.9;-;-;-
CHM;190008;-;-;-;-;-;154.6;12.7;-;-;-
CHM;190009;-;-;-;-;-;45.6;13.1;-;-;-
CHM;190010;-;-;-;-;-;51.8;7.1;-;-;-
CHM;190011;-;-;-;-;-;77.0;2.0;-;-;-
CHM;190012;-;-;-;-;-;143.0;2.0;-;-;-
CHM;190101;-;-;-;-;-;54.4;-2.2;-;-;-
CHM;190102;-;-;-;-;-;75.7;-7.0;-;-;-
CHM;190103;-;-;-;-;-;82.0;-1.7;-;-;-
CHM;190104;-;-;-;-;-;176.1;4.8;-;-;-
CHM;190105;-;-;-;-;-;29.2;9.8;-;-;-
CHM;190106;-;-;-;-;-;240.5;12.6;-;-;-
CHM;190107;-;-;-;-;-;191.9;15.2;-;-;-
CHM;190108;-;-;-;-;-;116.0;13.7;-;-;-
CHM;190109;-;-;-;-;-;171.8;10.8;-;-;-
CHM;190110;-;-;-;-;-;78.3;5.6;-;-;-
CHM;190111;-;-;-;-;-;37.4;-1.0;-;-;-
CHM;190112;-;-;-;-;-;106.5;-2.1;-;-;-
CHM;190201;-;-;-;-;-;66.8;-1.0;-;-;-
CHM;190202;-;-;-;-;-;111.2;-2.5;-;-;-
CHM;190203;-;-;-;-;-;150.6;1.3;-;-;-
CHM;190204;-;-;-;-;-;77.2;6.9;-;-;-
CHM;190205;-;-;-;-;-;152.2;4.2;-;-;-
CHM;190206;-;-;-;-;-;55.8;10.6;-;-;-
CHM;190207;-;-;-;-;-;69.5;14.9;-;-;-
CHM;190208;-;-;-;-;-;197.0;12.7;-;-;-
CHM;190209;-;-;-;-;-;43.4;10.5;-;-;-
CHM;190210;-;-;-;-;-;99.3;5.0;-;-;-
CHM;190211;-;-;-;-;-;85.9;1.4;-;-;-
CHM;190212;-;-;-;-;-;109.2;-1.8;-;-;-
CHM;190301;-;-;-;-;-;76.8;-0.7;-;-;-
CHM;190302;-;-;-;-;-;48.5;1.5;-;-;-
CHM;190303;-;-;-;-;-;87.6;2.3;-;-;-
CHM;190304;-;-;-;-;-;89.4;0.4;-;-;-
CHM;190305;-;-;-;-;-;83.1;9.0;-;-;-
CHM;190306;-;-;-;-;-;63.8;10.6;-;-;-
CHM;190307;-;-;-;-;-;111.9;12.7;-;-;-
CHM;190308;-;-;-;-;-;157.3;13.3;-;-;-
CHM;190309;-;-;-;-;-;36.9;11.2;-;-;-
CHM;190310;-;-;-;-;-;143.3;6.7;-;-;-
CHM;190311;-;-;-;-;-;83.8;1.0;-;-;-
CHM;190312;-;-;-;-;-;85.5;-2.2;-;-;-
CHM;190401;-;-;-;-;-;43.0;-2.4;-;-;-
CHM;190402;-;-;-;-;-;186.8;-2.3;-;-;-
CHM;190403;-;-;-;-;-;44.0;0.7;-;-;-
CHM;190404;-;-;-;-;-;84.0;5.9;-;-;-
CHM;190405;-;-;-;-;-;143.0;10.4;-;-;-
CHM;190406;-;-;-;-;-;71.9;13.4;-;-;-
CHM;190407;-;-;-;-;-;25.1;17.5;-;-;-
CHM;190408;-;-;-;-;-;94.7;14.9;-;-;-
CHM;190409;-;-;-;-;-;99.7;8.1;-;-;-
CHM;190410;-;-;-;-;-;49.0;6.1;-;-;-
CHM;190411;-;-;-;-;-;29.0;1.5;-;-;-
CHM;190412;-;-;-;-;-;24.2;-0.8;-;-;-
CHM;190501;-;-;-;-;-;49.4;-4.8;-;-;-
CHM;190502;-;-;-;-;-;19.2;-2.7;-;-;-
CHM;190503;-;-;-;-;-;131.2;1.0;-;-;-
CHM;190504;-;-;-;-;-;99.1;4.1;-;-;-
CHM;190505;-;-;-;-;-;67.7;6.6;-;-;-
CHM;190506;-;-;-;-;-;143.0;12.4;-;-;-
CHM;190507;-;-;-;-;-;50.5;16.8;-;-;-
CHM;190508;-;-;-;-;-;209.5;14.1;-;-;-
CHM;190509;-;-;-;-;-;155.8;9.7;-;-;-
CHM;190510;-;-;-;-;-;117.0;0.5;-;-;-
CHM;190511;-;-;-;-;-;183.6;0.0;-;-;-
CHM;190512;-;-;-;-;-;46.5;-1.6;-;-;-
CHM;190601;-;-;-;-;-;104.4;-3.1;-;-;-
CHM;190602;-;-;-;-;-;141.5;-4.7;-;-;-
CHM;190603;-;-;-;-;-;102.0;-1.9;-;-;-
CHM;190604;-;-;-;-;-;56.5;3.4;-;-;-
CHM;190605;-;-;-;-;-;129.4;8.9;-;-;-
CHM;190606;-;-;-;-;-;53.2;11.2;-;-;-
CHM;190607;-;-;-;-;-;79.5;14.3;-;-;-
CHM;190608;-;-;-;-;-;29.2;15.1;-;-;-
CHM;190609;-;-;-;-;-;27.5;10.6;-;-;-
CHM;190610;-;-;-;-;-;72.8;9.2;-;-;-
CHM;190611;-;-;-;-;-;184.5;3.1;-;-;-
CHM;190612;-;-;-;-;-;113.8;-5.2;-;-;-
CHM;190701;-;-;-;-;-;75.2;-3.5;-;-;-
CHM;190702;-;-;-;-;-;55.2;-4.9;-;-;-
CHM;190703;-;-;-;-;-;75.5;-0.3;-;-;-
CHM;190704;-;-;-;-;-;73.8;2.5;-;-;-
CHM;190705;-;-;-;-;-;70.9;9.7;-;-;-
CHM;190706;-;-;-;-;-;111.1;11.2;-;-;-
CHM;190707;-;-;-;-;-;80.5;11.9;-;-;-
CHM;190708;-;-;-;-;-;89.4;14.5;-;-;-
CHM;190709;-;-;-;-;-;50.1;11.9;-;-;-
CHM;190710;-;-;-;-;-;96.7;7.3;-;-;-
CHM;190711;-;-;-;-;-;19.7;3.8;-;-;-
CHM;190712;-;-;-;-;-;135.5;0.7;-;-;-
CHM;190801;-;-;-;-;-;43.8;-1.5;-;-;-
CHM;190802;-;-;-;-;-;102.8;-2.3;-;-;-
CHM;190803;-;-;-;-;-;55.5;-1.1;-;-;-
CHM;190804;-;-;-;-;-;61.6;2.1;-;-;-
CHM;190805;-;-;-;-;-;113.1;10.8;-;-;-
CHM;190806;-;-;-;-;-;151.8;14.0;-;-;-
CHM;190807;-;-;-;-;-;127.8;13.9;-;-;-
CHM;190808;-;-;-;-;-;113.7;11.9;-;-;-
CHM;190809;-;-;-;-;-;112.5;10.0;-;-;-
CHM;190810;-;-;-;-;-;19.5;7.9;-;-;-
CHM;190811;-;-;-;-;-;80.5;1.5;-;-;-
CHM;190812;-;-;-;-;-;48.7;-1.0;-;-;-
CHM;190901;-;-;-;-;-;44.1;-3.4;-;-;-
CHM;190902;-;-;-;-;-;54.6;-5.6;-;-;-
CHM;190903;-;-;-;-;-;78.5;-2.0;-;-;-
CHM;190904;-;-;-;-;-;75.7;6.3;-;-;-
CHM;190905;-;-;-;-;-;34.1;8.4;-;-;-
CHM;190906;-;-;-;-;-;184.5;9.6;-;-;-
CHM;190907;-;-;-;-;-;113.0;11.2;-;-;-
CHM;190908;-;-;-;-;-;113.9;13.1;-;-;-
CHM;190909;-;-;-;-;-;104.5;9.6;-;-;-
CHM;190910;-;-;-;-;-;156.4;7.5;-;-;-
CHM;190911;-;-;-;-;-;66.5;-0.8;-;-;-
CHM;190912;-;-;-;-;-;182.8;-0.4;-;-;-
CHM;191001;-;-;-;-;-;172.2;-1.5;-;-;-
CHM;191002;-;-;-;-;-;90.7;-1.5;-;-;-
CHM;191003;-;-;-;-;-;15.4;1.1;-;-;-
CHM;191004;-;-;-;-;-;67.4;3.1;-;-;-
CHM;191005;-;-;-;-;-;85.1;7.2;-;-;-
CHM;191006;-;-;-;-;-;231.3;11.9;-;-;-
CHM;191007;-;-;-;-;-;185.9;11.5;-;-;-
CHM;191008;-;-;-;-;-;94.1;12.7;-;-;-
CHM;191009;-;-;-;-;-;63.1;8.4;-;-;-
CHM;191010;-;-;-;-;-;32.4;7.7;-;-;-
CHM;191011;-;-;-;-;-;201.9;-0.4;-;-;-
CHM;191012;-;-;-;-;-;129.3;1.4;-;-;-
CHM;191101;-;-;-;-;-;12.9;-3.7;-;-;-
CHM;191102;-;-;-;-;-;62.8;-1.7;-;-;-
CHM;191103;-;-;-;-;-;73.9;1.2;-;-;-
CHM;191104;-;-;-;-;-;34.9;3.5;-;-;-
CHM;191105;-;-;-;-;-;66.8;9.3;-;-;-
CHM;191106;-;-;-;-;-;153.1;11.7;-;-;-
CHM;191107;-;-;-;-;-;17.5;17.4;-;-;-
CHM;191108;-;-;-;-;-;173.9;17.5;-;-;-
CHM;191109;-;-;-;-;-;93.0;13.6;-;-;-
CHM;191110;-;-;-;-;-;101.8;6.6;-;-;-
CHM;191111;-;-;-;-;-;100.4;3.7;-;-;-
CHM;191112;-;-;-;-;-;106.6;0.9;-;-;-
CHM;191201;-;-;-;-;-;60.0;0.1;-;-;-
CHM;191202;-;-;-;-;-;64.5;2.6;-;-;-
CHM;191203;-;-;-;-;-;125.6;3.0;-;-;-
CHM;191204;-;-;-;-;-;16.5;3.6;-;-;-
CHM;191205;-;-;-;-;-;91.4;10.0;-;-;-
CHM;191206;-;-;-;-;-;104.5;11.7;-;-;-
CHM;191207;-;-;-;-;-;137.2;13.5;-;-;-
CHM;191208;-;-;-;-;-;184.9;10.0;-;-;-
CHM;191209;-;-;-;-;-;37.5;5.5;-;-;-
CHM;191210;-;-;-;-;-;159.3;4.8;-;-;-
CHM;191211;-;-;-;-;-;69.3;-1.4;-;-;-
CHM;191212;-;-;-;-;-;49.5;1.6;-;-;-
CHM;191301;-;-;-;-;-;110.4;0.7;-;-;-
CHM;191302;-;-;-;-;-;46.9;-1.2;-;-;-
CHM;191303;-;-;-;-;-;82.7;3.5;-;-;-
CHM;191304;-;-;-;-;-;68.5;4.0;-;-;-
CHM;191305;-;-;-;-;-;72.5;8.5;-;-;-
CHM;191306;-;-;-;-;-;40.5;11.5;-;-;-
CHM;191307;-;-;-;-;-;102.7;10.8;-;-;-
CHM;191308;-;-;-;-;-;122.5;13.0;-;-;-
CHM;191309;-;-;-;-;-;124.7;10.1;-;-;-
CHM;191310;-;-;-;-;-;38.3;8.4;-;-;-
CHM;191311;-;-;-;-;-;128.8;4.0;-;-;-
CHM;191312;-;-;-;-;-;30.5;-1.1;-;-;-
CHM;191401;-;-;-;-;-;56.5;-5.9;-;-;-
CHM;191402;-;-;-;-;-;25.1;2.4;-;-;-
CHM;191403;-;-;-;-;-;221.6;0.6;-;-;-
CHM;191404;-;-;-;-;-;79.5;6.9;-;-;-
CHM;191405;-;-;-;-;-;140.0;6.3;-;-;-
CHM;191406;-;-;-;-;-;71.9;10.5;-;-;-
CHM;191407;-;-;-;-;-;165.7;12.0;-;-;-
CHM;191408;-;-;-;-;-;165.8;13.9;-;-;-
CHM;191409;-;-;-;-;-;106.1;10.0;-;-;-
CHM;191410;-;-;-;-;-;32.4;5.8;-;-;-
CHM;191411;-;-;-;-;-;67.7;0.9;-;-;-
CHM;191412;-;-;-;-;-;160.5;0.2;-;-;-
CHM;191501;-;-;-;-;-;135.3;-3.9;-;-;-
CHM;191502;-;-;-;-;-;103.9;-2.7;-;-;-
CHM;191503;-;-;-;-;-;86.2;-0.6;-;-;-
CHM;191504;-;-;-;-;-;102.6;2.9;-;-;-
CHM;191505;-;-;-;-;-;117.4;11.0;-;-;-
CHM;191506;-;-;-;-;-;83.8;13.9;-;-;-
CHM;191507;-;-;-;-;-;135.9;12.8;-;-;-
CHM;191508;-;-;-;-;-;94.9;12.0;-;-;-
CHM;191509;-;-;-;-;-;81.5;9.3;-;-;-
CHM;191510;-;-;-;-;-;34.6;3.6;-;-;-
CHM;191511;-;-;-;-;-;141.0;-0.8;-;-;-
CHM;191512;-;-;-;-;-;153.0;2.7;-;-;-
CHM;191601;-;-;-;-;-;63.8;1.3;-;-;-
CHM;191602;-;-;-;-;-;118.0;-1.4;-;-;-
CHM;191603;-;-;-;-;-;74.2;0.9;-;-;-
CHM;191604;-;-;-;-;-;98.7;4.5;-;-;-
CHM;191605;-;-;-;-;-;67.5;9.6;-;-;-
CHM;191606;-;-;-;-;-;184.4;9.1;-;-;-
CHM;191607;-;-;-;-;-;215.0;12.9;-;-;-
CHM;191608;-;-;-;-;-;81.5;13.3;-;-;-
CHM;191609;-;-;-;-;-;79.9;8.8;-;-;-
CHM;191610;-;-;-;-;-;109.7;6.4;-;-;-
CHM;191611;-;-;-;-;-;145.1;2.0;-;-;-
CHM;191612;-;-;-;-;-;195.1;-0.5;-;-;-
CHM;191701;-;-;-;-;-;57.0;-5.9;-;-;-
CHM;191702;-;-;-;-;-;18.5;-3.7;-;-;-
CHM;191703;-;-;-;-;-;109.2;-2.0;-;-;-
CHM;191704;-;-;-;-;-;72.2;0.4;-;-;-
CHM;191705;-;-;-;-;-;85.9;12.3;-;-;-
CHM;191706;-;-;-;-;-;96.1;14.4;-;-;-
CHM;191707;-;-;-;-;-;150.6;13.5;-;-;-
CHM;191708;-;-;-;-;-;203.9;12.3;-;-;-
CHM;191709;-;-;-;-;-;35.7;13.4;-;-;-
CHM;191710;-;-;-;-;-;216.7;3.4;-;-;-
CHM;191711;-;-;-;-;-;92.5;1.6;-;-;-
CHM;191712;-;-;-;-;-;28.5;-4.4;-;-;-
CHM;191801;-;-;-;-;-;49.4;0.3;-;-;-
CHM;191802;-;-;-;-;-;28.9;0.4;-;-;-
CHM;191803;-;-;-;-;-;53.0;1.5;-;-;-
CHM;191804;-;-;-;-;-;118.4;4.1;-;-;-
CHM;191805;-;-;-;-;-;77.4;10.6;-;-;-
CHM;191806;-;-;-;-;-;168.5;9.8;-;-;-
CHM;191807;-;-;-;-;-;42.7;13.9;-;-;-
CHM;191808;-;-;-;-;-;66.4;13.7;-;-;-
CHM;191809;-;-;-;-;-;215.8;10.7;-;-;-
CHM;191810;-;-;-;-;-;32.2;4.7;-;-;-
CHM;191811;-;-;-;-;-;97.3;1.7;-;-;-
CHM;191812;-;-;-;-;-;226.9;2.0;-;-;-
CHM;191901;-;-;-;-;-;47.8;-2.9;-;-;-
CHM;191902;-;-;-;-;-;157.9;-2.8;-;-;-
CHM;191903;-;-;-;-;-;137.8;-0.1;-;-;-
CHM;191904;-;-;-;-;-;116.5;1.2;-;-;-
CHM;191905;-;-;-;-;-;43.1;8.9;-;-;-
CHM;191906;-;-;-;-;-;58.4;12.2;-;-;-
CHM;191907;-;-;-;-;-;129.8;10.4;-;-;-
CHM;191908;-;-;-;-;-;37.2;15.8;-;-;-
CHM;191909;-;-;-;-;-;31.7;13.3;-;-;-
CHM;191910;-;-;-;-;-;47.4;2.3;-;-;-
CHM;191911;-;-;-;-;-;170.6;-1.1;-;-;-
CHM;191912;-;-;-;-;-;265.6;-0.3;-;-;-
CHM;192001;-;-;-;-;-;148.6;0.7;-;-;-
CHM;192002;-;-;-;-;-;8.4;2.2;-;-;-
CHM;192003;-;-;-;-;-;52.4;3.9;-;-;-
CHM;192004;-;-;-;-;-;99.7;4.7;-;-;-
CHM;192005;-;-;-;-;-;82.2;11.3;-;-;-
CHM;192006;-;-;-;-;-;110.4;11.4;-;-;-
CHM;192007;-;-;-;-;-;106.8;14.6;-;-;-
CHM;192008;-;-;-;-;-;80.6;11.7;-;-;-
CHM;192009;-;-;-;-;-;124.4;10.9;-;-;-
CHM;192010;-;-;-;-;-;32.0;6.4;-;-;-
CHM;192011;-;-;-;-;-;4.6;2.8;-;-;-
CHM;192012;-;-;-;-;-;54.0;-0.9;-;-;-
CHM;192101;-;-;-;-;-;58.6;1.3;-;-;-
CHM;192102;-;-;-;-;-;4.7;-1.1;-;-;-
CHM;192103;-;-;-;-;-;22.0;3.4;-;-;-
CHM;192104;-;-;-;-;-;56.0;3.8;-;-;-
CHM;192105;-;-;-;-;-;119.1;10.2;-;-;-
CHM;192106;-;-;-;-;-;142.6;12.2;-;-;-
CHM;192107;-;-;-;-;-;18.5;17.5;-;-;-
CHM;192108;-;-;-;-;-;163.6;13.9;-;-;-
CHM;192109;-;-;-;-;-;83.1;13.2;-;-;-
CHM;192110;-;-;-;-;-;16.3;10.7;-;-;-
CHM;192111;-;-;-;-;-;62.0;1.5;-;-;-
CHM;192112;-;-;-;-;-;55.1;-0.1;-;-;-
CHM;192201;-;-;-;-;-;137.0;-3.4;-;-;-
CHM;192202;-;-;-;-;-;90.4;-1.4;-;-;-
CHM;192203;-;-;-;-;-;77.3;2.1;-;-;-
CHM;192204;-;-;-;-;-;220.3;2.0;-;-;-
CHM;192205;-;-;-;-;-;41.0;12.1;-;-;-
CHM;192206;-;-;-;-;-;79.8;12.3;-;-;-
CHM;192207;-;-;-;-;-;117.9;12.3;-;-;-
CHM;192208;-;-;-;-;-;90.5;13.0;-;-;-
CHM;192209;-;-;-;-;-;123.9;9.5;-;-;-
CHM;192210;-;-;-;-;-;88.8;3.7;-;-;-
CHM;192211;-;-;-;-;-;109.1;-0.4;-;-;-
CHM;192212;-;-;-;-;-;178.4;-1.5;-;-;-
CHM;192301;-;-;-;-;-;39.4;-3.1;-;-;-
CHM;192302;-;-;-;-;-;118.9;0.3;-;-;-
CHM;192303;-;-;-;-;-;71.5;1.5;-;-;-
CHM;192304;-;-;-;-;-;76.8;5.2;-;-;-
CHM;192305;-;-;-;-;-;158.9;8.3;-;-;-
CHM;192306;-;-;-;-;-;67.1;8.5;-;-;-
CHM;192307;-;-;-;-;-;35.3;18.2;-;-;-
CHM;192308;-;-;-;-;-;59.1;15.1;-;-;-
CHM;192309;-;-;-;-;-;122.6;9.3;-;-;-
CHM;192310;-;-;-;-;-;210.3;8.4;-;-;-
CHM;192311;-;-;-;-;-;152.2;1.0;-;-;-
CHM;192312;-;-;-;-;-;167.6;-3.3;-;-;-
CHM;192401;-;-;-;-;-;33.6;-2.0;-;-;-
CHM;192402;-;-;-;-;-;28.0;-5.0;-;-;-
CHM;192403;-;-;-;-;-;59.2;0.5;-;-;-
CHM;192404;-;-;-;-;-;126.3;4.7;-;-;-
CHM;192405;-;-;-;-;-;203.4;10.5;-;-;-
CHM;192406;-;-;-;-;-;133.1;12.2;-;-;-
CHM;192407;-;-;-;-;-;104.7;14.4;-;-;-
CHM;192408;-;-;-;-;-;82.3;10.5;-;-;-
CHM;192409;-;-;-;-;-;124.9;11.5;-;-;-
CHM;192410;-;-;-;-;-;146.8;7.1;-;-;-
CHM;192411;-;-;-;-;-;20.7;3.7;-;-;-
CHM;192412;-;-;-;-;-;21.7;1.9;-;-;-
CHM;192501;-;-;-;-;-;38.0;1.4;-;-;-
CHM;192502;-;-;-;-;-;83.2;-0.3;-;-;-
CHM;192503;-;-;-;-;-;36.3;-2.4;-;-;-
CHM;192504;-;-;-;-;-;135.7;5.0;-;-;-
CHM;192505;-;-;-;-;-;109.0;9.6;-;-;-
CHM;192506;-;-;-;-;-;66.8;13.3;-;-;-
CHM;192507;-;-;-;-;-;111.2;14.1;-;-;-
CHM;192508;-;-;-;-;-;137.0;13.4;-;-;-
CHM;192509;-;-;-;-;-;144.7;8.7;-;-;-
CHM;192510;-;-;-;-;-;32.2;7.7;-;-;-
CHM;192511;-;-;-;-;-;53.7;-0.1;-;-;-
CHM;192512;-;-;-;-;-;139.4;-1.4;-;-;-
CHM;192601;-;-;-;-;-;114.6;-1.7;-;-;-
CHM;192602;-;-;-;-;-;51.0;3.9;-;-;-
CHM;192603;-;-;-;-;-;79.4;1.6;-;-;-
CHM;192604;-;-;-;-;-;82.4;6.1;-;-;-
CHM;192605;-;-;-;-;-;130.1;7.3;-;-;-
CHM;192606;-;-;-;-;-;156.1;9.5;-;-;-
CHM;192607;-;-;-;-;-;129.9;14.0;-;-;-
CHM;192608;-;-;-;-;-;43.0;14.7;-;-;-
CHM;192609;-;-;-;-;-;76.0;14.3;-;-;-
CHM;192610;-;-;-;-;-;185.0;6.9;-;-;-
CHM;192611;-;-;-;-;-;67.3;4.2;-;-;-
CHM;192612;-;-;-;-;-;32.2;-2.8;-;-;-
CHM;192701;-;-;-;-;-;84.1;-1.1;-;-;-
CHM;192702;-;-;-;-;-;56.9;-0.9;-;-;-
CHM;192703;-;-;-;-;-;89.6;1.4;-;-;-
CHM;192704;-;-;-;-;-;89.8;5.1;-;-;-
CHM;192705;-;-;-;-;-;72.6;10.2;-;-;-
CHM;192706;-;-;-;-;-;145.5;11.6;-;-;-
CHM;192707;-;-;-;-;-;158.1;14.0;-;-;-
CHM;192708;-;-;-;-;-;228.3;12.9;-;-;-
CHM;192709;-;-;-;-;-;162.6;11.6;-;-;-
CHM;192710;-;-;-;-;-;31.3;6.6;-;-;-
CHM;192711;-;-;-;-;-;81.8;3.8;-;-;-
CHM;192712;-;-;-;-;-;70.1;-1.3;-;-;-
CHM;192801;-;-;-;-;-;63.4;-0.3;-;-;-
CHM;192802;-;-;-;-;-;74.9;0.9;-;-;-
CHM;192803;-;-;-;-;-;58.5;2.5;-;-;-
CHM;192804;-;-;-;-;-;60.6;5.6;-;-;-
CHM;192805;-;-;-;-;-;106.7;7.2;-;-;-
CHM;192806;-;-;-;-;-;83.8;12.8;-;-;-
CHM;192807;-;-;-;-;-;15.9;18.5;-;-;-
CHM;192808;-;-;-;-;-;120.8;16.2;-;-;-
CHM;192809;-;-;-;-;-;92.9;11.2;-;-;-
CHM;192810;-;-;-;-;-;171.7;7.2;-;-;-
CHM;192811;-;-;-;-;-;188.4;3.6;-;-;-
CHM;192812;-;-;-;-;-;63.1;-1.9;-;-;-
CHM;192901;-;-;-;-;-;23.9;-4.8;-;-;-
CHM;192902;-;-;-;-;-;23.6;-6.1;-;-;-
CHM;192903;-;-;-;-;-;5.8;3.1;-;-;-
CHM;192904;-;-;-;-;-;77.4;3.0;-;-;-
CHM;192905;-;-;-;-;-;104.3;10.0;-;-;-
CHM;192906;-;-;-;-;-;142.4;13.2;-;-;-
CHM;192907;-;-;-;-;-;95.5;16.8;-;-;-
CHM;192908;-;-;-;-;-;73.7;14.2;-;-;-
CHM;192909;-;-;-;-;-;22.3;15.5;-;-;-
CHM;192910;-;-;-;-;-;91.0;7.7;-;-;-
CHM;192911;-;-;-;-;-;64.4;3.1;-;-;-
CHM;192912;-;-;-;-;-;121.4;0.6;-;-;-
CHM;193001;-;-;-;-;-;61.2;2.2;-;-;-
CHM;193002;-;-;-;-;-;44.7;-2.9;-;-;-
CHM;193003;-;-;-;-;-;70.6;2.5;-;-;-
CHM;193004;-;-;-;-;-;95.5;5.6;-;-;-
CHM;193005;-;-;-;-;-;119.8;8.2;-;-;-
CHM;193006;-;-;-;-;-;67.0;15.5;-;-;-
CHM;193007;-;-;-;-;-;205.2;14.1;-;-;-
CHM;193008;-;-;-;-;-;88.8;14.0;-;-;-
CHM;193009;-;-;-;-;-;131.9;12.3;-;-;-
CHM;193010;-;-;-;-;-;193.7;6.5;-;-;-
CHM;193011;-;-;-;-;-;126.5;4.5;-;-;-
CHM;193012;-;-;-;-;-;76.1;-1.7;-;-;-
CHM;193101;-;-;-;-;-;111.0;-2.9;-;-;-
CHM;193102;-;-;-;-;-;54.8;-4.1;-;-;-
CHM;193103;-;-;-;-;-;123.9;0.3;-;-;-
CHM;193104;-;-;-;-;-;67.8;4.1;-;-;-
CHM;193105;-;-;-;-;-;66.1;11.4;-;-;-
CHM;193106;-;-;-;-;-;107.6;14.9;-;-;-
CHM;193107;-;-;-;-;-;176.9;14.0;-;-;-
CHM;193108;-;-;-;-;-;278.4;11.8;-;-;-
CHM;193109;-;-;-;-;-;89.2;6.8;-;-;-
CHM;193110;-;-;-;-;-;96.0;6.2;-;-;-
CHM;193111;-;-;-;-;-;25.1;3.9;-;-;-
CHM;193112;-;-;-;-;-;48.8;-3.8;-;-;-
CHM;193201;-;-;-;-;-;47.5;0.8;-;-;-
CHM;193202;-;-;-;-;-;3.6;-5.9;-;-;-
CHM;193203;-;-;-;-;-;116.7;-0.7;-;-;-
CHM;193204;-;-;-;-;-;49.7;2.1;-;-;-
CHM;193205;-;-;-;-;-;174.2;7.3;-;-;-
CHM;193206;-;-;-;-;-;114.9;10.6;-;-;-
CHM;193207;-;-;-;-;-;200.9;14.0;-;-;-
CHM;193208;-;-;-;-;-;87.2;17.7;-;-;-
CHM;193209;-;-;-;-;-;116.7;13.4;-;-;-
CHM;193210;-;-;-;-;-;177.6;5.4;-;-;-
CHM;193211;-;-;-;-;-;21.6;3.8;-;-;-
CHM;193212;-;-;-;-;-;20.2;2.9;-;-;-
CHM;193301;-;-;-;-;-;19.4;-3.8;-;-;-
CHM;193302;-;-;-;-;-;57.4;-2.0;-;-;-
CHM;193303;-;-;-;-;-;74.3;2.5;-;-;-
CHM;193304;-;-;-;-;-;45.2;7.0;-;-;-
CHM;193305;-;-;-;-;-;139.3;7.6;-;-;-
CHM;193306;-;-;-;-;-;156.8;9.7;-;-;-
CHM;193307;-;-;-;-;-;90.4;15.1;-;-;-
CHM;193308;-;-;-;-;-;64.1;15.1;-;-;-
CHM;193309;-;-;-;-;-;120.0;11.9;-;-;-
CHM;193310;-;-;-;-;-;120.0;6.9;-;-;-
CHM;193311;-;-;-;-;-;44.8;-0.1;-;-;-
CHM;193312;-;-;-;-;-;26.8;-5.5;-;-;-
CHM;193401;-;-;-;-;-;82.5;-2.4;-;-;-
CHM;193402;-;-;-;-;-;19.6;-1.9;-;-;-
CHM;193403;-;-;-;-;-;123.2;-0.2;-;-;-
CHM;193404;-;-;-;-;-;33.2;6.9;-;-;-
CHM;193405;-;-;-;-;-;33.5;10.6;-;-;-
CHM;193406;-;-;-;-;-;123.7;12.4;-;-;-
CHM;193407;-;-;-;-;-;83.1;15.1;-;-;-
CHM;193408;-;-;-;-;-;138.1;12.2;-;-;-
CHM;193409;-;-;-;-;-;48.7;12.4;-;-;-
CHM;193410;-;-;-;-;-;90.6;6.2;-;-;-
CHM;193411;-;-;-;-;-;39.1;1.2;-;-;-
CHM;193412;-;-;-;-;-;92.1;2.3;-;-;-
CHM;193501;-;-;-;-;-;84.8;-5.5;-;-;-
CHM;193502;-;-;-;-;-;190.5;-2.3;-;-;-
CHM;193503;-;-;-;-;-;81.9;-0.4;-;-;-
CHM;193504;-;-;-;-;-;120.1;2.9;-;-;-
CHM;193505;-;-;-;-;-;81.5;7.3;-;-;-
CHM;193506;-;-;-;-;-;74.9;13.9;-;-;-
CHM;193507;-;-;-;-;-;131.3;15.1;-;-;-
CHM;193508;-;-;-;-;-;138.1;13.1;-;-;-
CHM;193509;-;-;-;-;-;128.7;11.3;-;-;-
CHM;193510;-;-;-;-;-;152.3;4.9;-;-;-
CHM;193511;-;-;-;-;-;64.5;2.6;-;-;-
CHM;193512;-;-;-;-;-;179.3;-3.5;-;-;-
CHM;193601;-;-;-;-;-;143.3;0.6;-;-;-
CHM;193602;-;-;-;-;-;84.2;-1.5;-;-;-
CHM;193603;-;-;-;-;-;28.8;2.9;-;-;-
CHM;193604;-;-;-;-;-;94.2;3.2;-;-;-
CHM;193605;-;-;-;-;-;41.0;9.4;-;-;-
CHM;193606;-;-;-;-;-;98.9;11.3;-;-;-
CHM;193607;-;-;-;-;-;194.9;12.0;-;-;-
CHM;193608;-;-;-;-;-;106.7;13.3;-;-;-
CHM;193609;-;-;-;-;-;150.9;10.1;-;-;-
CHM;193610;-;-;-;-;-;67.3;2.2;-;-;-
CHM;193611;-;-;-;-;-;117.8;1.2;-;-;-
CHM;193612;-;-;-;-;-;83.4;0.0;-;-;-
CHM;193701;-;-;-;-;-;71.3;0.0;-;-;-
CHM;193702;-;-;-;-;-;178.8;-0.3;-;-;-
CHM;193703;-;-;-;-;-;170.0;-1.2;-;-;-
CHM;193704;-;-;-;-;-;93.1;3.5;-;-;-
CHM;193705;-;-;-;-;-;130.1;10.4;-;-;-
CHM;193706;-;-;-;-;-;154.7;12.2;-;-;-
CHM;193707;-;-;-;-;-;53.8;14.0;-;-;-
CHM;193708;-;-;-;-;-;89.8;14.3;-;-;-
CHM;193709;-;-;-;-;-;172.6;10.4;-;-;-
CHM;193710;-;-;-;-;-;33.3;6.9;-;-;-
CHM;193711;-;-;-;-;-;78.8;1.5;-;-;-
CHM;193712;-;-;-;-;-;67.8;-3.7;-;-;-
CHM;193801;-;-;-;-;-;111.4;-1.9;-;-;-
CHM;193802;-;-;-;-;-;46.5;-2.2;-;-;-
CHM;193803;-;-;-;-;-;15.6;4.8;-;-;-
CHM;193804;-;-;-;-;-;12.3;1.7;-;-;-
CHM;193805;-;-;-;-;-;64.2;7.0;-;-;-
CHM;193806;-;-;-;-;-;150.1;13.3;-;-;-
CHM;193807;-;-;-;-;-;209.8;12.8;-;-;-
CHM;193808;-;-;-;-;-;125.4;13.2;-;-;-
CHM;193809;-;-;-;-;-;61.5;11.4;-;-;-
CHM;193810;-;-;-;-;-;53.5;6.0;-;-;-
CHM;193811;-;-;-;-;-;68.1;5.4;-;-;-
CHM;193812;-;-;-;-;-;89.3;-3.2;-;-;-
CHM;193901;-;-;-;-;-;138.7;-1.0;-;-;-
CHM;193902;-;-;-;-;-;17.0;-0.1;-;-;-
CHM;193903;-;-;-;-;-;106.2;-2.0;-;-;-
CHM;193904;-;-;-;-;-;121.5;4.9;-;-;-
CHM;193905;-;-;-;-;-;175.5;5.2;-;-;-
CHM;193906;-;-;-;-;-;147.6;12.3;-;-;-
CHM;193907;-;-;-;-;-;143.6;12.4;-;-;-
CHM;193908;-;-;-;-;-;89.4;13.5;-;-;-
CHM;193909;-;-;-;-;-;100.7;9.4;-;-;-
CHM;193910;-;-;-;-;-;253.1;4.3;-;-;-
CHM;193911;-;-;-;-;-;165.2;3.4;-;-;-
CHM;193912;-;-;-;-;-;45.3;-2.1;-;-;-
CHM;194001;-;-;-;-;-;63.7;-5.0;-;-;-
CHM;194002;-;-;-;-;-;82.7;-0.5;-;-;-
CHM;194003;-;-;-;-;-;90.5;1.3;-;-;-
CHM;194004;-;-;-;-;-;109.2;4.4;-;-;-
CHM;194005;-;-;-;-;-;57.6;8.7;-;-;-
CHM;194006;-;-;-;-;-;82.9;11.1;-;-;-
CHM;194007;-;-;-;-;-;128.8;12.2;-;-;-
CHM;194008;-;-;-;-;-;76.2;11.9;-;-;-
CHM;194009;-;-;-;-;-;234.0;10.7;-;-;-
CHM;194010;-;-;-;-;-;75.0;5.8;-;-;-
CHM;194011;-;-;-;-;-;176.9;2.0;-;-;-
CHM;194012;-;-;-;-;-;94.2;-5.4;-;-;-
CHM;194101;-;-;-;-;-;78.8;-4.3;-;-;-
CHM;194102;-;-;-;-;-;119.7;-1.7;-;-;-
CHM;194103;-;-;-;-;-;76.4;1.3;-;-;-
CHM;194104;-;-;-;-;-;86.1;2.7;-;-;-
CHM;194105;-;-;-;-;-;103.8;4.8;-;-;-
CHM;194106;-;-;-;-;-;107.5;12.5;-;-;-
CHM;194107;-;-;-;-;-;52.3;15.1;-;-;-
CHM;194108;-;-;-;-;-;116.8;11.7;-;-;-
CHM;194109;-;-;-;-;-;20.9;10.7;-;-;-
CHM;194110;-;-;-;-;-;103.5;5.2;-;-;-
CHM;194111;-;-;-;-;-;73.7;1.4;-;-;-
CHM;194112;-;-;-;-;-;32.4;-1.9;-;-;-
CHM;194201;-;-;-;-;-;93.4;-6.3;-;-;-
CHM;194202;-;-;-;-;-;24.1;-5.4;-;-;-
CHM;194203;-;-;-;-;-;58.2;3.3;-;-;-
CHM;194204;-;-;-;-;-;53.7;4.6;-;-;-
CHM;194205;-;-;-;-;-;85.7;9.3;-;-;-
CHM;194206;-;-;-;-;-;142.2;12.4;-;-;-
CHM;194207;-;-;-;-;-;91.0;13.5;-;-;-
CHM;194208;-;-;-;-;-;90.7;14.0;-;-;-
CHM;194209;-;-;-;-;-;208.5;12.3;-;-;-
CHM;194210;-;-;-;-;-;93.7;9.2;-;-;-
CHM;194211;-;-;-;-;-;48.8;-0.8;-;-;-
CHM;194212;-;-;-;-;-;34.7;-0.1;-;-;-
CHM;194301;-;-;-;-;-;128.1;-0.9;-;-;-
CHM;194302;-;-;-;-;-;55.8;-0.2;-;-;-
CHM;194303;-;-;-;-;-;37.4;3.6;-;-;-
CHM;194304;-;-;-;-;-;63.8;6.3;-;-;-
CHM;194305;-;-;-;-;-;106.1;9.9;-;-;-
CHM;194306;-;-;-;-;-;79.0;11.1;-;-;-
CHM;194307;-;-;-;-;-;95.3;14.7;-;-;-
CHM;194308;-;-;-;-;-;38.2;15.4;-;-;-
CHM;194309;-;-;-;-;-;158.2;11.2;-;-;-
CHM;194310;-;-;-;-;-;6.1;8.7;-;-;-
CHM;194311;-;-;-;-;-;109.2;-0.5;-;-;-
CHM;194312;-;-;-;-;-;25.6;-0.8;-;-;-
CHM;194401;-;-;-;-;-;51.8;0.4;-;-;-
CHM;194402;-;-;-;-;-;78.0;-5.0;-;-;-
CHM;194403;-;-;-;-;-;37.3;-2.2;-;-;-
CHM;194404;-;-;-;-;-;33.4;6.2;-;-;-
CHM;194405;-;-;-;-;-;24.4;8.8;-;-;-
CHM;194406;-;-;-;-;-;78.7;10.6;-;-;-
CHM;194407;-;-;-;-;-;91.6;13.6;-;-;-
CHM;194408;-;-;-;-;-;108.9;17.4;-;-;-
CHM;194409;-;-;-;-;-;123.9;9.6;-;-;-
CHM;194410;-;-;-;-;-;98.2;4.2;-;-;-
CHM;194411;-;-;-;-;-;248.3;0.5;-;-;-
CHM;194412;-;-;-;-;-;110.0;-3.0;-;-;-
CHM;194501;-;-;-;-;-;96.9;-6.8;-;-;-
CHM;194502;-;-;-;-;-;95.4;1.5;-;-;-
CHM;194503;-;-;-;-;-;67.7;2.9;-;-;-
CHM;194504;-;-;-;-;-;44.4;6.5;-;-;-
CHM;194505;-;-;-;-;-;74.5;11.4;-;-;-
CHM;194506;-;-;-;-;-;61.2;14.5;-;-;-
CHM;194507;-;-;-;-;-;53.5;15.4;-;-;-
CHM;194508;-;-;-;-;-;149.1;12.7;-;-;-
CHM;194509;-;-;-;-;-;79.0;11.4;-;-;-
CHM;194510;-;-;-;-;-;40.2;6.7;-;-;-
CHM;194511;-;-;-;-;-;37.2;1.0;-;-;-
CHM;194512;-;-;-;-;-;134.0;-1.7;-;-;-
CHM;194601;-;-;-;-;-;57.7;-3.2;-;-;-
CHM;194602;-;-;-;-;-;116.0;-0.2;-;-;-
CHM;194603;-;-;-;-;-;36.0;2.5;-;-;-
CHM;194604;-;-;-;-;-;26.3;7.9;-;-;-
CHM;194605;-;-;-;-;-;151.7;9.5;-;-;-
CHM;194606;-;-;-;-;-;210.5;10.7;-;-;-
CHM;194607;-;-;-;-;-;66.6;14.7;-;-;-
CHM;194608;-;-;-;-;-;174.6;13.0;-;-;-
CHM;194609;-;-;-;-;-;142.7;11.3;-;-;-
CHM;194610;-;-;-;-;-;47.7;5.3;-;-;-
CHM;194611;-;-;-;-;-;61.9;1.3;-;-;-
CHM;194612;-;-;-;-;-;81.0;-4.1;-;-;-
CHM;194701;-;-;-;-;-;78.1;-5.5;-;-;-
CHM;194702;-;-;-;-;-;57.4;-3.4;-;-;-
CHM;194703;-;-;-;-;-;170.5;1.9;-;-;-
CHM;194704;-;-;-;-;-;33.1;7.5;-;-;-
CHM;194705;-;-;-;-;-;48.2;11.0;-;-;-
CHM;194706;-;-;-;-;-;85.8;14.0;-;-;-
CHM;194707;-;-;-;-;-;104.5;16.1;-;-;-
CHM;194708;-;-;-;-;-;43.9;16.8;-;-;-
CHM;194709;-;-;-;-;-;42.2;13.9;-;-;-
CHM;194710;-;-;-;-;-;47.1;7.1;-;-;-
CHM;194711;-;-;-;-;-;143.8;3.4;-;-;-
CHM;194712;-;-;-;-;-;147.4;-2.1;-;-;-
CHM;194801;-;-;-;-;-;209.7;-0.1;-;-;-
CHM;194802;-;-;-;-;-;48.7;-2.1;-;-;-
CHM;194803;-;-;-;-;-;13.4;6.0;-;-;-
CHM;194804;-;-;-;-;-;88.4;5.3;-;-;-
CHM;194805;-;-;-;-;-;132.5;9.8;-;-;-
CHM;194806;-;-;-;-;-;93.4;11.3;-;-;-
CHM;194807;-;-;-;-;-;212.3;11.2;-;-;-
CHM;194808;-;-;-;-;-;166.3;13.2;-;-;-
CHM;194809;-;-;-;-;-;105.2;10.6;-;-;-
CHM;194810;-;-;-;-;-;78.3;6.6;-;-;-
CHM;194811;-;-;-;-;-;55.5;4.5;-;-;-
CHM;194812;-;-;-;-;-;28.8;0.1;-;-;-
CHM;194901;-;-;-;-;-;92.2;-1.1;-;-;-
CHM;194902;-;-;-;-;-;16.3;-0.7;-;-;-
CHM;194903;-;-;-;-;-;77.5;-0.8;-;-;-
CHM;194904;-;-;-;-;-;89.5;8.1;-;-;-
CHM;194905;-;-;-;-;-;102.8;6.9;-;-;-
CHM;194906;-;-;-;-;-;55.3;11.9;-;-;-
CHM;194907;-;-;-;-;-;26.4;16.5;-;-;-
CHM;194908;-;-;-;-;-;54.3;15.1;-;-;-
CHM;194909;-;-;-;-;-;58.0;14.7;-;-;-
CHM;194910;-;-;-;-;-;77.1;8.6;-;-;-
CHM;194911;-;-;-;-;-;98.4;0.1;-;-;-
CHM;194912;-;-;-;-;-;87.4;0.2;-;-;-
CHM;195001;-;-;-;-;-;67.8;-2.4;-;-;-
CHM;195002;-;-;-;-;-;110.6;0.5;-;-;-
CHM;195003;-;-;-;-;-;12.7;2.4;-;-;-
CHM;195004;-;-;-;-;-;88.3;2.6;-;-;-
CHM;195005;-;-;-;-;-;185.9;10.5;-;-;-
CHM;195006;-;-;-;-;-;103.5;15.0;-;-;-
CHM;195007;-;-;-;-;-;72.3;16.2;-;-;-
CHM;195008;-;-;-;-;-;170.4;14.2;-;-;-
CHM;195009;-;-;-;-;-;119.1;9.9;-;-;-
CHM;195010;-;-;-;-;-;49.5;6.0;-;-;-
CHM;195011;-;-;-;-;-;485.1;1.2;-;-;-
CHM;195012;-;-;-;-;-;64.3;-4.4;-;-;-
CHM;195101;-;-;-;-;-;111.7;-1.3;-;-;-
CHM;195102;-;-;-;-;-;122.6;-1.4;-;-;-
CHM;195103;-;-;-;-;-;115.6;-0.8;-;-;-
CHM;195104;-;-;-;-;-;64.9;4.2;-;-;-
CHM;195105;-;-;-;-;-;87.1;7.9;-;-;-
CHM;195106;-;-;-;-;-;143.5;11.7;-;-;-
CHM;195107;-;-;-;-;-;128.4;14.0;-;-;-
CHM;195108;-;-;-;-;-;140.3;13.1;-;-;-
CHM;195109;-;-;-;-;-;84.8;11.7;-;-;-
CHM;195110;-;-;-;-;-;49.5;6.2;-;-;-
CHM;195111;-;-;-;-;-;138.6;3.2;-;-;-
CHM;195112;-;-;-;-;-;49.8;1.0;-;-;-
CHM;195201;-;-;-;-;-;137.2;-3.3;-;-;-
CHM;195202;-;-;-;-;-;108.6;-3.2;-;-;-
CHM;195203;-;-;-;-;-;106.1;2.4;-;-;-
CHM;195204;-;-;-;-;-;72.3;6.9;-;-;-
CHM;195205;-;-;-;-;-;49.5;10.2;-;-;-
CHM;195206;-;-;-;-;-;69.3;14.1;-;-;-
CHM;195207;-;-;-;-;-;31.8;18.0;-;-;-
CHM;195208;-;-;-;-;-;140.8;15.7;-;-;-
CHM;195209;-;-;-;-;-;140.9;7.6;-;-;-
CHM;195210;-;-;-;-;-;193.7;5.3;-;-;-
CHM;195211;-;-;-;-;-;216.6;-0.1;-;-;-
CHM;195212;-;-;-;-;-;167.0;-2.6;-;-;-
CHM;195301;-;-;-;-;-;16.3;-4.3;-;-;-
CHM;195302;-;-;-;-;-;73.2;-3.2;-;-;-
CHM;195303;-;-;-;-;-;4.2;2.8;-;-;-
CHM;195304;-;-;-;-;-;63.1;5.9;-;-;-
CHM;195305;-;-;-;-;-;120.9;11.3;-;-;-
CHM;195306;-;-;-;-;-;188.4;11.1;-;-;-
CHM;195307;-;-;-;-;-;87.9;14.2;-;-;-
CHM;195308;-;-;-;-;-;53.4;14.4;-;-;-
CHM;195309;-;-;-;-;-;118.1;12.0;-;-;-
CHM;195310;-;-;-;-;-;34.5;8.1;-;-;-
CHM;195311;-;-;-;-;-;39.8;4.1;-;-;-
CHM;195312;-;-;-;-;-;37.7;2.7;-;-;-
CHM;195401;-;-;-;-;-;89.2;-5.3;-;-;-
CHM;195402;-;-;-;-;-;84.2;-3.6;-;-;-
CHM;195403;-;-;-;-;-;70.6;2.5;-;-;-
CHM;195404;-;-;-;-;-;89.1;2.9;-;-;-
CHM;195405;-;-;-;-;-;54.1;8.3;-;-;-
CHM;195406;-;-;-;-;-;56.3;12.7;-;-;-
CHM;195407;-;-;-;-;-;60.4;12.0;-;-;-
CHM;195408;-;-;-;-;-;238.0;12.8;-;-;-
CHM;195409;-;-;-;-;-;161.8;11.1;-;-;-
CHM;195410;-;-;-;-;-;70.2;7.4;-;-;-
CHM;195411;-;-;-;-;-;70.6;3.3;-;-;-
CHM;195412;-;-;-;-;-;152.0;0.3;-;-;-
CHM;195501;-;-;-;-;-;214.7;0.2;-;-;-
CHM;195502;-;-;-;-;-;140.6;-2.5;-;-;-
CHM;195503;-;-;-;-;-;44.6;-1.1;-;-;-
CHM;195504;-;-;-;-;-;20.3;5.6;-;-;-
CHM;195505;-;-;-;-;-;151.9;7.9;-;-;-
CHM;195506;-;-;-;-;-;149.8;12.3;-;-;-
CHM;195507;-;-;-;-;-;138.0;14.0;-;-;-
CHM;195508;-;-;-;-;-;141.4;13.4;-;-;-
CHM;195509;-;-;-;-;-;65.4;10.5;-;-;-
CHM;195510;-;-;-;-;-;40.1;5.0;-;-;-
CHM;195511;-;-;-;-;-;33.7;0.8;-;-;-
CHM;195512;-;-;-;-;-;151.3;1.9;-;-;-
CHM;195601;-;-;-;-;-;98.7;-1.2;-;-;-
CHM;195602;-;-;-;-;-;17.9;-11.7;-;-;-
CHM;195603;-;-;-;-;-;66.0;1.1;-;-;-
CHM;195604;-;-;-;-;-;121.6;2.8;-;-;-
CHM;195605;-;-;-;-;-;113.0;10.1;-;-;-
CHM;195606;-;-;-;-;-;65.8;9.7;-;-;-
CHM;195607;-;-;-;-;-;280.6;13.2;-;-;-
CHM;195608;-;-;-;-;-;222.5;11.3;-;-;-
CHM;195609;-;-;-;-;-;89.1;12.7;-;-;-
CHM;195610;-;-;-;-;-;114.8;5.3;-;-;-
CHM;195611;-;-;-;-;-;48.6;-1.0;-;-;-
CHM;195612;-;-;-;-;-;38.5;-0.2;-;-;-
CHM;195701;-;-;-;-;-;64.6;-1.8;-;-;-
CHM;195702;-;-;-;-;-;172.5;1.3;-;-;-
CHM;195703;-;-;-;-;-;34.1;5.6;-;-;-
CHM;195704;-;-;-;-;-;59.8;5.5;-;-;-
CHM;195705;-;-;-;-;-;76.9;6.1;-;-;-
CHM;195706;-;-;-;-;-;155.8;13.1;-;-;-
CHM;195707;-;-;-;-;-;132.0;14.5;-;-;-
CHM;195708;-;-;-;-;-;98.6;12.6;-;-;-
CHM;195709;-;-;-;-;-;127.0;10.6;-;-;-
CHM;195710;-;-;-;-;-;19.3;7.3;-;-;-
CHM;195711;-;-;-;-;-;40.2;2.2;-;-;-
CHM;195712;-;-;-;-;-;46.2;-1.7;-;-;-
CHM;195801;-;-;-;-;-;116.5;-2.1;-;-;-
CHM;195802;-;-;-;-;-;183.6;0.8;-;-;-
CHM;195803;-;-;-;-;-;66.5;-2.1;-;-;-
CHM;195804;-;-;-;-;-;49.9;1.9;-;-;-
CHM;195805;-;-;-;-;-;95.4;11.3;-;-;-
CHM;195806;-;-;-;-;-;121.1;11.4;-;-;-
CHM;195807;-;-;-;-;-;78.3;14.1;-;-;-
CHM;195808;-;-;-;-;-;94.5;14.5;-;-;-
CHM;195809;-;-;-;-;-;61.1;13.1;-;-;-
CHM;195810;-;-;-;-;-;119.4;5.5;-;-;-
CHM;195811;-;-;-;-;-;56.6;0.8;-;-;-
CHM;195812;-;-;-;-;-;108.0;-0.4;-;-;-
CHM;195901;-;-;-;882.7;84.5;138.2;-2.5;-;-;-
CHM;195902;-;-;-;896.2;73.0;3.5;1.7;-;-;-
CHM;195903;-;-;-;884.8;87.0;100.6;4.0;-;-;-
CHM;195904;-;-;-;882.1;76.3;131.3;5.7;-;-;-
CHM;195905;-;-;-;885.5;79.2;36.7;10.1;-;-;-
CHM;195906;-;-;-;890.5;85.3;125.5;12.6;-;-;-
CHM;195907;-;-;-;890.7;74.9;79.5;16.5;-;-;-
CHM;195908;-;-;-;890.0;80.5;96.5;14.0;-;-;-
CHM;195909;-;-;-;890.2;79.5;26.5;13.0;-;-;-
CHM;195910;-;-;-;888.5;81.6;85.3;6.9;-;-;-
CHM;195911;-;-;-;883.2;83.9;55.6;1.3;-;-;-
CHM;195912;-;-;-;878.0;89.4;176.3;-0.2;-;-;-
CHM;196001;-;-;-;883.2;85.6;82.4;-2.6;-;-;-
CHM;196002;-;-;-;880.2;83.8;93.8;-0.7;-;-;-
CHM;196003;-;-;-;880.5;79.4;70.0;2.7;-;-;-
CHM;196004;-;-;-;886.1;76.3;26.0;4.6;-;-;-
CHM;196005;-;-;-;887.8;73.6;90.7;10.9;-;-;-
CHM;196006;-;-;-;890.5;79.3;100.5;13.4;-;-;-
CHM;196007;-;-;-;888.5;81.7;133.2;11.8;-;-;-
CHM;196008;-;-;-;887.6;81.8;181.7;12.8;-;-;-
CHM;196009;-;-;-;886.8;88.3;148.2;9.1;-;-;-
CHM;196010;-;-;-;879.7;87.1;112.6;5.5;-;-;-
CHM;196011;-;-;-;882.7;89.8;108.3;2.6;-;-;-
CHM;196012;-;-;-;878.3;90.9;68.3;-2.6;-;-;-
CHM;196101;-;-;-;883.2;93.1;110.5;-2.4;-;-;-
CHM;196102;-;-;-;892.1;81.8;96.2;2.3;-;-;-
CHM;196103;-;-;-;893.3;73.0;24.3;3.6;-;-;-
CHM;196104;-;-;-;882.7;81.7;102.4;7.5;-;-;-
CHM;196105;-;-;-;885.9;81.7;49.6;7.6;-;-;-
CHM;196106;-;-;-;889.4;80.9;170.6;12.9;-;-;-
CHM;196107;-;-;-;889.7;79.2;133.3;12.6;-;-;-
CHM;196108;-;-;-;892.0;78.3;111.5;13.4;-;-;-
CHM;196109;-;-;-;891.5;63.2;22.1;15.4;-;-;-
CHM;196110;-;-;-;886.4;85.0;104.1;7.8;-;-;-
CHM;196111;-;-;-;881.5;84.6;53.3;1.7;-;-;-
CHM;196112;-;-;-;883.0;87.1;143.0;-0.4;-;-;-
CHM;196201;-;-;-;886.8;89.4;112.7;-1.3;-;-;-
CHM;196202;-;-;-;887.0;90.3;77.8;-3.5;-;-;-
CHM;196203;-;-;-;877.3;84.4;135.5;-2.7;-;-;-
CHM;196204;-;-;-;884.5;76.6;88.4;4.4;-;-;-
CHM;196205;-;-;-;886.4;79.1;109.3;6.8;-;-;-
CHM;196206;-;-;-;891.6;72.6;21.8;11.6;-;-;-
CHM;196207;-;-;-;889.5;74.3;58.4;13.3;-;-;-
CHM;196208;-;-;-;891.3;69.8;50.9;15.7;-;-;-
CHM;196209;-;-;-;889.1;78.7;55.2;10.9;-;-;-
CHM;196210;-;-;-;889.9;83.9;16.6;7.4;-;-;-
CHM;196211;-;-;-;881.1;83.2;47.1;-0.1;-;-;-
CHM;196212;-;-;-;881.8;85.1;178.5;-4.9;-;-;-
CHM;196301;-;-;-;881.3;84.2;54.3;-7.6;-;-;-
CHM;196302;-;-;-;875.1;83.6;53.6;-6.6;-;-;-
CHM;196303;-;-;-;883.9;78.3;129.1;-0.2;-;-;-
CHM;196304;-;-;-;882.4;76.8;64.0;5.4;-;-;-
CHM;196305;-;-;-;886.6;77.8;52.8;8.1;-;-;-
CHM;196306;-;-;-;886.4;81.7;176.8;11.7;-;-;-
CHM;196307;-;-;-;891.0;77.9;73.6;15.1;-;-;-
CHM;196308;-;-;-;886.3;81.8;196.4;12.1;-;-;-
CHM;196309;-;-;-;889.8;85.3;137.9;11.4;-;-;-
CHM;196310;-;-;-;890.6;83.1;51.5;6.8;-;-;-
CHM;196311;-;-;-;881.6;84.1;168.1;4.1;-;-;-
CHM;196312;-;-;-;883.6;71.9;7.0;-2.4;-;-14.2;11.6
CHM;196401;-;4;46;893.9;79.8;17.8;-2.7;-;-10.6;7.2
CHM;196402;-;3;62;884.9;81.9;23.2;-0.1;-;-10.2;11.8
CHM;196403;-;3;82;879.7;91.0;100.9;-0.4;-;-11.2;9.0
CHM;196404;-;0;64;884.9;73.8;54.4;5.7;-;-2.2;17.0
CHM;196405;-;0;55;889.2;72.0;79.8;10.5;-;2.8;21.5
CHM;196406;-;0;46;889.2;71.3;87.0;13.2;-;5.5;23.8
CHM;196407;-;0;31;891.7;59.4;36.3;16.4;-;5.0;27.8
CHM;196408;-;0;49;889.2;69.4;118.1;13.5;-;4.0;26.6
CHM;196409;-;0;45;892.0;75.9;70.0;11.8;-;1.0;23.0
CHM;196410;-;0;72;885.6;87.9;75.6;3.9;-;-3.2;17.0
CHM;196411;-;1;77;888.4;90.4;67.0;1.8;-;-4.8;13.0
CHM;196412;-;18;68;882.7;80.7;36.4;-2.2;-;-12.2;6.5
CHM;196501;-;45;79;881.1;83.5;99.4;-1.9;-;-8.6;8.0
CHM;196502;-;80;59;886.3;83.9;49.5;-5.9;-;-14.8;4.8
CHM;196503;-;59;60;884.7;81.1;130.3;0.4;-;-13.8;14.2
CHM;196504;-;3;72;882.3;82.1;97.1;2.6;-;-4.8;14.6
CHM;196505;-;0;63;886.2;76.3;119.3;7.7;-;-0.2;22.4
CHM;196506;-;0;60;888.6;74.1;88.1;12.6;-;1.5;27.2
CHM;196507;-;0;65;887.9;74.7;175.6;12.2;-;4.0;24.2
CHM;196508;-;0;55;888.8;75.6;106.4;12.5;-;5.0;25.0
CHM;196509;-;0;65;885.1;82.6;189.9;8.7;-;3.4;19.0
CHM;196510;-;0;51;890.4;79.4;39.7;7.5;-;0.6;19.0
CHM;196511;-;5;84;879.3;87.7;162.1;0.6;-;-10.7;14.8
CHM;196512;-;19;87;879.4;89.7;211.7;-0.6;-;-6.4;11.0
CHM;196601;-;68;68;881.0;83.4;108.9;-4.2;-;-18.0;8.2
CHM;196602;-;18;74;879.0;80.3;110.1;2.7;-;-5.4;11.6
CHM;196603;-;12;61;887.6;78.3;116.1;-0.6;-;-9.0;9.7
CHM;196604;-;0;73;882.3;80.3;103.4;5.7;-;-1.2;14.4
CHM;196605;-;0;58;888.3;72.4;111.1;9.3;-;0.4;20.0
CHM;196606;-;0;58;889.0;72.4;47.0;13.1;-;5.0;24.2
CHM;196607;-;0;59;887.4;76.7;73.9;12.0;-;4.4;25.0
CHM;196608;-;0;65;888.1;78.3;162.9;12.1;-;3.0;27.6
CHM;196609;-;0;42;890.1;78.3;48.9;12.4;-;4.2;24.5
CHM;196610;-;0;69;881.9;84.0;79.1;8.7;-;-4.4;22.2
CHM;196611;-;18;83;882.7;84.9;85.7;-0.8;-;-7.4;14.0
CHM;196612;-;37;89;882.5;92.9;160.8;-1.9;-;-8.0;5.4
CHM;196701;-;21;73;887.2;82.9;62.7;-2.5;-;-16.2;11.2
CHM;196702;-;6;55;886.6;76.7;57.3;-0.5;-;-10.5;9.7
CHM;196703;-;5;65;888.7;79.4;106.4;1.9;-;-4.2;14.4
CHM;196704;-;0;54;883.7;72.9;27.0;3.4;-;-5.0;16.0
CHM;196705;-;0;65;885.1;74.6;107.2;8.0;-;-4.2;23.5
CHM;196706;-;0;53;890.7;72.8;64.6;11.2;-;2.4;26.3
CHM;196707;-;0;44;891.8;67.9;80.6;16.0;-;7.0;25.6
CHM;196708;-;0;56;889.5;77.1;114.6;13.5;-;4.8;24.4
CHM;196709;-;0;60;887.6;82.0;105.2;10.4;-;3.2;22.2
CHM;196710;-;0;45;888.4;77.7;62.4;9.3;-;-1.2;19.5
CHM;196711;-;0;57;886.1;77.8;167.9;2.9;-;-7.8;12.3
CHM;196712;-;15;61;884.5;84.3;83.8;-3.8;-;-15.6;10.2
CHM;196801;-;74;70;884.6;83.7;165.9;-3.4;-;-17.6;8.0
CHM;196802;-;109;74;880.0;91.4;65.7;-1.4;-;-8.2;7.2
CHM;196803;-;75;60;885.7;79.8;61.0;1.1;-;-7.8;15.0
CHM;196804;-;3;57;885.1;77.1;87.2;5.9;-;-5.4;21.2
CHM;196805;-;0;70;885.7;82.4;87.3;7.4;-;-2.2;18.8
CHM;196806;-;0;53;888.7;79.7;40.0;11.5;-;3.5;25.2
CHM;196807;-;0;57;890.9;80.2;194.8;13.3;-;5.3;26.2
CHM;196808;-;0;71;887.1;88.0;261.3;11.7;-;5.2;21.5
CHM;196809;-;0;63;887.4;89.9;199.7;9.5;-;1.6;17.6
CHM;196810;-;0;56;890.9;85.9;42.1;9.3;-;2.6;19.2
CHM;196811;-;3;74;882.5;85.4;54.6;1.9;-;-7.8;14.2
CHM;196812;-;14;77;879.2;92.3;108.6;-2.8;-;-12.0;8.0
CHM;196901;-;43;74;883.1;89.0;46.2;-1.0;-;-9.2;8.0
CHM;196902;-;50;74;876.4;88.8;83.4;-4.8;-;-14.4;6.8
CHM;196903;-;25;75;879.4;86.9;96.1;0.4;-;-6.6;9.6
CHM;196904;-;1;67;884.7;83.4;132.9;3.6;-;-6.0;18.0
CHM;196905;-;0;59;885.3;79.3;92.7;9.5;-;-1.0;23.6
CHM;196906;-;0;65;886.2;85.2;138.7;9.6;-;0.4;19.0
CHM;196907;-;0;50;893.3;80.6;170.2;14.9;-;3.2;25.2
CHM;196908;-;0;59;888.5;83.6;111.3;12.7;-;3.9;23.8
CHM;196909;-;0;57;889.0;89.9;118.4;11.6;-;5.0;20.6
CHM;196910;-;0;32;892.5;75.9;2.6;9.3;-;0.2;18.2
CHM;196911;-;5;71;881.8;88.5;121.5;1.5;-;-12.0;12.6
CHM;196912;-;62;75;879.6;93.7;69.4;-6.7;-;-13.0;2.0
CHM;197001;-;44;67;878.4;83.0;70.1;-1.3;-;-11.4;8.0
CHM;197002;-;89;90;879.5;96.5;268.4;-3.4;-;-13.8;4.4
CHM;197003;-;178;76;880.2;89.3;118.6;-2.6;-;-11.0;7.2
CHM;197004;-;119;81;884.0;84.8;162.2;1.3;-;-8.4;17.2
CHM;197005;-;0;71;886.3;80.3;79.5;7.4;-;-2.4;18.4
CHM;197006;-;0;65;889.4;82.1;116.8;13.1;-;5.0;23.0
CHM;197007;-;0;56;889.6;81.2;56.5;13.4;-;3.4;25.0
CHM;197008;-;0;63;888.8;83.8;135.3;14.0;-;5.6;26.6
CHM;197009;-;0;42;891.1;79.2;60.5;12.1;-;3.4;21.0
CHM;197010;-;2;67;890.3;82.4;76.8;6.6;-;-3.4;20.0
CHM;197011;-;0;68;886.1;77.0;129.9;4.0;-;-3.8;15.0
CHM;197012;-;2;76;887.1;85.3;52.4;-2.6;-;-12.0;7.8
CHM;197101;-;9;63;881.1;74.4;74.4;-1.2;-;-15.2;12.2
CHM;197102;-;30;63;886.4;80.0;46.2;-2.2;-;-14.0;9.0
CHM;197103;-;49;78;880.4;87.3;50.2;-3.5;-;-17.6;9.0
CHM;197104;-;2;70;881.8;69.5;22.0;7.1;-;-0.4;18.6
CHM;197105;-;0;81;883.6;80.0;58.2;10.3;-;1.8;22.5
CHM;197106;-;0;80;885.8;83.8;141.8;9.9;-;2.6;20.4
CHM;197107;-;0;59;891.1;70.0;62.2;15.7;-;4.2;26.2
CHM;197108;-;0;68;889.1;80.5;181.1;14.8;-;6.6;26.0
CHM;197109;-;0;54;892.4;78.2;48.3;10.3;-;0.6;20.5
CHM;197110;-;0;51;895.1;79.5;24.7;8.1;-;-3.0;19.8
CHM;197111;-;12;78;883.2;89.6;112.7;0.0;-;-11.6;15.6
CHM;197112;-;14;61;893.0;71.9;32.9;1.6;-;-7.2;15.0
CHM;197201;-;9;78;881.1;84.3;28.6;-1.7;-;-10.8;8.4
CHM;197202;-;20;75;880.1;81.9;35.0;0.7;-;-11.0;11.0
CHM;197203;-;6;68;883.2;78.1;40.9;3.1;-;-5.8;13.0
CHM;197204;-;0;85;881.1;85.6;81.1;3.0;-;-6.2;16.0
CHM;197205;-;0;85;884.7;83.1;80.5;7.1;-;-0.7;17.6
CHM;197206;-;0;74;887.2;81.0;157.1;10.1;-;2.2;21.2
CHM;197207;-;0;71;890.0;81.3;82.2;13.2;-;3.7;25.0
CHM;197208;-;0;69;890.0;80.2;69.3;12.7;-;3.4;24.2
CHM;197209;-;0;54;888.4;80.2;20.8;7.7;-;-0.4;19.2
CHM;197210;-;0;51;888.2;78.6;41.7;5.4;-;-5.6;16.6
CHM;197211;-;4;64;888.1;87.9;207.7;2.4;-;-9.0;14.5
CHM;197212;-;7;46;890.9;71.1;56.8;0.6;-;-7.0;9.0
CHM;197301;-;14;70;888.5;83.9;56.2;-2.4;-;-14.0;7.4
CHM;197302;-;80;74;882.9;88.5;95.2;-3.9;-;-11.0;7.5
CHM;197303;-;96;68;889.5;76.7;14.2;-0.4;-;-10.4;11.8
CHM;197304;-;12;76;883.6;81.7;95.8;0.8;-;-6.6;15.2
CHM;197305;-;0;69;888.2;77.4;126.2;9.2;-;0.7;19.4
CHM;197306;-;0;70;890.1;79.7;118.5;12.2;-;3.0;23.6
CHM;197307;-;0;69;887.7;81.4;145.8;13.3;-;5.0;24.6
CHM;197308;-;0;59;892.1;79.2;59.1;15.7;-;6.3;24.7
CHM;197309;-;0;45;889.5;77.6;49.8;12.1;-;1.4;24.6
CHM;197310;-;0;61;888.9;80.0;109.3;5.5;-;-4.4;18.2
CHM;197311;-;2;56;890.8;79.9;88.9;1.7;-;-9.6;14.6
CHM;197312;-;17;66;884.3;76.6;74.1;-1.6;-;-17.0;7.6
CHM;197401;-;6;69;889.1;85.2;71.6;0.5;-;-6.2;9.7
CHM;197402;-;12;84;879.8;84.7;92.9;-0.8;-;-7.0;9.6
CHM;197403;-;11;81;883.3;77.8;63.5;3.0;-;-6.0;16.6
CHM;197404;-;0;63;881.7;68.0;25.4;4.8;-;-4.4;14.9
CHM;197405;-;0;73;884.9;74.1;128.2;7.4;-;-1.5;19.2
CHM;197406;-;0;65;887.2;73.1;143.4;10.4;-;1.6;21.6
CHM;197407;-;0;53;890.7;65.1;50.1;13.4;-;4.2;24.4
CHM;197408;-;0;56;890.2;70.9;64.3;14.8;-;4.8;28.8
CHM;197409;-;0;69;886.9;79.1;126.6;9.8;-;0.1;21.4
CHM;197410;-;9;86;882.3;89.9;193.0;0.1;-;-4.8;7.6
CHM;197411;-;14;83;885.0;86.1;134.9;0.9;-;-5.6;10.6
CHM;197412;-;12;78;892.2;85.1;116.4;0.3;-;-8.5;8.0
CHM;197501;-;2;59;888.8;77.7;125.9;1.4;-;-5.2;8.6
CHM;197502;-;0;46;889.4;70.5;7.0;0.1;-;-7.9;11.6
CHM;197503;-;7;88;877.6;85.9;79.0;-1.0;-;-8.0;8.4
CHM;197504;-;14;66;885.0;76.0;73.2;3.3;-;-7.0;16.6
CHM;197505;-;0;76;885.3;75.7;65.5;8.2;-;-1.0;22.1
CHM;197506;-;0;70;888.4;75.4;115.2;10.3;-;0.0;22.6
CHM;197507;-;0;55;890.1;72.2;93.4;14.2;-;4.5;26.0
CHM;197508;-;0;65;890.4;76.8;192.7;14.3;-;5.3;24.5
CHM;197509;-;0;64;889.8;77.5;166.3;12.4;-;4.2;25.6
CHM;197510;-;0;50;890.4;74.9;29.6;5.6;-;-2.1;17.6
CHM;197511;-;3;81;885.4;88.5;175.4;0.7;-;-9.2;11.3
CHM;197512;-;6;65;889.6;83.7;25.2;-2.1;-;-12.6;10.3
CHM;197601;-;11;71;887.8;80.2;55.9;-1.9;-;-16.4;12.2
CHM;197602;-;30;55;887.0;71.5;49.1;0.5;-;-9.6;11.2
CHM;197603;-;3;49;885.6;71.4;38.7;-0.1;-;-10.9;14.4
CHM;197604;-;1;49;883.8;66.0;32.4;4.1;-;-5.0;16.9
CHM;197605;-;0;58;887.6;64.8;52.7;9.6;-;-1.2;21.5
CHM;197606;-;0;36;891.7;53.7;19.1;15.0;-;2.0;25.9
CHM;197607;-;0;64;889.5;66.6;112.7;15.4;-;5.9;27.0
CHM;197608;-;0;53;890.4;64.1;57.2;13.1;-;5.4;21.7
CHM;197609;-;0;65;887.4;78.0;107.9;9.1;-;2.2;18.4
CHM;197610;-;0;70;880.9;79.0;93.6;7.6;-;1.0;18.6
CHM;197611;-;0;80;885.9;89.6;72.4;0.7;-;-5.0;10.0
CHM;197612;-;31;66;878.7;85.5;133.3;-2.7;-;-14.0;7.1
CHM;197701;-;50;79;881.6;87.0;121.7;-1.7;-;-8.6;7.5
CHM;197702;-;19;81;880.7;85.4;185.3;0.6;-;-9.0;9.4
CHM;197703;-;1;69;888.3;76.0;50.6;3.6;-;-7.4;15.5
CHM;197704;-;6;80;884.9;81.6;175.1;2.1;-;-7.7;17.0
CHM;197705;-;0;71;884.8;78.3;68.5;7.6;-;-0.3;19.0
CHM;197706;-;0;70;886.4;76.8;167.2;10.7;-;3.8;22.9
CHM;197707;-;0;61;887.4;75.7;233.5;13.1;-;6.0;22.7
CHM;197708;-;0;66;886.7;78.9;142.1;12.3;-;6.4;20.6
CHM;197709;-;0;50;892.3;78.7;14.0;9.6;-;0.6;21.6
CHM;197710;-;0;58;889.7;76.1;75.0;8.9;-;1.6;18.5
CHM;197711;-;25;76;883.6;82.2;127.9;0.8;-;-9.8;16.3
CHM;197712;-;29;61;888.2;74.6;108.5;0.3;-;-9.6;10.3
CHM;197801;-;30;79;881.3;83.8;103.4;-2.5;-;-8.4;6.6
CHM;197802;-;121;86;876.1;87.2;140.8;-2.4;-;-11.0;10.0
CHM;197803;-;28;80;883.4;80.0;149.3;1.0;-;-6.4;11.5
CHM;197804;-;1;69;879.2;77.9;67.4;2.7;-;-5.2;11.6
CHM;197805;-;0;74;884.4;80.4;135.2;6.8;-;-0.4;18.0
CHM;197806;-;0;69;887.1;71.7;101.0;10.6;-;2.0;22.0
CHM;197807;-;0;66;889.6;74.6;136.0;12.9;-;4.6;24.4
CHM;197808;-;0;60;890.5;75.3;165.9;12.3;-;3.4;22.7
CHM;197809;-;0;49;891.2;73.3;53.3;10.7;-;2.2;21.4
CHM;197810;-;0;49;892.0;74.9;31.9;6.8;-;-1.0;19.2
CHM;197811;-;1;46;894.4;66.9;9.6;2.8;-;-9.0;14.4
CHM;197812;-;11;84;877.7;79.8;184.3;-0.2;-;-9.0;11.8
CHM;197901;-;22;79;880.0;82.6;118.8;-4.9;-;-17.6;7.0
CHM;197902;-;10;83;878.3;86.4;125.7;-1.2;-;-10.0;6.6
CHM;197903;-;3;86;879.9;85.8;150.8;0.9;-;-5.3;10.2
CHM;197904;-;2;78;882.3;75.5;57.0;2.2;-;-5.0;13.6
CHM;197905;-;0;70;888.2;68.3;93.4;8.3;-;-5.2;22.7
CHM;197906;-;0;76;890.0;77.4;84.9;12.4;-;2.3;21.6
CHM;197907;-;0;64;892.1;68.9;37.4;14.0;-;4.2;26.7
CHM;197908;-;0;70;888.3;74.8;115.9;12.4;-;3.3;24.8
CHM;197909;-;0;61;891.6;77.6;65.5;11.0;-;1.6;21.1
CHM;197910;-;0;70;884.9;77.3;126.2;8.5;-;0.6;21.3
CHM;197911;-;6;75;886.1;79.5;143.7;1.2;-;-6.0;15.9
CHM;197912;-;12;86;884.3;80.4;162.0;0.5;-;-7.4;13.6
CHM;198001;-;49;80;882.8;84.7;114.7;-3.8;-;-12.4;5.7
CHM;198002;-;15;66;888.6;78.9;71.4;0.3;-;-7.7;8.7
CHM;198003;-;6;78;879.8;79.6;116.4;0.7;-;-6.2;8.3
CHM;198004;-;4;76;885.8;76.3;52.3;1.9;-;-5.6;12.4
CHM;198005;-;0;73;882.9;73.3;112.0;6.8;-;0.2;17.3
CHM;198006;-;0;80;886.7;79.4;172.3;9.6;-;2.0;23.2
CHM;198007;-;0;74;887.6;75.5;126.8;11.5;-;4.3;23.7
CHM;198008;-;0;63;890.6;75.7;90.2;14.2;-;4.7;26.0
CHM;198009;-;0;43;892.8;70.9;39.5;12.5;-;4.4;21.0
CHM;198010;-;0;71;884.4;77.3;142.8;5.6;-;-2.0;17.0
CHM;198011;-;4;79;884.9;76.9;52.6;0.4;-;-9.0;13.0
CHM;198012;-;43;69;887.7;73.4;85.1;-2.7;-;-15.2;7.6
CHM;198101;-;88;68;888.2;76.8;123.9;-3.9;-;-13.0;5.4
CHM;198102;-;88;61;885.7;74.3;56.8;-3.8;-;-12.0;8.5
CHM;198103;-;38;85;882.2;79.6;128.1;3.3;-;-6.6;15.4
CHM;198104;-;0;74;885.6;70.7;14.3;5.7;-;-5.0;16.4
CHM;198105;-;1;84;883.8;75.7;161.1;8.0;-;-1.6;20.7
CHM;198106;-;0;73;889.8;72.7;59.1;11.8;-;2.7;24.3
CHM;198107;-;0;76;890.6;76.5;118.6;12.9;-;5.2;24.2
CHM;198108;-;0;55;891.6;67.0;34.6;14.7;-;5.7;25.6
CHM;198109;-;0;79;889.0;80.2;124.0;11.3;-;4.0;20.4
CHM;198110;-;1;85;885.1;85.3;223.1;5.7;-;-2.4;17.4
CHM;198111;-;3;59;893.3;78.6;71.7;2.1;-;-8.5;17.4
CHM;198112;-;86;93;873.0;95.6;242.8;-3.0;-;-14.6;5.4
CHM;198201;-;66;79;886.9;83.5;116.1;0.1;-;-12.2;9.8
CHM;198202;-;61;71;887.1;81.2;34.8;-0.8;-;-12.0;10.5
CHM;198203;-;43;80;885.8;82.0;114.1;-0.4;-;-7.6;10.9
CHM;198204;-;3;60;885.7;65.3;11.3;3.6;-;-4.4;13.7
CHM;198205;-;0;66;889.9;70.7;70.1;9.2;-;-1.5;19.0
CHM;198206;-;0;68;888.8;80.1;154.6;13.0;-;4.0;21.9
CHM;198207;-;0;53;890.7;78.3;109.6;15.9;-;7.0;25.8
CHM;198208;-;0;61;889.3;86.1;140.9;13.3;-;4.3;23.5
CHM;198209;-;0;43;891.6;86.4;62.2;12.9;-;3.0;23.0
CHM;198210;-;0;69;884.3;89.2;149.4;6.1;-;-1.0;14.5
CHM;198211;-;2;54;886.8;83.8;116.0;3.0;-;-5.5;14.8
CHM;198212;-;6;70;884.3;88.4;178.6;-0.5;-;-8.2;6.8
CHM;198301;-;7;58;895.8;80.6;124.1;0.5;-;-9.5;9.2
CHM;198302;-;50;65;883.3;91.8;114.2;-4.7;-;-12.6;6.6
CHM;198303;-;26;56;886.3;83.3;105.8;1.4;-;-7.8;12.6
CHM;198304;-;4;80;880.8;84.8;144.7;4.4;-;-4.5;16.5
CHM;198305;-;1;81;882.3;86.8;217.5;6.0;-;-0.8;18.5
CHM;198306;-;0;56;891.2;72.7;73.0;13.0;-;0.0;24.5
CHM;198307;-;0;24;891.7;61.0;16.2;19.0;-;6.5;31.0
CHM;198308;-;0;53;890.4;77.8;150.3;14.7;-;5.5;24.2
CHM;198309;-;0;49;890.1;83.5;115.4;11.2;-;3.5;21.8
CHM;198310;-;0;46;892.8;81.0;54.3;6.6;-;-1.0;18.8
CHM;198311;-;0;44;886.5;83.4;125.1;1.8;-;-7.5;14.8
CHM;198312;-;5;50;886.7;76.8;72.4;-0.4;-;-12.4;13.5
CHM;198401;-;39;78;883.9;90.3;241.9;-2.3;-;-10.0;8.5
CHM;198402;-;103;74;886.4;91.7;147.1;-4.1;-;-13.5;3.6
CHM;198403;-;103;53;883.2;80.3;82.6;-1.2;-;-10.0;7.8
CHM;198404;-;32;48;886.8;71.4;30.5;3.2;-;-6.2;17.0
CHM;198405;-;0;85;880.0;85.4;136.6;5.6;-;-1.0;15.5
CHM;198406;-;0;50;889.6;73.5;63.4;11.7;-;1.0;22.2
CHM;198407;-;0;39;892.4;67.2;41.8;14.7;-;3.5;27.4
CHM;198408;-;0;61;891.0;78.6;73.7;13.7;-;8.5;25.0
CHM;198409;-;0;75;886.0;92.0;224.5;9.4;-;1.5;23.2
CHM;198410;-;0;55;890.2;82.3;93.9;7.4;-;0.0;15.5
CHM;198411;-;0;59;883.1;73.5;87.9;5.4;-;-2.8;17.8
CHM;198412;-;2;54;890.8;84.7;64.8;0.1;-;-11.2;12.2
CHM;198501;-;24;68;879.4;89.9;117.1;-7.1;-;-22.4;4.0
CHM;198502;-;27;63;887.4;81.0;81.7;-2.0;-;-15.6;9.5
CHM;198503;-;36;80;883.4;85.8;66.8;-0.8;-;-10.4;10.4
CHM;198504;-;1;68;884.3;75.7;138.5;4.6;-;-4.6;17.0
CHM;198505;-;0;70;883.7;81.5;195.4;8.5;-;-1.8;21.2
CHM;198506;-;0;65;888.3;80.4;139.1;10.4;-;0.6;22.0
CHM;198507;-;0;44;891.7;76.7;68.8;15.6;-;6.4;26.6
CHM;198508;-;0;41;890.9;75.3;73.3;13.9;-;4.8;26.2
CHM;198509;-;0;24;894.3;76.5;34.6;13.1;-;1.6;22.5
CHM;198510;-;0;40;894.2;76.3;8.5;8.2;-;-2.6;21.0
CHM;198511;-;4;81;883.2;94.3;75.8;-2.3;-;-10.5;15.0
CHM;198512;-;2;51;888.3;78.9;52.3;1.6;-;-11.4;12.5
CHM;198601;-;41;85;881.4;92.2;213.2;-2.8;-;-12.0;5.5
CHM;198602;-;67;76;877.4;91.7;58.0;-7.0;-;-21.0;5.0
CHM;198603;-;62;65;885.4;85.3;89.8;0.7;-;-8.0;9.4
CHM;198604;-;16;84;880.4;88.8;166.4;1.8;-;-9.0;11.2
CHM;198605;-;0;69;890.4;81.4;78.7;10.8;-;-1.5;22.5
CHM;198606;-;0;51;889.6;77.2;77.5;12.5;-;-0.5;26.2
CHM;198607;-;0;50;891.5;70.3;76.9;14.4;-;3.5;26.0
CHM;198608;-;0;63;889.6;79.4;104.4;13.6;-;0.0;27.2
CHM;198609;-;0;46;892.2;81.8;43.0;11.1;-;3.5;23.0
CHM;198610;-;0;56;891.8;83.9;111.7;8.3;-;-2.0;21.5
CHM;198611;-;0;50;892.4;81.5;55.0;3.1;-;-5.5;12.5
CHM;198612;-;19;68;890.1;86.7;163.7;-0.7;-;-14.0;10.0
CHM;198701;-;54;69;884.0;93.7;89.1;-6.4;-;-24.0;5.6
CHM;198702;-;39;88;883.0;93.2;82.2;-1.4;-;-9.0;8.4
CHM;198703;-;40;75;885.3;88.0;97.6;-2.3;-;-12.0;8.6
CHM;198704;-;5;50;888.3;70.3;67.7;6.2;-;-6.0;18.2
CHM;198705;-;0;69;886.4;80.2;125.3;6.3;-;-2.6;17.6
CHM;198706;-;0;71;888.9;85.3;230.0;10.8;-;2.2;25.5
CHM;198707;-;0;64;889.9;83.2;181.9;14.9;-;3.6;25.0
CHM;198708;-;0;54;890.1;79.3;74.8;14.7;-;3.6;25.4
CHM;198709;-;0;46;891.8;77.3;209.5;14.2;-;1.2;26.0
CHM;198710;-;0;66;887.2;88.0;87.3;8.4;-;1.0;17.6
CHM;198711;-;4;71;886.4;91.4;114.5;2.1;-;-4.6;14.6
CHM;198712;-;2;60;889.4;83.3;60.8;1.4;-;-10.2;13.0
CHM;198801;-;3;68;883.3;86.2;150.8;1.0;-;-6.6;9.0
CHM;198802;-;49;65;884.1;86.5;174.6;-1.9;-;-9.2;10.0
CHM;198803;-;78;90;883.5;94.2;256.9;-0.6;-;-12.0;10.8
CHM;198804;-;16;64;885.0;80.2;46.5;5.7;-;-3.8;16.6
CHM;198805;-;0;75;885.3;83.3;90.5;10.3;-;2.0;21.0
CHM;198806;-;0;60;887.4;78.3;76.8;12.1;-;3.2;20.6
CHM;198807;-;0;49;890.2;74.4;102.2;14.6;-;5.6;27.0
CHM;198808;-;0;45;889.6;79.4;140.6;15.1;-;5.0;25.2
CHM;198809;-;0;55;891.5;86.6;131.6;10.7;-;2.8;21.0
CHM;198810;-;0;65;889.5;88.1;151.1;8.3;-;-2.4;20.6
CHM;198811;-;4;54;890.6;90.5;57.3;0.8;-;-12.6;12.6
CHM;198812;-;8;64;892.7;88.5;156.6;0.2;-;-9.4;8.8
CHM;198901;-;6;35;898.6;74.5;26.5;0.7;-;-7.2;10.6
CHM;198902;-;9;54;889.7;75.0;117.6;2.0;-;-5.6;12.0
CHM;198903;-;15;54;887.6;75.0;70.1;4.2;-;-5.0;17.6
CHM;198904;-;1;83;879.9;88.9;139.8;3.4;-;-3.2;14.0
CHM;198905;-;0;41;890.6;66.7;48.5;11.1;-;-0.4;21.6
CHM;198906;-;0;51;889.4;72.6;88.1;11.6;-;1.6;23.2
CHM;198907;-;0;54;892.6;73.0;75.1;15.7;-;6.0;26.8
CHM;198908;-;0;44;889.8;77.2;72.5;14.7;-;4.2;26.6
CHM;198909;-;0;58;891.1;84.3;35.9;11.2;-;2.6;22.4
CHM;198910;-;0;43;892.3;80.9;74.4;8.1;-;-2.0;18.6
CHM;198911;-;0;43;886.5;75.2;75.2;2.2;-;-10.0;13.0
CHM;198912;-;0;44;885.3;71.9;92.3;1.9;-;-7.2;15.0
CHM;199001;-;1;43;892.0;76.2;47.2;0.5;-;-7.0;8.2
CHM;199002;-;4;56;887.9;80.7;238.2;3.6;-;-3.4;14.0
CHM;199003;-;2;55;896.4;73.9;44.9;3.9;-;-8.4;18.2
CHM;199004;-;1;73;884.2;81.3;109.3;3.6;-;-2.8;16.0
CHM;199005;-;0;50;890.3;72.3;85.2;11.5;-;3.6;20.4
CHM;199006;-;0;64;888.2;81.1;233.8;11.8;-;2.6;24.6
CHM;199007;-;0;38;892.2;67.7;69.2;15.5;-;5.2;27.0
CHM;199008;-;0;39;893.1;68.7;92.4;15.9;-;5.0;26.2
CHM;199009;-;0;54;890.3;82.7;100.3;10.6;-;2.2;20.2
CHM;199010;-;0;64;886.3;85.6;120.1;8.7;-;1.0;20.0
CHM;199011;-;9;83;884.5;93.0;162.8;0.9;-;-5.8;8.4
CHM;199012;-;33;73;885.8;89.6;121.4;-2.8;-;-11.0;7.0
CHM;199101;-;17;70;891.7;85.5;84.7;-1.6;-;-11.4;10.6
CHM;199102;-;38;53;884.8;82.6;49.5;-2.5;-;-19.0;14.4
CHM;199103;-;3;69;884.1;83.2;100.4;4.3;-;-6.4;13.0
CHM;199104;-;1;63;885.9;73.4;66.8;4.3;-;-7.0;15.0
CHM;199105;-;0;55;888.8;74.0;56.2;6.6;-;-3.6;20.2
CHM;199106;-;0;65;888.5;78.7;153.9;11.3;-;2.4;24.4
CHM;199107;-;0;39;890.8;77.8;75.5;16.1;-;7.9;26.6
CHM;199108;-;0;26;892.9;71.0;42.7;16.8;-;7.0;27.0
CHM;199109;-;0;53;890.1;79.1;107.5;13.5;-;3.0;22.8
CHM;199110;-;0;55;888.1;85.2;86.4;6.1;-;-5.0;18.0
CHM;199111;-;0;66;885.6;85.4;118.8;1.8;-;-4.4;12.0
CHM;199112;-;5;44;895.3;75.3;155.7;-1.6;-;-8.4;9.0
CHM;199201;-;15;45;895.4;78.2;25.6;-1.3;-;-16.0;8.0
CHM;199202;-;33;46;893.9;77.2;96.5;0.0;-;-14.0;10.0
CHM;199203;-;7;69;887.0;78.7;92.1;2.6;-;-6.0;11.8
CHM;199204;-;1;59;884.5;74.4;122.3;5.1;-;-4.0;20.4
CHM;199205;-;0;53;890.3;72.2;64.9;11.4;-;0.0;23.4
CHM;199206;-;0;74;886.8;79.1;145.5;12.1;-;4.4;23.0
CHM;199207;-;0;51;891.6;77.7;128.3;15.4;-;7.4;27.0
CHM;199208;-;0;44;891.0;71.3;81.9;17.2;-;6.4;27.6
CHM;199209;-;0;56;892.2;81.6;68.9;11.3;-;2.0;21.4
CHM;199210;-;1;86;881.3;90.3;177.2;4.2;-;-5.2;14.6
CHM;199211;-;1;68;889.5;84.3;231.1;4.2;-;-7.2;14.8
CHM;199212;-;9;61;887.9;81.7;107.9;-0.4;-;-11.0;8.0
CHM;199301;-;4;58;895.4;80.5;59.6;1.2;-;-16.4;10.2
CHM;199302;-;9;35;894.1;68.2;42.8;-0.6;-;-14.8;10.4
CHM;199303;-;10;46;889.7;72.1;27.7;1.2;-;-11.6;15.6
CHM;199304;-;0;69;883.9;71.7;100.9;6.7;-;-3.8;18.6
CHM;199305;-;0;69;886.8;81.9;85.8;10.5;-;1.4;23.6
CHM;199306;-;0;53;890.2;88.3;134.2;13.2;-;4.4;24.4
CHM;199307;-;0;51;891.6;87.1;120.5;13.7;-;3.4;25.8
CHM;199308;-;0;43;892.1;86.3;167.8;14.7;-;4.4;27.0
CHM;199309;-;0;68;886.0;95.2;202.6;9.6;-;0.0;22.0
CHM;199310;-;0;76;885.3;94.6;170.3;5.0;-;-1.4;14.2
CHM;199311;-;7;75;887.5;94.3;40.5;-0.6;-;-11.4;15.8
CHM;199312;-;19;85;884.3;97.0;232.6;0.2;-;-9.4;10.2
CHM;199401;-;21;73;885.9;89.5;123.2;-0.5;-;-10.4;6.2
CHM;199402;-;30;76;883.4;91.7;92.4;-0.3;-;-11.4;10.0
CHM;199403;-;4;65;891.1;86.5;67.4;5.4;-;-1.8;17.0
CHM;199404;-;11;74;882.9;92.4;160.0;3.0;-;-5.4;19.4
CHM;199405;-;0;66;885.9;88.7;172.4;10.0;-;2.0;18.4
CHM;199406;-;0;59;892.1;84.4;76.0;13.5;-;1.0;25.0
CHM;199407;-;0;43;891.9;81.1;115.7;17.9;-;8.8;28.4
CHM;199408;-;0;44;890.3;87.1;149.3;16.2;-;7.0;27.4
CHM;199409;-;0;73;888.0;93.8;171.6;10.6;-;0.0;22.4
CHM;199410;-;0;55;888.4;86.8;92.9;7.6;-;-3.6;18.4
CHM;199411;-;0;63;891.2;92.9;54.3;5.8;-;-1.2;16.8
CHM;199412;-;0;66;891.1;90.9;142.9;0.7;-;-8.0;11.4
CHM;199501;-;43;75;886.8;91.8;286.8;-2.6;-;-14.4;4.8
CHM;199502;-;24;73;887.0;90.2;151.6;1.7;-;-6.8;10.8
CHM;199503;-;32;61;885.5;84.2;153.4;0.0;-;-10.6;13.2
CHM;199504;-;3;61;886.8;85.1;57.1;5.4;-;-3.8;16.8
CHM;199505;-;0;58;887.7;80.3;197.2;9.4;-;-1.4;21.2
CHM;199506;-;0;55;889.0;83.2;66.9;11.1;-;2.4;24.2
CHM;199507;-;0;43;890.6;80.6;77.9;17.3;-;8.8;29.0
CHM;199508;-;0;59;890.5;85.2;98.6;14.7;-;2.0;26.2
CHM;199509;-;0;66;886.8;92.5;181.3;8.8;-;-1.0;17.8
CHM;199510;-;0;48;894.4;91.4;19.6;10.7;-;3.0;21.0
CHM;199511;-;1;59;888.1;85.5;81.5;2.1;-;-9.2;15.6
CHM;199512;-;6;78;883.4;91.4;148.6;-1.1;-;-11.6;10.4
CHM;199601;-;5;59;882.4;82.3;29.5;0.8;-;-8.0;11.2
CHM;199602;-;36;70;881.3;89.6;119.2;-3.3;-;-18.8;8.2
CHM;199603;-;24;49;884.1;81.5;21.8;0.2;-;-11.6;14.0
CHM;199604;-;0;55;886.2;75.0;31.8;6.2;-;-5.4;20.2
CHM;199605;-;0;70;885.4;81.9;140.6;9.3;-;0.8;25.0
CHM;199606;-;0;56;892.7;77.4;85.5;13.0;-;3.0;25.3
CHM;199607;-;0;51;897.2;73.5;138.1;13.6;-;0.9;23.6
CHM;199608;-;0;63;895.6;82.8;185.1;13.1;-;5.9;24.6
CHM;199609;-;0;60;892.9;82.4;48.6;7.7;-;1.4;19.0
CHM;199610;-;0;68;895.9;83.9;97.2;6.5;-;-2.5;17.5
CHM;199611;-;11;76;889.7;88.1;219.7;1.2;-;-10.5;15.5
CHM;199612;-;33;69;887.8;85.9;76.1;-1.5;-;-15.0;7.4
CHM;199701;-;18;68;894.8;81.6;51.7;-0.9;-;-11.0;8.7
CHM;199702;-;9;54;899.0;76.3;83.4;1.2;-;-7.9;10.0
CHM;199703;-;0;50;900.3;74.8;27.4;4.1;-;-5.1;16.0
CHM;199704;-;0;38;895.2;64.1;53.4;4.2;-;-7.5;15.5
CHM;199705;-;0;53;894.0;72.0;71.0;9.2;-;-3.5;21.5
CHM;199706;-;0;71;891.4;76.7;174.9;11.6;-;0.3;24.0
CHM;199707;-;0;61;897.6;79.7;156.0;12.9;-;5.3;22.5
CHM;199708;-;0;48;897.7;80.3;99.3;15.9;-;5.0;24.6
CHM;199709;-;0;36;899.9;80.9;111.6;12.2;-;0.8;23.0
CHM;199710;-;0;49;894.9;81.7;73.3;6.0;-;-6.3;20.5
CHM;199711;-;0;65;887.4;85.2;87.1;2.6;-;-5.5;14.7
CHM;199712;-;5;80;890.3;88.3;151.3;-0.5;-;-10.5;9.5
CHM;199801;-;18;70;894.2;84.1;132.7;-1.1;-;-12.5;12.0
CHM;199802;-;16;34;901.1;70.9;25.4;1.9;-;-10.5;13.0
CHM;199803;-;0;61;898.4;70.0;35.3;2.1;-;-8.5;16.1
CHM;199804;-;2;78;885.0;79.5;167.6;3.8;-;-7.5;16.5
CHM;199805;-;0;42;894.0;67.0;57.5;10.6;-;-2.3;23.4
CHM;199806;-;0;57;897.0;72.4;85.9;12.9;-;0.5;26.5
CHM;199807;-;0;56;895.5;69.0;66.4;14.8;-;5.0;30.0
CHM;199808;-;0;41;898.2;70.2;95.6;14.7;-;2.5;29.5
CHM;199809;-;0;71;892.6;82.5;187.1;10.1;-;1.0;22.5
CHM;199810;-;0;80;894.4;83.8;147.0;6.2;-;0.0;15.5
CHM;199811;-;14;68;893.9;83.1;114.5;-1.1;-;-13.0;13.5
CHM;199812;-;24;61;897.2;78.8;67.6;-0.9;-;-13.5;9.5
CHM;199901;-;19;59;893.5;78.2;111.6;0.2;-;-11.5;10.0
CHM;199902;-;74;79;892.5;88.2;211.7;-3.3;-;-15.0;6.5
CHM;199903;-;37;64;890.0;78.3;86.9;2.3;-;-6.5;13.5
CHM;199904;-;2;75;892.1;82.3;165.6;4.3;-;-7.0;17.0
CHM;199905;-;0;68;894.8;76.8;128.0;11.6;-;4.3;23.5
CHM;199906;-;0;62;897.3;73.8;117.9;11.5;-;3.5;23.0
CHM;199907;-;0;51;896.6;73.1;107.1;15.3;-;6.5;26.0
CHM;199908;-;0;65;894.9;78.8;106.2;14.6;-;7.5;25.0
CHM;199909;-;0;61;893.8;79.6;120.0;13.1;-;5.0;23.5
CHM;199910;-;0;69;895.5;84.2;116.1;6.6;-;-0.5;18.5
CHM;199911;-;6;68;896.2;83.5;67.5;-0.2;-;-9.5;14.5
CHM;199912;-;13;75;891.4;83.0;227.0;-1.0;-;-14.0;9.0
CHM;200001;-;42;61;899.4;87.9;35.9;-2.6;-;-18.0;6.5
CHM;200002;-;19;66;899.0;81.2;169.0;0.5;-;-8.5;11.0
CHM;200003;-;3;61;896.4;75.3;45.8;2.2;-;-9.0;14.5
CHM;200004;-;0;68;886.9;73.7;74.7;6.0;-;-4.0;20.0
CHM;200005;-;0;59;895.2;72.5;141.3;11.2;-;1.5;22.0
CHM;200006;-;0;50;899.4;70.5;80.7;14.0;-;3.5;25.0
CHM;200007;-;0;66;894.3;76.3;148.9;12.1;-;3.0;25.0
CHM;200008;-;0;49;898.5;73.6;108.0;15.4;-;6.0;26.5
CHM;200009;-;0;51;895.2;78.4;77.7;12.0;-;3.5;22.5
CHM;200010;-;0;69;894.0;85.4;126.5;6.8;-;-1.5;15.0
CHM;200011;-;0;76;887.5;87.6;150.7;2.2;-;-5.5;11.0
CHM;200012;-;1;74;890.2;80.3;87.1;1.9;-;-7.5;11.5
CHM;200101;-;7;79;889.6;87.0;148.5;-1.1;-;-9.0;6.5
CHM;200102;-;4;70;894.1;77.7;72.4;-0.2;-;-11.5;11.5
CHM;200103;-;5;88;885.6;87.2;297.6;3.4;-;-7.5;14.5
CHM;200104;-;2;79;891.2;79.0;168.3;3.0;-;-5.5;15.0
CHM;200105;-;0;60;894.6;72.6;61.7;11.6;-;1.0;24.5
CHM;200106;-;0;56;896.8;72.3;118.7;11.6;-;-0.5;25.5
CHM;200107;-;0;51;896.2;72.5;98.2;14.9;-;5.0;26.0
CHM;200108;-;0;46;897.9;75.2;105.4;15.7;-;4.5;27.5
CHM;200109;-;0;80;894.0;85.5;113.5;7.8;-;0.5;19.0
CHM;200110;-;0;51;898.4;81.0;100.1;10.9;-;3.5;22.0
CHM;200111;-;3;69;897.1;87.6;102.5;-0.1;-;-7.0;12.5
CHM;200112;-;5;68;896.4;88.3;69.5;-3.9;-;-17.5;7.5
CHM;200201;-;15;49;900.7;79.0;54.0;-0.5;-;-12.5;14.5
CHM;200202;-;11;79;894.2;83.0;118.5;1.7;-;-12.0;11.5
CHM;200203;-;10;56;894.7;74.2;88.1;3.7;-;-6.0;14.5
CHM;200204;-;0;61;891.5;71.1;28.4;5.4;-;-3.5;15.5
CHM;200205;-;0;65;893.2;79.2;216.4;8.4;-;-0.5;22.5
CHM;200206;-;0;48;896.8;71.5;79.8;15.3;-;3.5;29.0
CHM;200207;-;0;55;895.8;76.1;95.5;14.2;-;6.0;25.0
CHM;200208;-;0;60;895.4;81.8;169.5;13.9;-;6.0;25.0
CHM;200209;-;0;65;896.1;83.9;73.3;9.6;-;-0.5;19.0
CHM;200210;-;0;66;893.3;81.7;202.1;7.1;-;-1.0;17.0
CHM;200211;-;0;88;888.7;90.4;284.6;3.2;-;-3.0;11.0
CHM;200212;-;2;88;891.9;91.2;119.8;1.0;-;-7.5;8.0
CHM;200301;-;9;77;891.3;86.1;116.2;-3.2;-;-14.5;9.1
CHM;200302;-;55;66;893.7;78.5;50.3;-3.9;-;-17.0;8.5
CHM;200303;-;8;44;898.5;67.0;22.6;4.4;-;-6.0;15.0
CHM;200304;-;0;54;892.5;68.9;56.1;5.6;-;-8.0;18.5
CHM;200305;-;0;68;896.9;75.4;61.7;10.7;-;-2.0;22.0
CHM;200306;-;0;39;897.4;65.3;60.7;18.7;-;10.5;30.5
CHM;200307;-;0;42;897.4;67.8;130.4;16.3;-;7.0;29.5
CHM;200308;-;0;30;898.7;62.5;106.4;19.5;-;7.0;31.5
CHM;200309;-;0;42;899.1;77.5;71.6;11.3;-;3.0;23.0
CHM;200310;-;1;69;890.8;87.5;153.1;3.6;-;-11.0;18.0
CHM;200311;-;1;48;893.9;80.4;49.7;4.2;-;-5.0;13.5
CHM;200312;-;4;53;894.1;76.4;56.1;0.2;-;-11.0;10.5
CHM;200401;-;24;85;888.3;86.7;252.3;-1.9;-;-13.0;8.5
CHM;200402;-;30;64;894.8;75.9;44.3;-0.6;-;-12.5;11.5
CHM;200403;-;16;60;895.6;76.9;75.1;0.9;-;-9.0;16.5
CHM;200404;-;1;64;890.2;76.4;33.4;5.5;-;-2.5;17.0
CHM;200405;-;0;54;892.7;71.6;77.1;8.3;-;-0.5;22.0
CHM;200406;-;0;57;897.7;72.3;100.5;12.9;-;5.0;26.0
CHM;200407;-;0;54;897.3;72.1;67.9;14.3;-;3.5;25.5
CHM;200408;-;0;59;895.2;77.8;231.7;14.8;-;5.5;27.0
CHM;200409;-;0;51;899.5;79.6;56.3;11.9;-;2.5;22.5
CHM;200410;-;0;73;891.9;85.1;244.0;8.6;-;0.0;21.0
CHM;200411;-;0;75;896.2;86.7;37.1;1.2;-;-7.0;14.5
CHM;200412;-;8;63;894.3;83.5;93.1;-0.6;-;-12.0;10.0
CHM;200501;-;25;54;898.0;78.3;83.4;-1.9;-;-15.5;10.5
CHM;200502;-;54;76;891.4;82.2;97.4;-4.4;-;-15.5;6.5
CHM;200503;-;34;58;892.8;77.4;61.9;1.8;-;-18.0;16.5
CHM;200504;-;3;70;891.8;75.9;159.8;5.4;-;-4.5;21.0
CHM;200505;-;0;56;895.9;71.1;102.1;10.2;-;0.0;25.5
CHM;200506;-;0;40;898.1;67.1;61.1;14.9;-;2.0;28.0
CHM;200507;-;0;51;896.5;70.8;78.9;15.1;-;5.0;29.5
CHM;200508;-;0;55;896.9;76.7;72.6;12.9;-;3.5;24.5
CHM;200509;-;0;59;897.5;81.9;87.2;12.1;-;2.5;24.0
CHM;200510;-;0;50;897.5;80.7;56.6;9.2;-;2.0;19.0
CHM;200511;-;4;57;893.8;82.6;66.4;1.4;-;-10.5;13.5
CHM;200512;-;40;72;892.6;89.5;115.5;-4.1;-;-16.5;3.0
CHM;200601;-;54;47;896.3;75.9;39.5;-2.7;-;-11.5;7.5
CHM;200602;-;59;75;889.4;85.0;84.4;-2.5;-;-11.0;6.5
CHM;200603;-;66;77;888.1;84.1;209.1;-0.5;-;-13.0;15.0
CHM;200604;-;4;62;892.5;77.7;166.0;5.1;-;-7.0;18.0
CHM;200605;-;0;71;895.6;76.2;183.9;9.3;-;-1.0;20.0
CHM;200606;-;0;43;899.1;69.5;69.2;14.4;-;-1.0;26.0
CHM;200607;-;0;39;899.7;67.1;83.8;19.1;-;10.5;29.0
CHM;200608;-;0;74;893.8;80.1;230.8;11.2;-;0.0;20.0
CHM;200609;-;0;58;896.0;81.7;177.9;14.1;-;6.5;24.5
CHM;200610;-;0;63;894.9;80.3;108.4;10.2;-;2.5;19.5
CHM;200611;-;0;53;897.2;76.8;56.3;5.1;-;-4.5;15.5
CHM;200612;-;0;52;900.3;77.8;66.0;0.9;-;-8.0;10.5
CHM;200701;-;5;69;897.8;84.1;100.9;1.3;-;-12.0;10.5
CHM;200702;-;2;62;890.1;77.8;115.0;2.3;-;-4.0;11.0
CHM;200703;-;5;60;891.6;78.4;128.0;2.4;-;-7.0;12.5
CHM;200704;-;0;35;896.2;64.4;25.2;10.6;-;-1.5;21.5
CHM;200705;-;0;66;892.0;75.0;197.4;10.6;-;-0.5;23.0
CHM;200706;-;0;71;893.6;78.8;140.5;13.0;-;4.5;24.5
CHM;200707;-;0;59;895.9;74.0;194.9;13.9;-;5.0;26.5
CHM;200708;-;0;57;895.3;77.6;259.2;13.6;-;5.5;25.5
CHM;200709;-;0;48;898.2;78.1;66.7;9.9;-;2.0;21.0
CHM;200710;-;0;59;899.2;82.8;13.4;6.3;-;-3.5;20.0
CHM;200711;-;5;62;895.4;80.4;95.4;0.6;-;-9.0;12.0
CHM;200712;-;22;63;898.2;79.0;146.4;-1.3;-;-11.5;6.0
CHM;200801;-;5;64;896.6;73.2;98.3;1.4;-;-9.0;10.0
CHM;200802;-;1;42;901.3;72.9;46.0;1.2;-;-8.5;13.0
CHM;200803;-;11;77;886.8;77.3;124.4;0.4;-;-12.5;11.5
CHM;200804;-;0;78;889.0;77.5;128.1;4.3;-;-9.5;17.0
CHM;200805;-;0;61;892.8;70.0;66.4;11.4;-;0.0;23.5
CHM;200806;-;0;60;896.3;75.5;70.9;13.5;-;3.0;27.0
CHM;200807;-;0;50;896.7;73.0;143.4;14.6;-;6.0;26.0
CHM;200808;-;0;53;896.0;76.2;140.2;14.2;-;4.0;24.0
CHM;200809;-;0;60;895.9;82.9;105.8;9.1;-;0.5;21.0
CHM;200810;-;1;62;896.4;82.0;127.6;7.0;-;-3.0;18.5
CHM;200811;-;5;72;892.1;84.4;56.3;1.8;-;-9.0;12.0
CHM;200812;-;30;75;892.9;85.3;135.4;-1.8;-;-9.5;7.0
CHM;200901;-;45;66;889.3;82.3;68.9;-3.7;-;-14.0;4.5
CHM;200902;-;72;78;890.0;83.9;123.3;-2.4;-;-13.0;9.5
CHM;200903;-;62;71;892.2;79.2;111.5;0.8;-;-6.5;10.5
CHM;200904;-;4;59;891.7;74.4;27.0;7.8;-;0.0;17.5
CHM;200905;-;0;56;898.2;71.4;55.3;12.1;-;0.5;27.0
CHM;200906;-;0;59;896.2;74.4;98.0;12.7;-;4.5;24.5
CHM;200907;-;0;60;897.5;71.9;140.9;15.1;-;6.5;25.0
CHM;200908;-;0;40;899.0;72.0;46.3;16.4;-;7.5;29.5
CHM;200909;-;0;56;899.0;79.1;48.1;12.7;-;3.0;25.0
CHM;200910;-;0;59;896.2;77.0;55.0;6.9;-;-5.0;23.5
CHM;200911;-;0;77;890.7;82.5;146.6;4.6;-;-1.5;15.5
CHM;200912;-;5;85;885.6;88.6;186.0;-2.0;-;-16.0;8.0
CHM;201001;-;16;82;888.4;88.4;73.1;-4.7;-;-11.5;3.0
CHM;201002;-;47;85;882.5;85.1;104.5;-2.6;-;-15.0;7.0
CHM;201003;-;12;67;893.2;73.0;70.9;0.8;-;-12.0;15.0
CHM;201004;-;0;53;895.7;66.7;22.3;6.8;-;-4.0;21.5
CHM;201005;-;0;81;892.6;79.6;128.5;7.8;-;0.0;23.0
CHM;201006;-;0;63;895.0;75.0;74.1;13.3;-;4.0;26.5
CHM;201007;-;0;50;898.9;69.0;42.6;17.0;-;8.0;29.0
CHM;201008;-;0;70;896.8;77.4;190.0;13.8;-;4.0;26.5
CHM;201009;-;0;58;895.5;76.9;32.6;10.4;-;-1.0;21.0
CHM;201010;-;0;65;892.9;78.6;35.4;6.2;-;-4.5;20.0
CHM;201011;-;4;82;885.9;86.3;151.0;1.7;-;-11.5;13.5
CHM;201012;-;11;80;887.9;82.0;147.9;-3.0;-;-13.0;9.0
CHM;201101;-;3;74;894.9;86.3;61.3;-1.5;-;-11.0;9.0
CHM;201102;-;2;65;894.6;77.0;38.8;1.1;-;-10.0;13.5
CHM;201103;-;1;53;896.5;72.8;32.5;3.5;-;-6.0;15.0
CHM;201104;-;0;38;896.5;61.2;14.7;9.5;-;-3.5;20.5
CHM;201105;-;0;48;898.3;66.3;49.8;11.9;-;0.5;24.5
CHM;201106;-;0;69;897.3;74.9;90.1;13.0;-;3.5;28.5
CHM;201107;-;0;61;894.4;71.0;161.4;12.8;-;4.5;26.5
CHM;201108;-;0;48;897.2;72.9;84.8;15.9;-;4.5;28.5
CHM;201109;-;0;49;899.0;78.2;113.0;13.7;-;3.5;25.0
CHM;201110;-;0;48;898.7;80.7;86.6;7.4;-;-4.0;21.5
CHM;201111;-;0;41;897.5;71.3;14.3;5.7;-;-3.0;16.5
CHM;201112;-;13;83;894.6;87.5;265.4;0.7;-;-7.5;9.0
CHM;201201;-;18;72;898.2;85.9;147.5;-0.7;-;-9.0;8.0
CHM;201202;-;33;58;897.9;75.6;29.7;-5.9;-;-19.0;12.5
CHM;201203;-;4;35;901.8;65.3;19.1;5.7;-;-6.0;16.0
CHM;201204;-;0;82;884.7;76.3;109.4;5.4;-;-3.5;23.0
CHM;201205;-;0;60;894.6;69.7;83.2;10.5;-;-0.5;24.5
CHM;201206;-;0;61;895.2;75.7;133.0;13.9;-;5.0;27.5
CHM;201207;-;0;55;896.8;72.2;120.8;14.6;-;6.0;28.5
CHM;201208;-;0;48;898.1;71.3;154.4;16.4;-;5.5;29.5
CHM;201209;-;0;68;895.8;80.2;116.4;11.4;-;3.0;23.5
CHM;201210;-;0;68;891.9;80.4;112.4;7.7;-;-5.5;21.5
CHM;201211;-;1;69;890.8;81.0;185.5;3.7;-;-7.0;12.0
CHM;201212;-;35;84;891.5;86.5;257.7;-1.1;-;-13.0;17.0
CHM;201301;-;11;74;890.7;82.7;76.6;-1.5;-;-13.0;11.0
CHM;201302;-;31;89;888.7;87.0;119.2;-4.7;-;-13.5;5.5
CHM;201303;-;14;81;883.3;80.4;93.9;-0.4;-;-11.0;9.5
CHM;201304;-;3;77;892.2;80.5;101.7;5.2;-;-5.0;19.5
CHM;201305;-;0;81;890.6;81.3;162.5;6.9;-;-1.5;17.5
CHM;201306;-;0;62;897.2;73.5;171.8;12.5;-;2.5;28.0
CHM;201307;-;0;43;899.5;69.3;129.7;17.3;-;7.5;29.0
CHM;201308;-;0;47;898.6;71.1;102.7;15.4;-;6.0;28.0
CHM;201309;143;0;61;890.1;82.3;117.3;11.8;-;2.2;22.1
CHM;201310;83;0;79;888.9;88.0;124.0;8.7;5086;-0.5;18.1
CHM;201311;45;4;81;885.2;87.4;120.4;1.0;2951;-8.4;12.0
CHM;201312;54;11;46;891.4;70.5;102.4;1.8;7344;-5.2;10.8
CHM;201401;44;9;79;880.6;86.0;89.9;0.6;2833;-6.2;10.6
CHM;201402;74;23;78;880.8;86.0;105.4;0.5;4271;-3.6;6.9
CHM;201403;164;7;48;886.7;69.4;32.9;4.5;12239;-3.8;15.5
CHM;201404;185;0;65;885.6;72.5;79.0;7.3;10341;-1.9;16.0
CHM;201405;201;0;72;887.7;77.4;114.0;8.4;9125;0.3;20.1
CHM;201406;272;0;48;889.7;66.5;56.4;14.5;15479;5.3;26.9
CHM;201407;196;0;74;888.5;81.8;210.7;14.2;8875;5.8;25.4
CHM;201408;174;0;73;888.5;81.6;103.1;12.5;7403;5.7;22.2
CHM;201409;157;0;56;890.4;82.9;44.4;12.4;9860;2.4;21.1
CHM;201410;98;0;67;889.8;85.7;99.1;10.1;7206;-1.0;18.6
CHM;201411;57;0;70;882.8;81.1;101.3;6.1;5041;-0.6;15.3
CHM;201412;33;6;78;889.1;84.4;63.3;0.5;2985;-13.2;12.9
CHM;201501;42;15;76;887.2;82.6;113.1;-0.5;3034;-6.7;9.0
CHM;201502;88;46;67;883.9;80.3;54.5;-2.2;6127;-9.6;8.1
CHM;201503;141;17;60;889.1;72.4;78.7;3.3;10381;-3.9;12.1
CHM;201504;206;0;50;890.5;63.5;89.6;6.8;12800;-2.6;17.9
CHM;201505;212;0;69;888.8;73.6;124.2;10.1;10888;0.3;24.1
CHM;201506;272;0;57;891.8;73.3;100.8;14.5;14888;5.3;25.5
CHM;201507;287;0;40;891.2;61.2;52.2;18.5;18147;7.2;31.4
CHM;201508;204;0;53;890.5;71.6;95.5;16.6;13019;6.6;29.4
CHM;201509;145;0;55;889.2;79.0;73.8;9.4;8686;3.1;19.3
CHM;201510;88;0;75;888.2;86.7;50.3;6.2;5718;-1.4;15.7
CHM;201511;71;3;57;892.1;73.7;104.5;5.9;7208;-6.5;16.1
CHM;201512;57;0;36;897.9;75.9;17.7;4.7;8318;-1.9;11.9
CHM;201601;44;17;81;884.8;85.4;179.0;0.4;2944;-11.4;11.1
CHM;201602;55;9;88;882.7;87.6;103.1;0.1;2447;-5.5;10.4
CHM;201603;126;17;69;883.0;80.1;63.0;1.0;6909;-6.6;14.8
CHM;201604;154;0;73;883.8;79.0;130.3;5.0;6747;-4.2;17.4
CHM;201605;200;0;66;885.7;77.0;154.1;8.8;10141;-1.0;20.7
CHM;201606;197;0;75;888.4;84.6;191.3;12.4;7056;6.1;26.0
CHM;201607;248;0;53;892.3;73.2;59.8;15.9;14551;5.6;26.8
CHM;201608;233;0;43;893.6;70.2;42.1;16.0;15254;5.2;27.0
CHM;201609;167;0;48;892.1;77.4;68.1;13.9;11672;6.7;22.4
CHM;201610;91;0;65;890.3;83.3;85.5;6.1;6844;-0.1;15.2
CHM;201611;54;5;80;885.5;84.7;90.9;2.4;4504;-6.8;13.6
CHM;201612;63;0;28;897.3;59.1;1.5;3.2;10305;-4.8;11.8
CHM;201701;52;19;68;889.0;75.6;59.6;-3.6;5059;-13.7;6.6
CHM;201702;92;14;67;887.0;78.6;53.1;2.0;6801;-5.1;12.7
CHM;201703;145;2;61;888.0;75.1;77.8;5.4;10173;-3.2;15.1
CHM;201704;209;1;46;889.4;68.9;45.8;5.4;13209;-5.9;18.2
CHM;201705;224;0;59;889.2;74.6;67.7;10.7;12272;0.0;24.3
CHM;201706;283;0;50;889.8;71.0;69.7;15.9;15268;4.1;27.9
CHM;201707;229;0;65;890.6;72.7;76.6;15.8;11312;7.6;27.5
CHM;201708;206;0;58;892.0;72.9;91.7;16.3;12179;6.7;27.1
CHM;201709;138;0;74;889.1;79.2;33.0;9.6;7500;3.0;19.4
CHM;201710;116;0;48;893.7;73.2;35.7;9.1;10407;-0.7;19.3
CHM;201711;49;3;76;887.2;82.6;112.7;1.7;3926;-6.4;11.6
CHM;201712;41;28;72;886.2;86.6;172.7;-1.3;3815;-9.4;7.7
CHM;201801;40;10;82;885.9;88.7;215.0;1.6;2578;-4.1;8.7
CHM;201802;66;7;85;881.5;87.0;51.5;-5.1;2918;-16.2;5.4
CHM;201803;102;7;84;874.9;84.8;118.3;0.7;3845;-8.8;8.7
CHM;201804;219;0;50;885.4;64.3;25.0;9.6;13361;-2.0;20.3
CHM;201805;199;0;68;887.3;79.3;115.2;11.2;9647;1.8;20.9
CHM;201806;267;0;51;889.8;76.3;119.9;14.3;14179;6.1;24.0
CHM;201807;269;0;41;890.4;66.4;85.5;17.6;16922;7.7;26.6
CHM;201808;219;0;51;891.8;68.6;67.0;17.1;13870;4.7;27.4
CHM;201809;176;0;43;893.7;72.2;61.2;13.5;13155;3.0;23.8
CHM;201810;120;1;45;888.8;72.6;32.6;9.3;11198;-2.5;19.3
CHM;201811;52;0;78;886.2;85.6;48.7;3.7;3803;-5.4;14.5
CHM;201812;35;3;79;890.6;81.6;180.9;1.5;2972;-7.4;10.7