stn;time;gre000m0;hto000m0;nto000m0;prestam0;rre150m0;tre200m0;sre000m0;tre200mn;tre200mx;ure200m0
GRH;186801;-;-;-;-;193.0;-;-;-;-;-
GRH;186802;-;-;-;-;54.9;-;-;-;-;-
GRH;186803;-;-;-;-;458.0;-;-;-;-;-
GRH;186804;-;-;-;-;270.3;-;-;-;-;-
GRH;186805;-;-;-;-;66.9;-;-;-;-;-
GRH;186806;-;-;-;-;127.4;-;-;-;-;-
GRH;186807;-;-;-;-;115.0;-;-;-;-;-
GRH;186808;-;-;-;-;109.5;-;-;-;-;-
GRH;186809;-;-;-;-;142.1;-;-;-;-;-
GRH;186810;-;-;-;-;316.3;-;-;-;-;-
GRH;186811;-;-;-;-;116.1;-;-;-;-;-
GRH;186812;-;-;-;-;160.9;-;-;-;-;-
GRH;186901;-;-;-;-;164.7;-;-;-;-;-
GRH;186902;-;-;-;-;81.2;-;-;-;-;-
GRH;186903;-;-;-;-;279.0;-;-;-;-;-
GRH;186904;-;-;-;-;112.4;-;-;-;-;-
GRH;186905;-;-;-;-;248.7;-;-;-;-;-
GRH;186906;-;-;-;-;219.8;-;-;-;-;-
GRH;186907;-;-;-;-;74.4;-;-;-;-;-
GRH;186908;-;-;-;-;161.6;-;-;-;-;-
GRH;186909;-;-;-;-;56.4;-;-;-;-;-
GRH;186910;-;-;-;-;100.7;-;-;-;-;-
GRH;186911;-;-;-;-;271.7;-;-;-;-;-
GRH;186912;-;-;-;-;250.3;-;-;-;-;-
GRH;187001;-;-;-;-;86.7;-;-;-;-;-
GRH;187002;-;-;-;-;51.1;-;-;-;-;-
GRH;187003;-;-;-;-;145.4;-;-;-;-;-
GRH;187004;-;-;-;-;75.3;-;-;-;-;-
GRH;187005;-;-;-;-;35.4;-;-;-;-;-
GRH;187006;-;-;-;-;84.2;-;-;-;-;-
GRH;187007;-;-;-;-;74.4;-;-;-;-;-
GRH;187008;-;-;-;-;238.1;-;-;-;-;-
GRH;187009;-;-;-;-;54.0;-;-;-;-;-
GRH;187010;-;-;-;-;404.9;-;-;-;-;-
GRH;187011;-;-;-;-;209.0;-;-;-;-;-
GRH;187012;-;-;-;-;97.2;-;-;-;-;-
GRH;187101;-;-;-;-;52.1;-;-;-;-;-
GRH;187102;-;-;-;-;79.7;-;-;-;-;-
GRH;187103;-;-;-;-;128.3;-;-;-;-;-
GRH;187104;-;-;-;-;310.8;-;-;-;-;-
GRH;187105;-;-;-;-;70.9;-;-;-;-;-
GRH;187106;-;-;-;-;396.8;-;-;-;-;-
GRH;187107;-;-;-;-;140.1;-;-;-;-;-
GRH;187108;-;-;-;-;39.1;-;-;-;-;-
GRH;187109;-;-;-;-;5.5;-;-;-;-;-
GRH;187110;-;-;-;-;61.6;-;-;-;-;-
GRH;187111;-;-;-;-;133.8;-;-;-;-;-
GRH;187112;-;-;-;-;43.7;-;-;-;-;-
GRH;187201;-;-;-;-;103.5;-;-;-;-;-
GRH;187202;-;-;-;-;100.7;-;-;-;-;-
GRH;187203;-;-;-;-;111.2;-;-;-;-;-
GRH;187204;-;-;-;-;195.1;-;-;-;-;-
GRH;187205;-;-;-;-;405.2;-;-;-;-;-
GRH;187206;-;-;-;-;208.8;-;-;-;-;-
GRH;187207;-;-;-;-;79.0;-;-;-;-;-
GRH;187208;-;-;-;-;-;-;-;-;-;-
GRH;187209;-;-;-;-;-;-;-;-;-;-
GRH;187210;-;-;-;-;-;-;-;-;-;-
GRH;187211;-;-;-;-;-;-;-;-;-;-
GRH;187212;-;-;-;-;-;-;-;-;-;-
GRH;187301;-;-;-;-;-;-;-;-;-;-
GRH;187302;-;-;-;-;-;-;-;-;-;-
GRH;187303;-;-;-;-;-;-;-;-;-;-
GRH;187304;-;-;-;-;-;-;-;-;-;-
GRH;187305;-;-;-;-;-;-;-;-;-;-
GRH;187306;-;-;-;-;-;-;-;-;-;-
GRH;187307;-;-;-;-;-;-;-;-;-;-
GRH;187308;-;-;-;-;-;-;-;-;-;-
GRH;187309;-;-;-;-;-;-;-;-;-;-
GRH;187310;-;-;-;-;-;-;-;-;-;-
GRH;187311;-;-;-;-;-;-;-;-;-;-
GRH;187312;-;-;-;-;-;-;-;-;-;-
GRH;187401;-;-;-;-;-;-;-;-;-;-
GRH;187402;-;-;-;-;-;-;-;-;-;-
GRH;187403;-;-;-;-;-;-;-;-;-;-
GRH;187404;-;-;-;-;-;-;-;-;-;-
GRH;187405;-;-;-;-;-;-;-;-;-;-
GRH;187406;-;-;-;-;-;-;-;-;-;-
GRH;187407;-;-;-;-;-;-;-;-;-;-
GRH;187408;-;-;-;-;-;-;-;-;-;-
GRH;187409;-;-;-;-;-;-;-;-;-;-
GRH;187410;-;-;-;-;-;-;-;-;-;-
GRH;187411;-;-;-;-;-;-;-;-;-;-
GRH;187412;-;-;-;-;-;-;-;-;-;-
GRH;187501;-;-;-;-;-;-;-;-;-;-
GRH;187502;-;-;-;-;-;-;-;-;-;-
GRH;187503;-;-;-;-;-;-;-;-;-;-
GRH;187504;-;-;-;-;-;-;-;-;-;-
GRH;187505;-;-;-;-;-;-;-;-;-;-
GRH;187506;-;-;-;-;-;-;-;-;-;-
GRH;187507;-;-;-;-;-;-;-;-;-;-
GRH;187508;-;-;-;-;-;-;-;-;-;-
GRH;187509;-;-;-;-;-;-;-;-;-;-
GRH;187510;-;-;-;-;-;-;-;-;-;-
GRH;187511;-;-;-;-;-;-;-;-;-;-
GRH;187512;-;-;-;-;-;-;-;-;-;-
GRH;187601;-;-;-;-;-;-;-;-;-;-
GRH;187602;-;-;-;-;-;-;-;-;-;-
GRH;187603;-;-;-;-;-;-;-;-;-;-
GRH;187604;-;-;-;-;-;-;-;-;-;-
GRH;187605;-;-;-;-;-;-;-;-;-;-
GRH;187606;-;-;-;-;-;-;-;-;-;-
GRH;187607;-;-;-;-;-;-;-;-;-;-
GRH;187608;-;-;-;-;-;-;-;-;-;-
GRH;187609;-;-;-;-;-;-;-;-;-;-
GRH;187610;-;-;-;-;-;-;-;-;-;-
GRH;187611;-;-;-;-;-;-;-;-;-;-
GRH;187612;-;-;-;-;-;-;-;-;-;-
GRH;187701;-;-;-;-;-;-;-;-;-;-
GRH;187702;-;-;-;-;-;-;-;-;-;-
GRH;187703;-;-;-;-;-;-;-;-;-;-
GRH;187704;-;-;-;-;-;-;-;-;-;-
GRH;187705;-;-;-;-;-;-;-;-;-;-
GRH;187706;-;-;-;-;-;-;-;-;-;-
GRH;187707;-;-;-;-;-;-;-;-;-;-
GRH;187708;-;-;-;-;-;-;-;-;-;-
GRH;187709;-;-;-;-;-;-;-;-;-;-
GRH;187710;-;-;-;-;-;-;-;-;-;-
GRH;187711;-;-;-;-;-;-;-;-;-;-
GRH;187712;-;-;-;-;-;-;-;-;-;-
GRH;187801;-;-;-;-;-;-;-;-;-;-
GRH;187802;-;-;-;-;-;-;-;-;-;-
GRH;187803;-;-;-;-;-;-;-;-;-;-
GRH;187804;-;-;-;-;-;-;-;-;-;-
GRH;187805;-;-;-;-;-;-;-;-;-;-
GRH;187806;-;-;-;-;-;-;-;-;-;-
GRH;187807;-;-;-;-;-;-;-;-;-;-
GRH;187808;-;-;-;-;-;-;-;-;-;-
GRH;187809;-;-;-;-;-;-;-;-;-;-
GRH;187810;-;-;-;-;-;-;-;-;-;-
GRH;187811;-;-;-;-;-;-;-;-;-;-
GRH;187812;-;-;-;-;-;-;-;-;-;-
GRH;187901;-;-;-;-;-;-;-;-;-;-
GRH;187902;-;-;-;-;-;-;-;-;-;-
GRH;187903;-;-;-;-;-;-;-;-;-;-
GRH;187904;-;-;-;-;-;-;-;-;-;-
GRH;187905;-;-;-;-;-;-;-;-;-;-
GRH;187906;-;-;-;-;-;-;-;-;-;-
GRH;187907;-;-;-;-;-;-;-;-;-;-
GRH;187908;-;-;-;-;-;-;-;-;-;-
GRH;187909;-;-;-;-;-;-;-;-;-;-
GRH;187910;-;-;-;-;-;-;-;-;-;-
GRH;187911;-;-;-;-;-;-;-;-;-;-
GRH;187912;-;-;-;-;-;-;-;-;-;-
GRH;188001;-;-;-;-;-;-;-;-;-;-
GRH;188002;-;-;-;-;-;-;-;-;-;-
GRH;188003;-;-;-;-;-;-;-;-;-;-
GRH;188004;-;-;-;-;-;-;-;-;-;-
GRH;188005;-;-;-;-;-;-;-;-;-;-
GRH;188006;-;-;-;-;-;-;-;-;-;-
GRH;188007;-;-;-;-;-;-;-;-;-;-
GRH;188008;-;-;-;-;-;-;-;-;-;-
GRH;188009;-;-;-;-;-;-;-;-;-;-
GRH;188010;-;-;-;-;-;-;-;-;-;-
GRH;188011;-;-;-;-;-;-;-;-;-;-
GRH;188012;-;-;-;-;-;-;-;-;-;-
GRH;188101;-;-;-;-;-;-;-;-;-;-
GRH;188102;-;-;-;-;-;-;-;-;-;-
GRH;188103;-;-;-;-;-;-;-;-;-;-
GRH;188104;-;-;-;-;-;-;-;-;-;-
GRH;188105;-;-;-;-;-;-;-;-;-;-
GRH;188106;-;-;-;-;-;-;-;-;-;-
GRH;188107;-;-;-;-;-;-;-;-;-;-
GRH;188108;-;-;-;-;-;-;-;-;-;-
GRH;188109;-;-;-;-;-;-;-;-;-;-
GRH;188110;-;-;-;-;-;-;-;-;-;-
GRH;188111;-;-;-;-;-;-;-;-;-;-
GRH;188112;-;-;-;-;-;-;-;-;-;-
GRH;188201;-;-;-;-;-;-;-;-;-;-
GRH;188202;-;-;-;-;-;-;-;-;-;-
GRH;188203;-;-;-;-;-;-;-;-;-;-
GRH;188204;-;-;-;-;-;-;-;-;-;-
GRH;188205;-;-;-;-;-;-;-;-;-;-
GRH;188206;-;-;-;-;-;-;-;-;-;-
GRH;188207;-;-;-;-;-;-;-;-;-;-
GRH;188208;-;-;-;-;-;-;-;-;-;-
GRH;188209;-;-;-;-;-;-;-;-;-;-
GRH;188210;-;-;-;-;-;-;-;-;-;-
GRH;188211;-;-;-;-;-;-;-;-;-;-
GRH;188212;-;-;-;-;-;-;-;-;-;-
GRH;188301;-;-;-;-;-;-;-;-;-;-
GRH;188302;-;-;-;-;-;-;-;-;-;-
GRH;188303;-;-;-;-;-;-;-;-;-;-
GRH;188304;-;-;-;-;-;-;-;-;-;-
GRH;188305;-;-;-;-;-;-;-;-;-;-
GRH;188306;-;-;-;-;-;-;-;-;-;-
GRH;188307;-;-;-;-;-;-;-;-;-;-
GRH;188308;-;-;-;-;-;-;-;-;-;-
GRH;188309;-;-;-;-;-;-;-;-;-;-
GRH;188310;-;-;-;-;-;-;-;-;-;-
GRH;188311;-;-;-;-;-;-;-;-;-;-
GRH;188312;-;-;-;-;-;-;-;-;-;-
GRH;188401;-;-;-;-;-;-;-;-;-;-
GRH;188402;-;-;-;-;-;-;-;-;-;-
GRH;188403;-;-;-;-;-;-;-;-;-;-
GRH;188404;-;-;-;-;-;-;-;-;-;-
GRH;188405;-;-;-;-;-;-;-;-;-;-
GRH;188406;-;-;-;-;-;-;-;-;-;-
GRH;188407;-;-;-;-;-;-;-;-;-;-
GRH;188408;-;-;-;-;-;-;-;-;-;-
GRH;188409;-;-;-;-;-;-;-;-;-;-
GRH;188410;-;-;-;-;-;-;-;-;-;-
GRH;188411;-;-;-;-;-;-;-;-;-;-
GRH;188412;-;-;-;-;-;-;-;-;-;-
GRH;188501;-;-;-;-;-;-;-;-;-;-
GRH;188502;-;-;-;-;-;-;-;-;-;-
GRH;188503;-;-;-;-;-;-;-;-;-;-
GRH;188504;-;-;-;-;-;-;-;-;-;-
GRH;188505;-;-;-;-;-;-;-;-;-;-
GRH;188506;-;-;-;-;-;-;-;-;-;-
GRH;188507;-;-;-;-;-;-;-;-;-;-
GRH;188508;-;-;-;-;-;-;-;-;-;-
GRH;188509;-;-;-;-;-;-;-;-;-;-
GRH;188510;-;-;-;-;-;-;-;-;-;-
GRH;188511;-;-;-;-;-;-;-;-;-;-
GRH;188512;-;-;-;-;-;-;-;-;-;-
GRH;188601;-;-;-;-;-;-;-;-;-;-
GRH;188602;-;-;-;-;-;-;-;-;-;-
GRH;188603;-;-;-;-;-;-;-;-;-;-
GRH;188604;-;-;-;-;-;-;-;-;-;-
GRH;188605;-;-;-;-;-;-;-;-;-;-
GRH;188606;-;-;-;-;-;-;-;-;-;-
GRH;188607;-;-;-;-;-;-;-;-;-;-
GRH;188608;-;-;-;-;-;-;-;-;-;-
GRH;188609;-;-;-;-;-;-;-;-;-;-
GRH;188610;-;-;-;-;-;-;-;-;-;-
GRH;188611;-;-;-;-;-;-;-;-;-;-
GRH;188612;-;-;-;-;-;-;-;-;-;-
GRH;188701;-;-;-;-;-;-;-;-;-;-
GRH;188702;-;-;-;-;-;-;-;-;-;-
GRH;188703;-;-;-;-;-;-;-;-;-;-
GRH;188704;-;-;-;-;-;-;-;-;-;-
GRH;188705;-;-;-;-;-;-;-;-;-;-
GRH;188706;-;-;-;-;-;-;-;-;-;-
GRH;188707;-;-;-;-;-;-;-;-;-;-
GRH;188708;-;-;-;-;-;-;-;-;-;-
GRH;188709;-;-;-;-;-;-;-;-;-;-
GRH;188710;-;-;-;-;-;-;-;-;-;-
GRH;188711;-;-;-;-;-;-;-;-;-;-
GRH;188712;-;-;-;-;-;-;-;-;-;-
GRH;188801;-;-;-;-;-;-;-;-;-;-
GRH;188802;-;-;-;-;-;-;-;-;-;-
GRH;188803;-;-;-;-;-;-;-;-;-;-
GRH;188804;-;-;-;-;-;-;-;-;-;-
GRH;188805;-;-;-;-;-;-;-;-;-;-
GRH;188806;-;-;-;-;-;-;-;-;-;-
GRH;188807;-;-;-;-;-;-;-;-;-;-
GRH;188808;-;-;-;-;-;-;-;-;-;-
GRH;188809;-;-;-;-;-;-;-;-;-;-
GRH;188810;-;-;-;-;-;-;-;-;-;-
GRH;188811;-;-;-;-;-;-;-;-;-;-
GRH;188812;-;-;-;-;-;-;-;-;-;-
GRH;188901;-;-;-;-;-;-;-;-;-;-
GRH;188902;-;-;-;-;-;-;-;-;-;-
GRH;188903;-;-;-;-;-;-;-;-;-;-
GRH;188904;-;-;-;-;-;-;-;-;-;-
GRH;188905;-;-;-;-;-;-;-;-;-;-
GRH;188906;-;-;-;-;-;-;-;-;-;-
GRH;188907;-;-;-;-;-;-;-;-;-;-
GRH;188908;-;-;-;-;-;-;-;-;-;-
GRH;188909;-;-;-;-;-;-;-;-;-;-
GRH;188910;-;-;-;-;-;-;-;-;-;-
GRH;188911;-;-;-;-;-;-;-;-;-;-
GRH;188912;-;-;-;-;-;-;-;-;-;-
GRH;189001;-;-;-;-;-;-;-;-;-;-
GRH;189002;-;-;-;-;-;-;-;-;-;-
GRH;189003;-;-;-;-;-;-;-;-;-;-
GRH;189004;-;-;-;-;-;-;-;-;-;-
GRH;189005;-;-;-;-;-;-;-;-;-;-
GRH;189006;-;-;-;-;-;-;-;-;-;-
GRH;189007;-;-;-;-;-;-;-;-;-;-
GRH;189008;-;-;-;-;-;-;-;-;-;-
GRH;189009;-;-;-;-;-;-;-;-;-;-
GRH;189010;-;-;-;-;-;-;-;-;-;-
GRH;189011;-;-;-;-;-;-;-;-;-;-
GRH;189012;-;-;-;-;-;-;-;-;-;-
GRH;189101;-;-;-;-;-;-;-;-;-;-
GRH;189102;-;-;-;-;-;-;-;-;-;-
GRH;189103;-;-;-;-;-;-;-;-;-;-
GRH;189104;-;-;-;-;-;-;-;-;-;-
GRH;189105;-;-;-;-;-;-;-;-;-;-
GRH;189106;-;-;-;-;-;-;-;-;-;-
GRH;189107;-;-;-;-;-;-;-;-;-;-
GRH;189108;-;-;-;-;-;-;-;-;-;-
GRH;189109;-;-;-;-;-;-;-;-;-;-
GRH;189110;-;-;-;-;-;-;-;-;-;-
GRH;189111;-;-;-;-;-;-;-;-;-;-
GRH;189112;-;-;-;-;-;-;-;-;-;-
GRH;189201;-;-;-;-;-;-;-;-;-;-
GRH;189202;-;-;-;-;-;-;-;-;-;-
GRH;189203;-;-;-;-;-;-;-;-;-;-
GRH;189204;-;-;-;-;-;-;-;-;-;-
GRH;189205;-;-;-;-;-;-;-;-;-;-
GRH;189206;-;-;-;-;-;-;-;-;-;-
GRH;189207;-;-;-;-;-;-;-;-;-;-
GRH;189208;-;-;-;-;-;-;-;-;-;-
GRH;189209;-;-;-;-;-;-;-;-;-;-
GRH;189210;-;-;-;-;-;-;-;-;-;-
GRH;189211;-;-;-;-;-;-;-;-;-;-
GRH;189212;-;-;-;-;-;-;-;-;-;-
GRH;189301;-;-;-;-;-;-;-;-;-;-
GRH;189302;-;-;-;-;-;-;-;-;-;-
GRH;189303;-;-;-;-;-;-;-;-;-;-
GRH;189304;-;-;-;-;-;-;-;-;-;-
GRH;189305;-;-;-;-;-;-;-;-;-;-
GRH;189306;-;-;-;-;-;-;-;-;-;-
GRH;189307;-;-;-;-;-;-;-;-;-;-
GRH;189308;-;-;-;-;-;-;-;-;-;-
GRH;189309;-;-;-;-;-;-;-;-;-;-
GRH;189310;-;-;-;-;-;-;-;-;-;-
GRH;189311;-;-;-;-;-;-;-;-;-;-
GRH;189312;-;-;-;-;-;-;-;-;-;-
GRH;189401;-;-;-;-;-;-;-;-;-;-
GRH;189402;-;-;-;-;-;-;-;-;-;-
GRH;189403;-;-;-;-;-;-;-;-;-;-
GRH;189404;-;-;-;-;-;-;-;-;-;-
GRH;189405;-;-;-;-;-;-;-;-;-;-
GRH;189406;-;-;-;-;-;-;-;-;-;-
GRH;189407;-;-;-;-;-;-;-;-;-;-
GRH;189408;-;-;-;-;-;-;-;-;-;-
GRH;189409;-;-;-;-;-;-;-;-;-;-
GRH;189410;-;-;-;-;-;-;-;-;-;-
GRH;189411;-;-;-;-;-;-;-;-;-;-
GRH;189412;-;-;-;-;-;-;-;-;-;-
GRH;189501;-;-;-;-;-;-;-;-;-;-
GRH;189502;-;-;-;-;-;-;-;-;-;-
GRH;189503;-;-;-;-;-;-;-;-;-;-
GRH;189504;-;-;-;-;-;-;-;-;-;-
GRH;189505;-;-;-;-;-;-;-;-;-;-
GRH;189506;-;-;-;-;-;-;-;-;-;-
GRH;189507;-;-;-;-;-;-;-;-;-;-
GRH;189508;-;-;-;-;-;-;-;-;-;-
GRH;189509;-;-;-;-;-;-;-;-;-;-
GRH;189510;-;-;-;-;-;-;-;-;-;-
GRH;189511;-;-;-;-;-;-;-;-;-;-
GRH;189512;-;-;-;-;-;-;-;-;-;-
GRH;189601;-;-;-;-;-;-;-;-;-;-
GRH;189602;-;-;-;-;-;-;-;-;-;-
GRH;189603;-;-;-;-;-;-;-;-;-;-
GRH;189604;-;-;-;-;-;-;-;-;-;-
GRH;189605;-;-;-;-;-;-;-;-;-;-
GRH;189606;-;-;-;-;-;-;-;-;-;-
GRH;189607;-;-;-;-;-;-;-;-;-;-
GRH;189608;-;-;-;-;-;-;-;-;-;-
GRH;189609;-;-;-;-;-;-;-;-;-;-
GRH;189610;-;-;-;-;-;-;-;-;-;-
GRH;189611;-;-;-;-;-;-;-;-;-;-
GRH;189612;-;-;-;-;-;-;-;-;-;-
GRH;189701;-;-;-;-;-;-;-;-;-;-
GRH;189702;-;-;-;-;-;-;-;-;-;-
GRH;189703;-;-;-;-;-;-;-;-;-;-
GRH;189704;-;-;-;-;-;-;-;-;-;-
GRH;189705;-;-;-;-;-;-;-;-;-;-
GRH;189706;-;-;-;-;-;-;-;-;-;-
GRH;189707;-;-;-;-;-;-;-;-;-;-
GRH;189708;-;-;-;-;-;-;-;-;-;-
GRH;189709;-;-;-;-;-;-;-;-;-;-
GRH;189710;-;-;-;-;-;-;-;-;-;-
GRH;189711;-;-;-;-;-;-;-;-;-;-
GRH;189712;-;-;-;-;-;-;-;-;-;-
GRH;189801;-;-;-;-;-;-;-;-;-;-
GRH;189802;-;-;-;-;-;-;-;-;-;-
GRH;189803;-;-;-;-;-;-;-;-;-;-
GRH;189804;-;-;-;-;-;-;-;-;-;-
GRH;189805;-;-;-;-;-;-;-;-;-;-
GRH;189806;-;-;-;-;-;-;-;-;-;-
GRH;189807;-;-;-;-;-;-;-;-;-;-
GRH;189808;-;-;-;-;-;-;-;-;-;-
GRH;189809;-;-;-;-;-;-;-;-;-;-
GRH;189810;-;-;-;-;-;-;-;-;-;-
GRH;189811;-;-;-;-;-;-;-;-;-;-
GRH;189812;-;-;-;-;-;-;-;-;-;-
GRH;189901;-;-;-;-;-;-;-;-;-;-
GRH;189902;-;-;-;-;-;-;-;-;-;-
GRH;189903;-;-;-;-;-;-;-;-;-;-
GRH;189904;-;-;-;-;-;-;-;-;-;-
GRH;189905;-;-;-;-;-;-;-;-;-;-
GRH;189906;-;-;-;-;-;-;-;-;-;-
GRH;189907;-;-;-;-;-;-;-;-;-;-
GRH;189908;-;-;-;-;-;-;-;-;-;-
GRH;189909;-;-;-;-;-;-;-;-;-;-
GRH;189910;-;-;-;-;-;-;-;-;-;-
GRH;189911;-;-;-;-;-;-;-;-;-;-
GRH;189912;-;-;-;-;-;-;-;-;-;-
GRH;190001;-;-;-;-;-;-;-;-;-;-
GRH;190002;-;-;-;-;-;-;-;-;-;-
GRH;190003;-;-;-;-;-;-;-;-;-;-
GRH;190004;-;-;-;-;-;-;-;-;-;-
GRH;190005;-;-;-;-;-;-;-;-;-;-
GRH;190006;-;-;-;-;-;-;-;-;-;-
GRH;190007;-;-;-;-;-;-;-;-;-;-
GRH;190008;-;-;-;-;-;-;-;-;-;-
GRH;190009;-;-;-;-;-;-;-;-;-;-
GRH;190010;-;-;-;-;-;-;-;-;-;-
GRH;190011;-;-;-;-;-;-;-;-;-;-
GRH;190012;-;-;-;-;-;-;-;-;-;-
GRH;190101;-;-;-;-;-;-;-;-;-;-
GRH;190102;-;-;-;-;-;-;-;-;-;-
GRH;190103;-;-;-;-;-;-;-;-;-;-
GRH;190104;-;-;-;-;-;-;-;-;-;-
GRH;190105;-;-;-;-;-;-;-;-;-;-
GRH;190106;-;-;-;-;-;-;-;-;-;-
GRH;190107;-;-;-;-;-;-;-;-;-;-
GRH;190108;-;-;-;-;-;-;-;-;-;-
GRH;190109;-;-;-;-;-;-;-;-;-;-
GRH;190110;-;-;-;-;-;-;-;-;-;-
GRH;190111;-;-;-;-;-;-;-;-;-;-
GRH;190112;-;-;-;-;-;-;-;-;-;-
GRH;190201;-;-;-;-;-;-;-;-;-;-
GRH;190202;-;-;-;-;-;-;-;-;-;-
GRH;190203;-;-;-;-;-;-;-;-;-;-
GRH;190204;-;-;-;-;-;-;-;-;-;-
GRH;190205;-;-;-;-;-;-;-;-;-;-
GRH;190206;-;-;-;-;-;-;-;-;-;-
GRH;190207;-;-;-;-;-;-;-;-;-;-
GRH;190208;-;-;-;-;-;-;-;-;-;-
GRH;190209;-;-;-;-;-;-;-;-;-;-
GRH;190210;-;-;-;-;-;-;-;-;-;-
GRH;190211;-;-;-;-;-;-;-;-;-;-
GRH;190212;-;-;-;-;-;-;-;-;-;-
GRH;190301;-;-;-;-;-;-;-;-;-;-
GRH;190302;-;-;-;-;-;-;-;-;-;-
GRH;190303;-;-;-;-;-;-;-;-;-;-
GRH;190304;-;-;-;-;-;-;-;-;-;-
GRH;190305;-;-;-;-;-;-;-;-;-;-
GRH;190306;-;-;-;-;-;-;-;-;-;-
GRH;190307;-;-;-;-;-;-;-;-;-;-
GRH;190308;-;-;-;-;-;-;-;-;-;-
GRH;190309;-;-;-;-;-;-;-;-;-;-
GRH;190310;-;-;-;-;-;-;-;-;-;-
GRH;190311;-;-;-;-;-;-;-;-;-;-
GRH;190312;-;-;-;-;-;-;-;-;-;-
GRH;190401;-;-;-;-;-;-;-;-;-;-
GRH;190402;-;-;-;-;-;-;-;-;-;-
GRH;190403;-;-;-;-;-;-;-;-;-;-
GRH;190404;-;-;-;-;-;-;-;-;-;-
GRH;190405;-;-;-;-;-;-;-;-;-;-
GRH;190406;-;-;-;-;-;-;-;-;-;-
GRH;190407;-;-;-;-;-;-;-;-;-;-
GRH;190408;-;-;-;-;-;-;-;-;-;-
GRH;190409;-;-;-;-;-;-;-;-;-;-
GRH;190410;-;-;-;-;-;-;-;-;-;-
GRH;190411;-;-;-;-;-;-;-;-;-;-
GRH;190412;-;-;-;-;-;-;-;-;-;-
GRH;190501;-;-;-;-;-;-;-;-;-;-
GRH;190502;-;-;-;-;-;-;-;-;-;-
GRH;190503;-;-;-;-;-;-;-;-;-;-
GRH;190504;-;-;-;-;-;-;-;-;-;-
GRH;190505;-;-;-;-;-;-;-;-;-;-
GRH;190506;-;-;-;-;-;-;-;-;-;-
GRH;190507;-;-;-;-;-;-;-;-;-;-
GRH;190508;-;-;-;-;-;-;-;-;-;-
GRH;190509;-;-;-;-;-;-;-;-;-;-
GRH;190510;-;-;-;-;-;-;-;-;-;-
GRH;190511;-;-;-;-;-;-;-;-;-;-
GRH;190512;-;-;-;-;-;-;-;-;-;-
GRH;190601;-;-;-;-;-;-;-;-;-;-
GRH;190602;-;-;-;-;-;-;-;-;-;-
GRH;190603;-;-;-;-;-;-;-;-;-;-
GRH;190604;-;-;-;-;-;-;-;-;-;-
GRH;190605;-;-;-;-;-;-;-;-;-;-
GRH;190606;-;-;-;-;-;-;-;-;-;-
GRH;190607;-;-;-;-;-;-;-;-;-;-
GRH;190608;-;-;-;-;-;-;-;-;-;-
GRH;190609;-;-;-;-;-;-;-;-;-;-
GRH;190610;-;-;-;-;-;-;-;-;-;-
GRH;190611;-;-;-;-;-;-;-;-;-;-
GRH;190612;-;-;-;-;-;-;-;-;-;-
GRH;190701;-;-;-;-;-;-;-;-;-;-
GRH;190702;-;-;-;-;-;-;-;-;-;-
GRH;190703;-;-;-;-;-;-;-;-;-;-
GRH;190704;-;-;-;-;-;-;-;-;-;-
GRH;190705;-;-;-;-;-;-;-;-;-;-
GRH;190706;-;-;-;-;-;-;-;-;-;-
GRH;190707;-;-;-;-;-;-;-;-;-;-
GRH;190708;-;-;-;-;-;-;-;-;-;-
GRH;190709;-;-;-;-;-;-;-;-;-;-
GRH;190710;-;-;-;-;-;-;-;-;-;-
GRH;190711;-;-;-;-;-;-;-;-;-;-
GRH;190712;-;-;-;-;-;-;-;-;-;-
GRH;190801;-;-;-;-;-;-;-;-;-;-
GRH;190802;-;-;-;-;-;-;-;-;-;-
GRH;190803;-;-;-;-;-;-;-;-;-;-
GRH;190804;-;-;-;-;-;-;-;-;-;-
GRH;190805;-;-;-;-;-;-;-;-;-;-
GRH;190806;-;-;-;-;-;-;-;-;-;-
GRH;190807;-;-;-;-;-;-;-;-;-;-
GRH;190808;-;-;-;-;-;-;-;-;-;-
GRH;190809;-;-;-;-;-;-;-;-;-;-
GRH;190810;-;-;-;-;-;-;-;-;-;-
GRH;190811;-;-;-;-;-;-;-;-;-;-
GRH;190812;-;-;-;-;-;-;-;-;-;-
GRH;190901;-;-;-;-;-;-;-;-;-;-
GRH;190902;-;-;-;-;-;-;-;-;-;-
GRH;190903;-;-;-;-;-;-;-;-;-;-
GRH;190904;-;-;-;-;-;-;-;-;-;-
GRH;190905;-;-;-;-;-;-;-;-;-;-
GRH;190906;-;-;-;-;-;-;-;-;-;-
GRH;190907;-;-;-;-;-;-;-;-;-;-
GRH;190908;-;-;-;-;-;-;-;-;-;-
GRH;190909;-;-;-;-;-;-;-;-;-;-
GRH;190910;-;-;-;-;-;-;-;-;-;-
GRH;190911;-;-;-;-;-;-;-;-;-;-
GRH;190912;-;-;-;-;-;-;-;-;-;-
GRH;191001;-;-;-;-;-;-;-;-;-;-
GRH;191002;-;-;-;-;-;-;-;-;-;-
GRH;191003;-;-;-;-;-;-;-;-;-;-
GRH;191004;-;-;-;-;-;-;-;-;-;-
GRH;191005;-;-;-;-;-;-;-;-;-;-
GRH;191006;-;-;-;-;-;-;-;-;-;-
GRH;191007;-;-;-;-;-;-;-;-;-;-
GRH;191008;-;-;-;-;-;-;-;-;-;-
GRH;191009;-;-;-;-;-;-;-;-;-;-
GRH;191010;-;-;-;-;-;-;-;-;-;-
GRH;191011;-;-;-;-;-;-;-;-;-;-
GRH;191012;-;-;-;-;-;-;-;-;-;-
GRH;191101;-;-;-;-;-;-;-;-;-;-
GRH;191102;-;-;-;-;-;-;-;-;-;-
GRH;191103;-;-;-;-;-;-;-;-;-;-
GRH;191104;-;-;-;-;-;-;-;-;-;-
GRH;191105;-;-;-;-;-;-;-;-;-;-
GRH;191106;-;-;-;-;-;-;-;-;-;-
GRH;191107;-;-;-;-;-;-;-;-;-;-
GRH;191108;-;-;-;-;-;-;-;-;-;-
GRH;191109;-;-;-;-;-;-;-;-;-;-
GRH;191110;-;-;-;-;-;-;-;-;-;-
GRH;191111;-;-;-;-;-;-;-;-;-;-
GRH;191112;-;-;-;-;-;-;-;-;-;-
GRH;191201;-;-;-;-;-;-;-;-;-;-
GRH;191202;-;-;-;-;-;-;-;-;-;-
GRH;191203;-;-;-;-;-;-;-;-;-;-
GRH;191204;-;-;-;-;-;-;-;-;-;-
GRH;191205;-;-;-;-;-;-;-;-;-;-
GRH;191206;-;-;-;-;-;-;-;-;-;-
GRH;191207;-;-;-;-;-;-;-;-;-;-
GRH;191208;-;-;-;-;-;-;-;-;-;-
GRH;191209;-;-;-;-;-;-;-;-;-;-
GRH;191210;-;-;-;-;-;-;-;-;-;-
GRH;191211;-;-;-;-;-;-;-;-;-;-
GRH;191212;-;-;-;-;-;-;-;-;-;-
GRH;191301;-;-;-;-;-;-;-;-;-;-
GRH;191302;-;-;-;-;-;-;-;-;-;-
GRH;191303;-;-;-;-;-;-;-;-;-;-
GRH;191304;-;-;-;-;-;-;-;-;-;-
GRH;191305;-;-;-;-;-;-;-;-;-;-
GRH;191306;-;-;-;-;-;-;-;-;-;-
GRH;191307;-;-;-;-;-;-;-;-;-;-
GRH;191308;-;-;-;-;-;-;-;-;-;-
GRH;191309;-;-;-;-;-;-;-;-;-;-
GRH;191310;-;-;-;-;-;-;-;-;-;-
GRH;191311;-;-;-;-;-;-;-;-;-;-
GRH;191312;-;-;-;-;-;-;-;-;-;-
GRH;191401;-;-;-;-;-;-;-;-;-;-
GRH;191402;-;-;-;-;-;-;-;-;-;-
GRH;191403;-;-;-;-;-;-;-;-;-;-
GRH;191404;-;-;-;-;-;-;-;-;-;-
GRH;191405;-;-;-;-;-;-;-;-;-;-
GRH;191406;-;-;-;-;-;-;-;-;-;-
GRH;191407;-;-;-;-;-;-;-;-;-;-
GRH;191408;-;-;-;-;-;-;-;-;-;-
GRH;191409;-;-;-;-;-;-;-;-;-;-
GRH;191410;-;-;-;-;-;-;-;-;-;-
GRH;191411;-;-;-;-;-;-;-;-;-;-
GRH;191412;-;-;-;-;-;-;-;-;-;-
GRH;191501;-;-;-;-;-;-;-;-;-;-
GRH;191502;-;-;-;-;-;-;-;-;-;-
GRH;191503;-;-;-;-;-;-;-;-;-;-
GRH;191504;-;-;-;-;-;-;-;-;-;-
GRH;191505;-;-;-;-;-;-;-;-;-;-
GRH;191506;-;-;-;-;-;-;-;-;-;-
GRH;191507;-;-;-;-;-;-;-;-;-;-
GRH;191508;-;-;-;-;-;-;-;-;-;-
GRH;191509;-;-;-;-;-;-;-;-;-;-
GRH;191510;-;-;-;-;-;-;-;-;-;-
GRH;191511;-;-;-;-;-;-;-;-;-;-
GRH;191512;-;-;-;-;-;-;-;-;-;-
GRH;191601;-;-;-;-;-;-;-;-;-;-
GRH;191602;-;-;-;-;-;-;-;-;-;-
GRH;191603;-;-;-;-;-;-;-;-;-;-
GRH;191604;-;-;-;-;-;-;-;-;-;-
GRH;191605;-;-;-;-;-;-;-;-;-;-
GRH;191606;-;-;-;-;-;-;-;-;-;-
GRH;191607;-;-;-;-;-;-;-;-;-;-
GRH;191608;-;-;-;-;-;-;-;-;-;-
GRH;191609;-;-;-;-;-;-;-;-;-;-
GRH;191610;-;-;-;-;-;-;-;-;-;-
GRH;191611;-;-;-;-;-;-;-;-;-;-
GRH;191612;-;-;-;-;-;-;-;-;-;-
GRH;191701;-;-;-;-;-;-;-;-;-;-
GRH;191702;-;-;-;-;-;-;-;-;-;-
GRH;191703;-;-;-;-;-;-;-;-;-;-
GRH;191704;-;-;-;-;-;-;-;-;-;-
GRH;191705;-;-;-;-;-;-;-;-;-;-
GRH;191706;-;-;-;-;-;-;-;-;-;-
GRH;191707;-;-;-;-;-;-;-;-;-;-
GRH;191708;-;-;-;-;-;-;-;-;-;-
GRH;191709;-;-;-;-;-;-;-;-;-;-
GRH;191710;-;-;-;-;-;-;-;-;-;-
GRH;191711;-;-;-;-;-;-;-;-;-;-
GRH;191712;-;-;-;-;-;-;-;-;-;-
GRH;191801;-;-;-;-;-;-;-;-;-;-
GRH;191802;-;-;-;-;-;-;-;-;-;-
GRH;191803;-;-;-;-;-;-;-;-;-;-
GRH;191804;-;-;-;-;-;-;-;-;-;-
GRH;191805;-;-;-;-;-;-;-;-;-;-
GRH;191806;-;-;-;-;-;-;-;-;-;-
GRH;191807;-;-;-;-;-;-;-;-;-;-
GRH;191808;-;-;-;-;-;-;-;-;-;-
GRH;191809;-;-;-;-;-;-;-;-;-;-
GRH;191810;-;-;-;-;-;-;-;-;-;-
GRH;191811;-;-;-;-;-;-;-;-;-;-
GRH;191812;-;-;-;-;-;-;-;-;-;-
GRH;191901;-;-;-;-;-;-;-;-;-;-
GRH;191902;-;-;-;-;-;-;-;-;-;-
GRH;191903;-;-;-;-;-;-;-;-;-;-
GRH;191904;-;-;-;-;-;-;-;-;-;-
GRH;191905;-;-;-;-;-;-;-;-;-;-
GRH;191906;-;-;-;-;-;-;-;-;-;-
GRH;191907;-;-;-;-;-;-;-;-;-;-
GRH;191908;-;-;-;-;-;-;-;-;-;-
GRH;191909;-;-;-;-;-;-;-;-;-;-
GRH;191910;-;-;-;-;-;-;-;-;-;-
GRH;191911;-;-;-;-;-;-;-;-;-;-
GRH;191912;-;-;-;-;-;-;-;-;-;-
GRH;192001;-;-;-;-;-;-;-;-;-;-
GRH;192002;-;-;-;-;-;-;-;-;-;-
GRH;192003;-;-;-;-;-;-;-;-;-;-
GRH;192004;-;-;-;-;-;-;-;-;-;-
GRH;192005;-;-;-;-;-;-;-;-;-;-
GRH;192006;-;-;-;-;-;-;-;-;-;-
GRH;192007;-;-;-;-;-;-;-;-;-;-
GRH;192008;-;-;-;-;-;-;-;-;-;-
GRH;192009;-;-;-;-;-;-;-;-;-;-
GRH;192010;-;-;-;-;-;-;-;-;-;-
GRH;192011;-;-;-;-;-;-;-;-;-;-
GRH;192012;-;-;-;-;-;-;-;-;-;-
GRH;192101;-;-;-;-;-;-;-;-;-;-
GRH;192102;-;-;-;-;-;-;-;-;-;-
GRH;192103;-;-;-;-;-;-;-;-;-;-
GRH;192104;-;-;-;-;-;-;-;-;-;-
GRH;192105;-;-;-;-;-;-;-;-;-;-
GRH;192106;-;-;-;-;-;-;-;-;-;-
GRH;192107;-;-;-;-;-;-;-;-;-;-
GRH;192108;-;-;-;-;-;-;-;-;-;-
GRH;192109;-;-;-;-;-;-;-;-;-;-
GRH;192110;-;-;-;-;-;-;-;-;-;-
GRH;192111;-;-;-;-;-;-;-;-;-;-
GRH;192112;-;-;-;-;-;-;-;-;-;-
GRH;192201;-;-;-;-;-;-;-;-;-;-
GRH;192202;-;-;-;-;-;-;-;-;-;-
GRH;192203;-;-;-;-;-;-;-;-;-;-
GRH;192204;-;-;-;-;-;-;-;-;-;-
GRH;192205;-;-;-;-;-;-;-;-;-;-
GRH;192206;-;-;-;-;-;-;-;-;-;-
GRH;192207;-;-;-;-;-;-;-;-;-;-
GRH;192208;-;-;-;-;-;-;-;-;-;-
GRH;192209;-;-;-;-;-;-;-;-;-;-
GRH;192210;-;-;-;-;-;-;-;-;-;-
GRH;192211;-;-;-;-;-;-;-;-;-;-
GRH;192212;-;-;-;-;-;-;-;-;-;-
GRH;192301;-;-;-;-;-;-;-;-;-;-
GRH;192302;-;-;-;-;-;-;-;-;-;-
GRH;192303;-;-;-;-;-;-;-;-;-;-
GRH;192304;-;-;-;-;-;-;-;-;-;-
GRH;192305;-;-;-;-;-;-;-;-;-;-
GRH;192306;-;-;-;-;-;-;-;-;-;-
GRH;192307;-;-;-;-;-;-;-;-;-;-
GRH;192308;-;-;-;-;-;-;-;-;-;-
GRH;192309;-;-;-;-;-;-;-;-;-;-
GRH;192310;-;-;-;-;-;-;-;-;-;-
GRH;192311;-;-;-;-;-;-;-;-;-;-
GRH;192312;-;-;-;-;-;-;-;-;-;-
GRH;192401;-;-;-;-;-;-;-;-;-;-
GRH;192402;-;-;-;-;-;-;-;-;-;-
GRH;192403;-;-;-;-;-;-;-;-;-;-
GRH;192404;-;-;-;-;-;-;-;-;-;-
GRH;192405;-;-;-;-;-;-;-;-;-;-
GRH;192406;-;-;-;-;-;-;-;-;-;-
GRH;192407;-;-;-;-;-;-;-;-;-;-
GRH;192408;-;-;-;-;-;-;-;-;-;-
GRH;192409;-;-;-;-;-;-;-;-;-;-
GRH;192410;-;-;-;-;-;-;-;-;-;-
GRH;192411;-;-;-;-;-;-;-;-;-;-
GRH;192412;-;-;-;-;-;-;-;-;-;-
GRH;192501;-;-;-;-;-;-;-;-;-;-
GRH;192502;-;-;-;-;-;-;-;-;-;-
GRH;192503;-;-;-;-;-;-;-;-;-;-
GRH;192504;-;-;-;-;-;-;-;-;-;-
GRH;192505;-;-;-;-;-;-;-;-;-;-
GRH;192506;-;-;-;-;-;-;-;-;-;-
GRH;192507;-;-;-;-;-;-;-;-;-;-
GRH;192508;-;-;-;-;-;-;-;-;-;-
GRH;192509;-;-;-;-;-;-;-;-;-;-
GRH;192510;-;-;-;-;-;-;-;-;-;-
GRH;192511;-;-;-;-;-;-;-;-;-;-
GRH;192512;-;-;-;-;-;-;-;-;-;-
GRH;192601;-;-;-;-;-;-;-;-;-;-
GRH;192602;-;-;-;-;-;-;-;-;-;-
GRH;192603;-;-;-;-;-;-;-;-;-;-
GRH;192604;-;-;-;-;-;-;-;-;-;-
GRH;192605;-;-;-;-;-;-;-;-;-;-
GRH;192606;-;-;-;-;-;-;-;-;-;-
GRH;192607;-;-;-;-;-;-;-;-;-;-
GRH;192608;-;-;-;-;-;-;-;-;-;-
GRH;192609;-;-;-;-;-;-;-;-;-;-
GRH;192610;-;-;-;-;-;-;-;-;-;-
GRH;192611;-;-;-;-;-;-;-;-;-;-
GRH;192612;-;-;-;-;-;-;-;-;-;-
GRH;192701;-;-;-;-;-;-;-;-;-;-
GRH;192702;-;-;-;-;-;-;-;-;-;-
GRH;192703;-;-;-;-;-;-;-;-;-;-
GRH;192704;-;-;-;-;-;-;-;-;-;-
GRH;192705;-;-;-;-;-;-;-;-;-;-
GRH;192706;-;-;-;-;-;-;-;-;-;-
GRH;192707;-;-;-;-;-;-;-;-;-;-
GRH;192708;-;-;-;-;-;-;-;-;-;-
GRH;192709;-;-;-;-;-;-;-;-;-;-
GRH;192710;-;-;-;-;-;-;-;-;-;-
GRH;192711;-;-;-;-;-;-;-;-;-;-
GRH;192712;-;-;-;-;-;-;-;-;-;-
GRH;192801;-;-;-;-;-;-;-;-;-;-
GRH;192802;-;-;-;-;-;-;-;-;-;-
GRH;192803;-;-;-;-;-;-;-;-;-;-
GRH;192804;-;-;-;-;-;-;-;-;-;-
GRH;192805;-;-;-;-;-;-;-;-;-;-
GRH;192806;-;-;-;-;-;-;-;-;-;-
GRH;192807;-;-;-;-;-;-;-;-;-;-
GRH;192808;-;-;-;-;-;-;-;-;-;-
GRH;192809;-;-;-;-;-;-;-;-;-;-
GRH;192810;-;-;-;-;-;-;-;-;-;-
GRH;192811;-;-;-;-;-;-;-;-;-;-
GRH;192812;-;-;-;-;-;-;-;-;-;-
GRH;192901;-;-;-;-;-;-;-;-;-;-
GRH;192902;-;-;-;-;-;-;-;-;-;-
GRH;192903;-;-;-;-;-;-;-;-;-;-
GRH;192904;-;-;-;-;-;-;-;-;-;-
GRH;192905;-;-;-;-;-;-;-;-;-;-
GRH;192906;-;-;-;-;-;-;-;-;-;-
GRH;192907;-;-;-;-;-;-;-;-;-;-
GRH;192908;-;-;-;-;-;-;-;-;-;-
GRH;192909;-;-;-;-;-;-;-;-;-;-
GRH;192910;-;-;-;-;-;-;-;-;-;-
GRH;192911;-;-;-;-;-;-;-;-;-;-
GRH;192912;-;-;-;-;-;-;-;-;-;-
GRH;193001;-;-;-;-;-;-;-;-;-;-
GRH;193002;-;-;-;-;-;-;-;-;-;-
GRH;193003;-;-;-;-;-;-;-;-;-;-
GRH;193004;-;-;-;-;-;-;-;-;-;-
GRH;193005;-;-;-;-;-;-;-;-;-;-
GRH;193006;-;-;-;-;-;-;-;-;-;-
GRH;193007;-;-;-;-;-;-;-;-;-;-
GRH;193008;-;-;-;-;-;-;-;-;-;-
GRH;193009;-;-;-;-;-;-;-;-;-;-
GRH;193010;-;-;-;-;-;-;-;-;-;-
GRH;193011;-;-;-;-;-;-;-;-;-;-
GRH;193012;-;-;-;-;-;-;-;-;-;-
GRH;193101;-;-;-;-;-;-;-;-;-;-
GRH;193102;-;-;-;-;-;-;-;-;-;-
GRH;193103;-;-;-;-;-;-;-;-;-;-
GRH;193104;-;-;-;-;-;-;-;-;-;-
GRH;193105;-;-;-;-;-;-;-;-;-;-
GRH;193106;-;-;-;-;-;-;-;-;-;-
GRH;193107;-;-;-;-;-;-;-;-;-;-
GRH;193108;-;-;-;-;-;-;-;-;-;-
GRH;193109;-;-;-;-;-;-;-;-;-;-
GRH;193110;-;-;-;-;-;-;-;-;-;-
GRH;193111;-;-;-;-;-;-;-;-;-;-
GRH;193112;-;-;-;-;-;-;-;-;-;-
GRH;193201;-;-;-;-;188.3;-2.8;-;-;-;-
GRH;193202;-;-;-;-;20.3;-8.8;-;-;-;-
GRH;193203;-;-;-;-;152.7;-4.7;-;-;-;-
GRH;193204;-;-;-;-;153.0;-2.5;-;-;-;-
GRH;193205;-;-;-;-;209.2;2.8;-;-;-;-
GRH;193206;-;-;-;-;177.1;6.2;-;-;-;-
GRH;193207;-;-;-;-;182.2;8.7;-;-;-;-
GRH;193208;-;-;-;-;92.1;11.9;-;-;-;-
GRH;193209;-;-;-;-;100.4;9.8;-;-;-;-
GRH;193210;-;-;-;-;244.4;1.9;-;-;-;-
GRH;193211;-;-;-;-;106.4;0.1;-;-;-;-
GRH;193212;-;-;-;-;5.3;-1.8;-;-;-;-
GRH;193301;-;-;-;-;96.0;-7.7;-;-;-;-
GRH;193302;-;-;-;-;153.5;-6.4;-;-;-;-
GRH;193303;-;-;-;-;89.1;-2.6;-;-;-;-
GRH;193304;-;-;-;-;125.7;0.2;-;-;-;-
GRH;193305;-;-;-;-;400.7;1.8;-;-;-;-
GRH;193306;-;-;-;-;309.0;4.1;-;-;-;-
GRH;193307;-;-;-;-;106.6;10.4;-;-;-;-
GRH;193308;-;-;-;-;57.2;10.5;-;-;-;-
GRH;193309;-;-;-;-;192.2;7.3;-;-;-;-
GRH;193310;-;-;-;-;207.0;2.7;-;-;-;-
GRH;193311;-;-;-;-;142.4;-3.9;-;-;-;-
GRH;193312;-;-;-;-;19.5;-6.8;-;-;-;-
GRH;193401;-;-;-;-;189.7;-5.7;-;-;-;-
GRH;193402;-;-;-;-;33.3;-4.0;-;-;-;-
GRH;193403;-;-;-;-;126.8;-3.6;-;-;-;-
GRH;193404;-;-;-;-;100.4;1.7;-;-;-;-
GRH;193405;-;-;-;-;79.0;5.7;-;-;-;-
GRH;193406;-;-;-;-;231.4;7.2;-;-;-;-
GRH;193407;-;-;-;-;137.3;10.4;-;-;-;-
GRH;193408;-;-;-;-;251.9;7.8;-;-;-;-
GRH;193409;-;-;-;-;69.1;8.1;-;-;-;-
GRH;193410;-;-;-;-;183.5;2.4;-;-;-;-
GRH;193411;-;-;-;-;116.3;-2.0;-;-;-;-
GRH;193412;-;-;-;-;114.3;-2.2;-;-;-;-
GRH;193501;-;-;-;-;226.4;-9.3;-;-;-;-
GRH;193502;-;-;-;-;353.1;-6.0;-;-;-;-
GRH;193503;-;-;-;-;227.9;-4.8;-;-;-;-
GRH;193504;-;-;-;-;305.6;-2.0;-;-;-;-
GRH;193505;-;-;-;-;144.1;1.6;-;-;-;-
GRH;193506;-;-;-;-;140.0;8.8;-;-;-;-
GRH;193507;-;-;-;-;80.1;10.2;-;-;-;-
GRH;193508;-;-;-;-;212.8;8.5;-;-;-;-
GRH;193509;-;-;-;-;112.9;7.8;-;-;-;-
GRH;193510;-;-;-;-;459.7;1.8;-;-;-;-
GRH;193511;-;-;-;-;170.4;-1.2;-;-;-;-
GRH;193512;-;-;-;-;198.1;-6.5;-;-;-;-
GRH;193601;-;-;-;-;184.9;-3.3;-;-;-;-
GRH;193602;-;-;-;-;156.0;-5.9;-;-;-;-
GRH;193603;-;-;-;-;111.2;-2.8;-;-;-;-
GRH;193604;-;-;-;-;196.6;-0.6;-;-;-;-
GRH;193605;-;-;-;-;154.3;4.1;-;-;-;-
GRH;193606;-;-;-;-;189.4;6.7;-;-;-;-
GRH;193607;-;-;-;-;258.9;8.3;-;-;-;-
GRH;193608;-;-;-;-;80.9;9.2;-;-;-;-
GRH;193609;-;-;-;-;291.3;6.1;-;-;-;-
GRH;193610;-;-;-;-;159.9;-1.4;-;-;-;-
GRH;193611;-;-;-;-;54.0;-1.8;-;-;-;-
GRH;193612;-;-;-;-;181.7;-3.8;-;-;-;-
GRH;193701;-;-;-;-;112.6;-3.8;-;-;-;-
GRH;193702;-;-;-;-;344.7;-4.6;-;-;-;-
GRH;193703;-;-;-;-;240.9;-5.4;-;-;-;-
GRH;193704;-;-;-;-;286.0;-1.8;-;-;-;-
GRH;193705;-;-;-;-;165.1;4.6;-;-;-;-
GRH;193706;-;-;-;-;143.7;7.5;-;-;-;-
GRH;193707;-;-;-;-;140.5;9.2;-;-;-;-
GRH;193708;-;-;-;-;143.8;8.7;-;-;-;-
GRH;193709;-;-;-;-;258.7;5.9;-;-;-;-
GRH;193710;-;-;-;-;170.3;3.3;-;-;-;-
GRH;193711;-;-;-;-;100.8;-2.5;-;-;-;-
GRH;193712;-;-;-;-;114.3;-8.3;-;-;-;-
GRH;193801;-;-;-;-;263.6;-6.3;-;-;-;-
GRH;193802;-;-;-;-;113.9;-5.5;-;-;-;-
GRH;193803;-;-;-;-;93.4;-0.8;-;-;-;-
GRH;193804;-;-;-;-;115.9;-4.0;-;-;-;-
GRH;193805;-;-;-;-;216.4;1.9;-;-;-;-
GRH;193806;-;-;-;-;170.5;8.7;-;-;-;-
GRH;193807;-;-;-;-;221.6;8.6;-;-;-;-
GRH;193808;-;-;-;-;160.1;8.7;-;-;-;-
GRH;193809;-;-;-;-;114.8;7.0;-;-;-;-
GRH;193810;-;-;-;-;105.1;3.8;-;-;-;-
GRH;193811;-;-;-;-;52.0;1.5;-;-;-;-
GRH;193812;-;-;-;-;166.8;-5.7;-;-;-;-
GRH;193901;-;-;-;-;161.8;-4.6;-;-;-;-
GRH;193902;-;-;-;-;85.2;-3.6;-;-;-;-
GRH;193903;-;-;-;-;338.0;-7.4;-;-;-;-
GRH;193904;-;-;-;-;194.2;1.0;-;-;-;-
GRH;193905;-;-;-;-;341.5;0.7;-;-;-;-
GRH;193906;-;-;-;-;139.8;7.1;-;-;-;-
GRH;193907;-;-;-;-;201.6;8.3;-;-;-;-
GRH;193908;-;-;-;-;152.9;9.2;-;-;-;-
GRH;193909;-;-;-;-;81.8;5.8;-;-;-;-
GRH;193910;-;-;-;-;303.6;0.6;-;-;-;-
GRH;193911;-;-;-;-;295.2;0.1;-;-;-;-
GRH;193912;-;-;-;-;121.7;-6.0;-;-;-;-
GRH;194001;-;-;-;-;148.6;-7.7;-;-;-;-
GRH;194002;-;-;-;-;229.0;-4.8;-;-;-;-
GRH;194003;-;-;-;-;175.6;-3.8;-;-;-;-
GRH;194004;-;-;-;-;182.7;-1.0;-;-;-;-
GRH;194005;-;-;-;-;227.4;2.8;-;-;-;-
GRH;194006;-;-;-;-;125.6;6.3;-;-;-;-
GRH;194007;-;-;-;-;223.7;7.9;-;-;-;-
GRH;194008;-;-;-;-;152.8;7.8;-;-;-;-
GRH;194009;-;-;-;-;303.6;6.5;-;-;-;-
GRH;194010;-;-;-;-;213.4;2.5;-;-;-;-
GRH;194011;-;-;-;-;212.2;-1.9;-;-;-;-
GRH;194012;-;-;-;-;228.2;-9.1;-;-;-;-
GRH;194101;-;-;-;-;100.1;-7.6;-;-;-;-
GRH;194102;-;-;-;-;176.7;-6.1;-;-;-;-
GRH;194103;-;-;-;-;96.7;-3.0;-;-;-;-
GRH;194104;-;-;-;-;146.5;-2.1;-;-;-;-
GRH;194105;-;-;-;-;265.1;0.4;-;-;-;-
GRH;194106;-;-;-;-;128.2;7.1;-;-;-;-
GRH;194107;-;-;-;-;129.3;9.9;-;-;-;-
GRH;194108;-;-;-;-;267.5;8.0;-;-;-;-
GRH;194109;-;-;-;-;119.5;6.3;-;-;-;-
GRH;194110;-;-;-;-;297.0;0.4;-;-;-;-
GRH;194111;-;-;-;-;112.0;-2.3;-;-;-;-
GRH;194112;-;-;-;-;144.9;-6.2;-;-;-;-
GRH;194201;-;-;-;-;159.0;-10.7;-;-;-;-
GRH;194202;-;-;-;-;74.0;-8.6;-;-;-;-
GRH;194203;-;-;-;-;118.0;-1.0;-;-;-;-
GRH;194204;-;-;-;-;119.2;0.2;-;-;-;-
GRH;194205;-;-;-;-;208.8;3.7;-;-;-;-
GRH;194206;-;-;-;-;129.9;7.9;-;-;-;-
GRH;194207;-;-;-;-;145.5;9.0;-;-;-;-
GRH;194208;-;-;-;-;129.5;9.4;-;-;-;-
GRH;194209;-;-;-;-;194.5;8.3;-;-;-;-
GRH;194210;-;-;-;-;318.7;5.1;-;-;-;-
GRH;194211;-;-;-;-;114.0;-2.9;-;-;-;-
GRH;194212;-;-;-;-;51.0;-3.7;-;-;-;-
GRH;194301;-;-;-;-;213.1;-5.5;-;-;-;-
GRH;194302;-;-;-;-;162.6;-4.5;-;-;-;-
GRH;194303;-;-;-;-;97.2;-1.2;-;-;-;-
GRH;194304;-;-;-;-;234.3;0.5;-;-;-;-
GRH;194305;-;-;-;-;119.5;5.5;-;-;-;-
GRH;194306;-;-;-;-;268.3;6.0;-;-;-;-
GRH;194307;-;-;-;-;137.0;9.3;-;-;-;-
GRH;194308;-;-;-;-;93.1;10.7;-;-;-;-
GRH;194309;-;-;-;-;184.0;7.9;-;-;-;-
GRH;194310;-;-;-;-;23.1;5.9;-;-;-;-
GRH;194311;-;-;-;-;179.3;-3.6;-;-;-;-
GRH;194312;-;-;-;-;71.5;-4.0;-;-;-;-
GRH;194401;-;-;-;-;170.2;-3.8;-;-;-;-
GRH;194402;-;-;-;-;202.9;-9.3;-;-;-;-
GRH;194403;-;-;-;-;313.8;-7.4;-;-;-;-
GRH;194404;-;-;-;-;103.3;0.5;-;-;-;-
GRH;194405;-;-;-;-;98.0;3.8;-;-;-;-
GRH;194406;-;-;-;-;162.6;6.1;-;-;-;-
GRH;194407;-;-;-;-;201.0;8.9;-;-;-;-
GRH;194408;-;-;-;-;48.4;12.1;-;-;-;-
GRH;194409;-;-;-;-;153.5;6.2;-;-;-;-
GRH;194410;-;-;-;-;246.1;0.6;-;-;-;-
GRH;194411;-;-;-;-;400.2;-3.9;-;-;-;-
GRH;194412;-;-;-;-;127.4;-6.7;-;-;-;-
GRH;194501;-;-;-;-;109.2;-10.7;-;-;-;-
GRH;194502;-;-;-;-;205.6;-2.3;-;-;-;-
GRH;194503;-;-;-;-;225.0;-2.4;-;-;-;-
GRH;194504;-;-;-;-;196.9;1.2;-;-;-;-
GRH;194505;-;-;-;-;172.5;4.9;-;-;-;-
GRH;194506;-;-;-;-;92.7;8.7;-;-;-;-
GRH;194507;-;-;-;-;136.8;10.6;-;-;-;-
GRH;194508;-;-;-;-;235.7;8.6;-;-;-;-
GRH;194509;-;-;-;-;300.6;6.7;-;-;-;-
GRH;194510;-;-;-;-;194.3;2.8;-;-;-;-
GRH;194511;-;-;-;-;112.3;-2.1;-;-;-;-
GRH;194512;-;-;-;-;227.3;-5.4;-;-;-;-
GRH;194601;-;-;-;-;112.8;-6.6;-;-;-;-
GRH;194602;-;-;-;-;322.7;-5.4;-;-;-;-
GRH;194603;-;-;-;-;115.9;-1.9;-;-;-;-
GRH;194604;-;-;-;-;35.3;2.5;-;-;-;-
GRH;194605;-;-;-;-;147.3;4.6;-;-;-;-
GRH;194606;-;-;-;-;279.7;6.3;-;-;-;-
GRH;194607;-;-;-;-;192.9;10.0;-;-;-;-
GRH;194608;-;-;-;-;220.4;9.2;-;-;-;-
GRH;194609;-;-;-;-;69.3;8.8;-;-;-;-
GRH;194610;-;-;-;-;123.7;3.1;-;-;-;-
GRH;194611;-;-;-;-;123.5;-0.9;-;-;-;-
GRH;194612;-;-;-;-;116.4;-6.6;-;-;-;-
GRH;194701;-;-;-;-;112.3;-7.6;-;-;-;-
GRH;194702;-;-;-;-;132.3;-6.2;-;-;-;-
GRH;194703;-;-;-;-;232.1;-1.6;-;-;-;-
GRH;194704;-;-;-;-;80.6;3.8;-;-;-;-
GRH;194705;-;-;-;-;224.2;6.5;-;-;-;-
GRH;194706;-;-;-;-;182.6;10.5;-;-;-;-
GRH;194707;-;-;-;-;110.3;11.7;-;-;-;-
GRH;194708;-;-;-;-;69.5;12.3;-;-;-;-
GRH;194709;-;-;-;-;152.2;9.7;-;-;-;-
GRH;194710;-;-;-;-;73.2;5.5;-;-;-;-
GRH;194711;-;-;-;-;352.0;-0.7;-;-;-;-
GRH;194712;-;-;-;-;493.1;-6.8;-;-;-;-
GRH;194801;-;-;-;-;243.9;-4.2;-;-;-;-
GRH;194802;-;-;-;-;262.9;-5.3;-;-;-;-
GRH;194803;-;-;-;-;77.3;0.7;-;-;-;-
GRH;194804;-;-;-;-;172.7;0.7;-;-;-;-
GRH;194805;-;-;-;-;100.9;5.6;-;-;-;-
GRH;194806;-;-;-;-;321.3;5.9;-;-;-;-
GRH;194807;-;-;-;-;322.2;7.3;-;-;-;-
GRH;194808;-;-;-;-;189.3;9.7;-;-;-;-
GRH;194809;-;-;-;-;223.0;7.4;-;-;-;-
GRH;194810;-;-;-;-;80.9;4.8;-;-;-;-
GRH;194811;-;-;-;-;59.4;2.0;-;-;-;-
GRH;194812;-;-;-;-;59.9;-2.7;-;-;-;-
GRH;194901;-;-;-;-;200.2;-3.8;-;-;-;-
GRH;194902;-;-;-;-;90.4;-2.9;-;-;-;-
GRH;194903;-;-;-;-;242.2;-4.8;-;-;-;-
GRH;194904;-;-;-;-;144.2;3.7;-;-;-;-
GRH;194905;-;-;-;-;214.8;4.0;-;-;-;-
GRH;194906;-;-;-;-;87.5;8.1;-;-;-;-
GRH;194907;-;-;-;-;51.7;10.9;-;-;-;-
GRH;194908;-;-;-;-;112.7;10.2;-;-;-;-
GRH;194909;-;-;-;-;142.7;10.4;-;-;-;-
GRH;194910;-;-;-;-;43.5;6.2;-;-;-;-
GRH;194911;-;-;-;-;212.5;-2.6;-;-;-;-
GRH;194912;-;-;-;-;173.6;-2.2;-;-;-;-
GRH;195001;-;-;-;-;248.8;-4.5;-;-;-;-
GRH;195002;-;-;-;-;362.4;-2.8;-;-;-;-
GRH;195003;-;-;-;-;55.1;-1.8;-;-;-;-
GRH;195004;-;-;-;-;289.8;-2.2;-;-;-;-
GRH;195005;-;-;-;-;168.5;5.4;-;-;-;-
GRH;195006;-;-;-;-;99.5;10.1;-;-;-;-
GRH;195007;-;-;-;-;160.0;11.6;-;-;-;-
GRH;195008;-;-;-;-;189.5;9.8;-;-;-;-
GRH;195009;-;-;-;-;179.1;6.3;-;-;-;-
GRH;195010;-;-;-;-;47.2;3.6;-;-;-;-
GRH;195011;-;-;-;-;361.2;-2.6;-;-;-;-
GRH;195012;-;-;-;-;125.6;-7.4;-;-;-;-
GRH;195101;-;-;-;-;299.8;-5.0;-;-;-;-
GRH;195102;-;-;-;-;433.1;-5.7;-;-;-;-
GRH;195103;-;-;-;-;271.9;-4.2;-;-;-;-
GRH;195104;-;-;-;-;214.9;-0.1;-;-;-;-
GRH;195105;-;-;-;-;215.5;4.2;-;-;-;-
GRH;195106;-;-;-;-;209.2;7.5;-;-;-;-
GRH;195107;-;-;-;-;84.5;10.1;-;-;-;-
GRH;195108;-;-;-;-;213.7;9.5;-;-;-;-
GRH;195109;-;-;-;-;89.3;8.1;-;-;-;-
GRH;195110;-;-;-;-;103.3;3.5;-;-;-;-
GRH;195111;-;-;-;-;342.4;-1.5;-;-;-;-
GRH;195112;-;-;-;-;94.9;-2.9;-;-;-;-
GRH;195201;-;-;-;-;261.6;-7.5;-;-;-;-
GRH;195202;-;-;-;-;208.5;-7.7;-;-;-;-
GRH;195203;-;-;-;-;293.7;-1.8;-;-;-;-
GRH;195204;-;-;-;-;96.3;2.0;-;-;-;-
GRH;195205;-;-;-;-;116.6;4.3;-;-;-;-
GRH;195206;-;-;-;-;121.1;9.6;-;-;-;-
GRH;195207;-;-;-;-;104.3;11.8;-;-;-;-
GRH;195208;-;-;-;-;117.2;9.9;-;-;-;-
GRH;195209;-;-;-;-;196.9;3.4;-;-;-;-
GRH;195210;-;-;-;-;299.8;1.5;-;-;-;-
GRH;195211;-;-;-;-;410.5;-4.7;-;-;-;-
GRH;195212;-;-;-;-;251.4;-4.6;-;-;-;-
GRH;195301;-;-;-;-;113.5;-5.8;-;-;-;-
GRH;195302;-;-;-;-;182.5;-4.7;-;-;-;-
GRH;195303;-;-;-;-;37.8;-0.6;-;-;-;-
GRH;195304;-;-;-;-;213.6;2.0;-;-;-;-
GRH;195305;-;-;-;-;163.0;5.7;-;-;-;-
GRH;195306;-;-;-;-;274.1;6.6;-;-;-;-
GRH;195307;-;-;-;-;204.2;10.4;-;-;-;-
GRH;195308;-;-;-;-;97.9;9.5;-;-;-;-
GRH;195309;-;-;-;-;188.6;8.0;-;-;-;-
GRH;195310;-;-;-;-;303.0;4.6;-;-;-;-
GRH;195311;-;-;-;-;41.6;0.6;-;-;-;-
GRH;195312;-;-;-;-;142.0;-1.8;-;-;-;-
GRH;195401;-;-;-;-;336.1;-6.8;-;-;-;-
GRH;195402;-;-;-;-;90.6;-4.4;-;-;-;-
GRH;195403;-;-;-;-;82.2;-0.2;-;-;-;-
GRH;195404;-;-;-;-;259.3;0.2;-;-;-;-
GRH;195405;-;-;-;-;148.3;4.1;-;-;-;-
GRH;195406;-;-;-;-;130.4;8.6;-;-;-;-
GRH;195407;-;-;-;-;192.1;8.0;-;-;-;-
GRH;195408;-;-;-;-;328.6;9.0;-;-;-;-
GRH;195409;-;-;-;-;159.8;8.0;-;-;-;-
GRH;195410;-;-;-;-;155.3;4.6;-;-;-;-
GRH;195411;-;-;-;-;122.4;1.6;-;-;-;-
GRH;195412;-;-;-;-;327.0;-1.0;-;-;-;-
GRH;195501;-;-;-;-;214.1;-2.3;-;-;-;-
GRH;195502;-;-;-;-;333.1;-5.3;-;-;-;-
GRH;195503;-;-;-;-;94.7;-2.8;-;-;-;-
GRH;195504;-;-;-;-;166.6;0.9;-;-;-;-
GRH;195505;-;-;-;-;215.7;3.9;-;-;-;-
GRH;195506;-;-;-;-;206.1;8.1;-;-;-;-
GRH;195507;-;-;-;-;212.3;9.8;-;-;-;-
GRH;195508;-;-;-;-;127.0;8.9;-;-;-;-
GRH;195509;-;-;-;-;129.0;6.2;-;-;-;-
GRH;195510;-;-;-;-;161.4;2.7;-;-;-;-
GRH;195511;-;-;-;-;59.7;-0.1;-;-;-;-
GRH;195512;-;-;-;-;228.0;-1.9;-;-;-;-
GRH;195601;-;-;-;-;191.7;-4.7;-;-;-;-
GRH;195602;-;-;-;-;85.3;-13.4;-;-;-;-
GRH;195603;-;-;-;-;277.0;-3.5;-;-;-;-
GRH;195604;-;-;-;-;312.7;-1.3;-;-;-;-
GRH;195605;-;-;-;-;296.5;4.2;-;-;-;-
GRH;195606;-;-;-;-;243.9;5.3;-;-;-;-
GRH;195607;-;-;-;-;251.6;9.5;-;-;-;-
GRH;195608;-;-;-;-;257.6;8.5;-;-;-;-
GRH;195609;-;-;-;-;145.1;9.1;-;-;-;-
GRH;195610;-;-;-;-;277.4;2.2;-;-;-;-
GRH;195611;-;-;-;-;159.4;-2.9;-;-;-;-
GRH;195612;-;-;-;-;73.9;-4.6;-;-;-;-
GRH;195701;-;-;-;-;153.6;-4.6;-;-;-;-
GRH;195702;-;-;-;-;405.0;-3.7;-;-;-;-
GRH;195703;-;-;-;-;45.4;0.5;-;-;-;-
GRH;195704;-;-;-;-;156.4;0.6;-;-;-;-
GRH;195705;-;-;-;-;204.9;2.3;-;-;-;-
GRH;195706;-;-;-;-;209.8;8.4;-;-;-;-
GRH;195707;-;-;-;-;171.4;9.5;-;-;-;-
GRH;195708;-;-;-;-;165.4;8.5;-;-;-;-
GRH;195709;-;-;-;-;159.3;6.2;-;-;-;-
GRH;195710;-;-;-;-;45.9;4.6;-;-;-;-
GRH;195711;-;-;-;-;80.9;0.3;-;-;-;-
GRH;195712;-;-;-;-;160.2;-5.4;-;-;-;-
GRH;195801;-;-;-;-;287.0;-6.6;-;-;-;-
GRH;195802;-;-;-;-;501.3;-3.9;-;-;-;-
GRH;195803;-;-;-;-;314.1;-6.3;-;-;-;-
GRH;195804;-;-;-;-;494.3;-3.4;-;-;-;-
GRH;195805;-;-;-;-;215.2;5.2;-;-;-;-
GRH;195806;-;-;-;-;125.5;6.7;-;-;-;-
GRH;195807;-;-;-;-;142.0;9.7;-;-;-;-
GRH;195808;-;-;-;-;162.6;10.4;-;-;-;-
GRH;195809;-;-;-;-;88.2;8.9;-;-;-;-
GRH;195810;-;-;-;-;340.5;2.5;-;-;-;-
GRH;195811;-;-;-;-;129.4;-0.7;-;-;-;-
GRH;195812;-;-;-;-;202.3;-4.2;-;-;-;-
GRH;195901;-;-;-;797.8;339.1;-7.0;-;-;-;77.2
GRH;195902;-;-;-;811.1;73.1;-3.5;-;-;-;58.5
GRH;195903;-;-;-;801.8;149.5;-0.9;-;-;-;73.0
GRH;195904;-;-;-;799.3;207.2;-0.1;-;-;-;72.1
GRH;195905;-;-;-;803.1;110.0;3.9;-;-;-;67.4
GRH;195906;-;-;-;808.2;169.7;7.4;-;-;-;75.5
GRH;195907;-;-;-;809.3;149.7;11.0;-;-;-;67.9
GRH;195908;-;-;-;808.2;91.1;8.8;-;-;-;72.3
GRH;195909;-;-;-;808.4;28.3;8.9;-;-;-;72.1
GRH;195910;-;-;-;805.5;183.6;3.1;-;-;-;69.5
GRH;195911;-;-;-;800.2;203.2;-2.2;-;-;-;75.4
GRH;195912;-;-;-;795.1;309.2;-4.7;-;-;-;86.4
GRH;196001;-;-;-;798.5;206.0;-6.9;-;-;-;82.8
GRH;196002;-;-;-;796.7;116.5;-4.5;-;-;-;76.8
GRH;196003;-;-;-;797.2;183.8;-2.9;-;-;-;79.3
GRH;196004;-;-;-;801.8;187.7;-0.9;-;-;-;74.0
GRH;196005;-;-;-;805.3;104.1;4.5;-;-;-;69.6
GRH;196006;-;-;-;808.3;132.4;8.3;-;-;-;72.3
GRH;196007;-;-;-;806.3;248.2;7.5;-;-;-;79.5
GRH;196008;-;-;-;806.2;197.8;8.6;-;-;-;76.1
GRH;196009;-;-;-;804.6;239.5;5.0;-;-;-;80.2
GRH;196010;-;-;-;798.4;292.3;1.1;-;-;-;79.8
GRH;196011;-;-;-;799.9;207.6;-1.5;-;-;-;81.5
GRH;196012;-;-;-;794.5;106.2;-5.9;-;-;-;80.0
GRH;196101;-;-;-;799.0;88.8;-5.5;-;-;-;80.4
GRH;196102;-;-;-;807.4;478.3;-2.8;-;-;-;70.8
GRH;196103;-;-;-;808.4;178.6;-2.0;-;-;-;63.3
GRH;196104;-;-;-;800.5;141.6;2.4;-;-;-;73.0
GRH;196105;-;-;-;802.4;203.9;2.4;-;-;-;76.1
GRH;196106;-;-;-;807.2;156.3;8.2;-;-;-;73.1
GRH;196107;-;-;-;807.4;153.5;8.2;-;-;-;77.1
GRH;196108;-;-;-;809.8;145.4;9.1;-;-;-;73.4
GRH;196109;-;-;-;810.4;30.9;10.3;-;-;-;65.4
GRH;196110;-;-;-;804.2;105.0;4.2;-;-;-;68.5
GRH;196111;-;-;-;798.7;118.2;-1.4;-;-;-;71.7
GRH;196112;-;-;-;799.2;185.1;-3.4;-;-;-;74.1
GRH;196201;-;-;-;801.9;298.6;-5.3;-;-;-;79.9
GRH;196202;-;-;-;801.1;329.7;-7.0;-;-;-;74.3
GRH;196203;-;-;-;792.6;302.7;-7.2;-;-;-;79.2
GRH;196204;-;-;-;801.1;330.8;-1.9;-;-;-;76.8
GRH;196205;-;-;-;802.8;222.3;1.9;-;-;-;75.8
GRH;196206;-;-;-;808.4;71.5;6.1;-;-;-;70.2
GRH;196207;-;-;-;807.4;84.6;8.6;-;-;-;75.4
GRH;196208;-;-;-;809.8;88.2;11.0;-;-;-;70.5
GRH;196209;-;-;-;806.8;86.4;6.9;-;-;-;73.0
GRH;196210;-;-;-;806.9;49.0;4.6;-;-;-;69.3
GRH;196211;-;-;-;797.7;126.7;-3.3;-;-;-;74.8
GRH;196212;-;-;-;796.9;369.8;-6.8;-;-;-;75.2
GRH;196301;-;-;-;795.3;152.1;-10.0;-;-;-;81.3
GRH;196302;-;-;-;790.2;119.5;-8.9;-;-;-;71.0
GRH;196303;-;-;-;799.6;339.1;-3.7;-;-;-;73.3
GRH;196304;-;-;-;799.5;156.4;0.5;-;-;-;74.0
GRH;196305;-;-;-;803.2;152.1;2.9;-;-;-;74.9
GRH;196306;-;-;-;804.4;136.9;7.3;-;-;-;76.3
GRH;196307;-;-;-;809.1;72.8;10.8;-;-;-;73.5
GRH;196308;-;-;-;804.9;162.4;8.4;-;-;-;78.1
GRH;196309;-;-;-;807.5;94.7;7.5;-;-;-;74.6
GRH;196310;-;-;-;807.4;56.1;3.7;-;-;-;67.9
GRH;196311;-;-;-;799.4;163.9;0.1;-;-;-;77.5
GRH;196312;-;-;-;799.3;22.6;-5.6;-;-;-;61.7
GRH;196401;-;9;30;808.0;50.7;-4.8;-;-;-;55.6
GRH;196402;-;43;67;800.5;84.7;-4.5;-;-;-;77.5
GRH;196403;-;88;78;795.8;213.5;-3.6;-;-;-;80.0
GRH;196404;-;106;74;801.8;227.8;0.2;-;-;-;81.4
GRH;196405;-;46;66;806.6;153.8;5.5;-;-;-;74.1
GRH;196406;-;0;67;807.3;102.6;8.9;-;-;-;75.2
GRH;196407;-;0;53;810.0;51.5;10.8;-;-;-;70.8
GRH;196408;-;0;62;807.1;139.9;8.5;-;-;-;77.3
GRH;196409;-;1;47;809.9;85.5;7.5;-;-;-;72.7
GRH;196410;-;38;78;802.0;213.3;0.5;-;-;-;80.3
GRH;196411;-;48;63;804.4;154.1;-0.6;-;-;-;73.3
GRH;196412;-;125;56;798.3;153.5;-5.4;-;-;-;70.5
GRH;196501;-;151;81;796.8;239.1;-6.0;-;-;-;82.2
GRH;196502;-;275;53;798.9;266.1;-10.7;-;-;-;78.5
GRH;196503;-;322;66;800.2;321.9;-4.5;-;-;-;78.2
GRH;196504;-;361;78;798.0;418.6;-2.8;-;-;-;83.2
GRH;196505;-;362;76;803.1;197.3;2.4;-;-;-;79.0
GRH;196506;-;191;71;806.5;170.2;7.2;-;-;-;73.6
GRH;196507;-;0;73;806.1;191.2;7.9;-;-;-;78.3
GRH;196508;-;0;74;806.9;207.7;7.9;-;-;-;78.5
GRH;196509;-;1;70;803.5;263.0;4.8;-;-;-;74.6
GRH;196510;-;0;28;808.0;7.1;5.8;-;-;-;51.5
GRH;196511;-;42;86;796.3;271.7;-2.7;-;-;-;82.9
GRH;196512;-;166;84;795.8;402.3;-4.5;-;-;-;85.9
GRH;196601;-;258;60;796.4;198.6;-6.8;-;-;-;73.2
GRH;196602;-;310;77;-;260.6;-1.8;-;-;-;78.2
GRH;196603;-;397;65;-;475.2;-5.3;-;-;-;78.1
GRH;196604;-;419;66;-;144.8;1.8;-;-;-;69.5
GRH;196605;-;302;62;-;161.3;4.2;-;-;-;76.7
GRH;196606;-;62;67;-;112.0;8.1;-;-;-;77.0
GRH;196607;-;0;76;-;152.9;7.6;-;-;-;85.6
GRH;196608;-;0;70;-;146.2;8.3;-;-;-;78.9
GRH;196609;-;0;42;-;46.5;9.2;-;-;-;75.4
GRH;196610;-;4;74;-;132.7;5.3;-;-;-;79.9
GRH;196611;-;99;76;-;325.3;-4.8;-;-;-;87.1
GRH;196612;-;201;75;-;592.4;-5.8;-;-;-;83.2
GRH;196701;-;253;57;-;238.1;-5.8;-;-;-;84.9
GRH;196702;-;231;58;-;150.3;-4.4;-;-;-;70.9
GRH;196703;-;269;75;-;408.8;-2.6;-;-;-;82.8
GRH;196704;-;318;62;-;390.7;-1.5;-;-;-;79.4
GRH;196705;-;245;65;-;300.0;3.5;-;-;-;77.0
GRH;196706;-;123;63;-;92.5;6.3;-;-;-;77.1
GRH;196707;-;0;58;-;78.9;11.4;-;-;-;71.9
GRH;196708;-;0;68;-;121.1;9.4;-;-;-;79.5
GRH;196709;-;1;66;-;117.7;6.6;-;-;-;78.7
GRH;196710;-;1;43;-;56.5;6.0;-;-;-;65.4
GRH;196711;-;16;57;-;103.5;0.9;-;-;-;73.2
GRH;196712;-;67;64;-;209.2;-5.8;-;-;-;76.2
GRH;196801;-;279;68;-;692.1;-7.2;-;-;-;86.6
GRH;196802;-;322;64;-;141.8;-4.1;-;-;-;80.1
GRH;196803;-;347;51;-;221.1;-3.2;-;-;-;75.9
GRH;196804;-;294;57;-;123.3;1.6;-;-;-;72.4
GRH;196805;-;197;81;-;214.8;3.5;-;-;-;79.1
GRH;196806;-;28;69;-;97.3;7.8;-;-;-;74.3
GRH;196807;-;0;66;-;148.8;9.1;-;-;-;73.7
GRH;196808;-;0;78;-;209.1;7.8;-;-;-;82.5
GRH;196809;-;0;68;-;139.8;6.1;-;-;-;79.6
GRH;196810;-;0;46;-;44.7;5.8;-;-;-;69.0
GRH;196811;-;14;51;-;95.6;0.1;-;-;-;72.0
GRH;196812;-;59;50;-;230.9;-5.2;-;-;-;74.4
GRH;196901;-;169;57;-;182.8;-4.2;-;-;-;76.0
GRH;196902;-;211;73;-;202.0;-8.7;-;-;-;86.5
GRH;196903;-;198;64;-;55.6;-2.8;-;-;-;76.7
GRH;196904;-;262;73;-;399.8;-0.5;-;-;-;79.6
GRH;196905;-;141;71;-;143.6;5.3;-;-;-;74.0
GRH;196906;-;19;76;-;266.6;5.6;-;-;-;81.3
GRH;196907;-;1;58;-;119.1;10.5;-;-;-;75.9
GRH;196908;-;1;72;-;216.1;8.2;-;-;-;81.1
GRH;196909;-;0;53;-;32.5;8.6;-;-;-;73.6
GRH;196910;-;0;23;-;13.2;6.2;-;-;-;59.4
GRH;196911;-;25;68;-;184.6;-1.8;-;-;-;79.6
GRH;196912;-;123;43;-;223.3;-8.5;-;-;-;80.4
GRH;197001;-;126;62;-;141.9;-4.6;-;-;-;80.2
GRH;197002;-;315;90;-;672.3;-5.4;-;-;-;92.2
GRH;197003;-;438;72;-;361.0;-5.9;-;-;-;90.4
GRH;197004;-;583;82;-;483.9;-2.4;-;-;-;83.0
GRH;197005;-;571;73;-;201.3;2.6;-;-;-;79.6
GRH;197006;-;318;62;-;84.0;8.4;-;-;-;71.5
GRH;197007;-;23;67;-;154.4;8.9;-;-;-;77.2
GRH;197008;-;0;61;-;170.1;9.3;-;-;-;77.6
GRH;197009;-;0;45;-;74.7;8.6;-;-;-;67.8
GRH;197010;-;21;45;-;229.8;3.0;-;-;-;64.4
GRH;197011;-;52;60;-;141.4;0.3;-;-;-;73.9
GRH;197012;-;83;47;-;161.1;-5.6;-;-;-;68.1
GRH;197101;-;75;43;-;42.6;-5.6;-;-19.4;-;70.4
GRH;197102;-;113;56;-;277.3;-5.9;-;-14.9;-;78.9
GRH;197103;-;202;69;793.5;246.0;-7.3;-;-22.5;-;79.7
GRH;197104;-;176;54;798.5;60.0;2.5;-;-5.3;-;67.2
GRH;197105;-;42;70;800.5;59.1;5.8;-;-2.6;-;74.2
GRH;197106;-;1;81;802.1;220.7;5.9;-;-1.6;17.8;68.3
GRH;197107;-;0;43;808.5;54.3;11.1;-;0.0;22.5;64.7
GRH;197108;-;0;60;807.3;161.4;11.1;-;3.5;24.2;69.2
GRH;197109;-;0;54;808.3;103.8;6.2;-;-3.4;16.2;72.1
GRH;197110;-;0;26;810.6;34.8;5.3;-;-5.5;14.5;58.0
GRH;197111;-;38;55;797.2;266.5;-2.6;-;-15.8;11.0;78.2
GRH;197112;-;81;40;807.2;129.8;-1.8;-;-11.2;7.1;55.1
GRH;197201;-;101;53;795.2;71.9;-5.9;-;-15.8;3.8;71.5
GRH;197202;-;94;74;795.8;89.2;-3.9;-;-13.5;3.0;75.8
GRH;197203;-;112;51;798.4;80.7;-1.6;-;-10.0;9.6;68.3
GRH;197204;-;139;83;795.7;285.8;-1.8;-;-10.0;10.8;84.7
GRH;197205;-;137;75;800.3;198.4;2.3;-;-7.6;13.8;79.2
GRH;197206;-;16;66;803.5;218.2;5.7;-;-1.5;17.8;79.4
GRH;197207;-;0;74;806.6;94.7;8.4;-;0.3;21.0;80.8
GRH;197208;-;0;69;806.6;161.3;8.2;-;-1.6;20.7;80.1
GRH;197209;-;4;59;803.8;114.2;3.9;-;-3.0;15.2;74.6
GRH;197210;-;23;38;803.9;209.5;3.5;-;-7.5;15.8;67.4
GRH;197211;-;81;55;802.7;328.4;-1.2;-;-12.6;10.8;71.6
GRH;197212;-;91;39;805.9;19.2;-2.9;-;-11.2;3.3;56.2
GRH;197301;-;96;49;801.9;111.9;-4.6;-;-12.5;3.0;63.0
GRH;197302;-;158;56;795.4;284.1;-8.0;-;-18.4;5.8;70.9
GRH;197303;-;227;58;802.2;126.7;-5.1;-;-16.5;8.0;72.7
GRH;197304;-;275;78;796.9;378.3;-4.6;-;-13.5;8.6;82.3
GRH;197305;-;169;68;804.5;106.4;4.5;-;-4.4;15.6;77.5
GRH;197306;-;6;70;806.5;209.2;7.4;-;-1.8;21.1;77.1
GRH;197307;-;0;71;804.3;223.6;8.4;-;-0.6;21.4;81.3
GRH;197308;-;0;60;809.4;110.7;11.0;-;1.4;21.5;74.3
GRH;197309;-;0;55;806.4;84.3;8.1;-;-1.8;22.8;71.2
GRH;197310;-;16;53;804.3;193.2;2.9;-;-6.6;15.4;69.2
GRH;197311;-;56;50;804.2;250.7;-1.6;-;-15.2;10.6;72.1
GRH;197312;-;173;68;798.1;315.3;-5.7;-;-23.2;2.0;76.4
GRH;197401;-;183;64;803.4;137.4;-3.1;-;-11.6;5.6;70.6
GRH;197402;-;237;79;794.2;239.6;-5.3;-;-16.5;3.1;79.2
GRH;197403;-;246;71;798.5;112.7;-2.2;-;-13.1;8.6;71.7
GRH;197404;-;183;58;796.4;84.6;-1.1;-;-10.8;10.1;76.3
GRH;197405;-;151;69;800.3;173.0;2.6;-;-5.0;13.8;79.1
GRH;197406;-;9;69;803.0;175.9;5.4;-;-3.8;18.3;80.6
GRH;197407;-;0;64;807.1;140.9;8.5;-;-0.2;20.5;78.2
GRH;197408;-;0;63;807.6;132.5;10.2;-;0.4;23.2;73.0
GRH;197409;-;8;64;803.6;208.0;6.2;-;-4.2;18.8;72.3
GRH;197410;-;100;89;796.1;406.0;-4.2;-;-12.6;3.3;89.7
GRH;197411;-;199;70;799.9;315.5;-2.8;-;-10.5;4.0;75.2
GRH;197412;-;320;64;805.5;398.9;-4.0;-;-13.3;6.2;78.3
GRH;197501;-;371;56;803.5;275.7;-3.2;-;-13.6;5.6;70.4
GRH;197502;-;424;24;803.5;77.3;-4.3;-;-13.4;6.6;56.9
GRH;197503;-;461;79;791.6;255.8;-5.5;-;-17.2;4.8;79.1
GRH;197504;-;514;61;799.3;265.4;-1.0;-;-12.2;11.7;77.6
GRH;197505;-;398;65;801.1;164.5;3.3;-;-6.3;15.0;69.0
GRH;197506;-;241;70;804.1;216.9;4.8;-;-3.6;19.0;77.7
GRH;197507;-;41;55;806.9;130.9;8.8;-;-1.4;22.1;75.4
GRH;197508;-;0;64;807.3;169.3;9.5;-;0.0;21.5;79.2
GRH;197509;-;0;66;807.2;124.1;9.0;-;-1.0;19.4;72.0
GRH;197510;-;42;44;805.4;139.3;2.5;-;-5.4;15.4;66.7
GRH;197511;-;73;63;799.3;271.6;-2.4;-;-13.0;7.2;73.6
GRH;197512;-;80;31;803.3;23.3;-3.6;-;-12.5;4.8;56.0
GRH;197601;-;114;69;800.4;266.1;-6.6;-;-21.4;3.4;78.4
GRH;197602;-;146;46;801.2;59.3;-3.9;-;-14.0;9.4;63.4
GRH;197603;-;139;49;799.0;51.3;-4.2;-;-18.7;9.5;64.9
GRH;197604;-;156;58;798.0;189.4;-1.3;-;-13.1;10.7;69.0
GRH;197605;-;62;54;803.3;95.8;4.0;-;-6.2;16.3;69.2
GRH;197606;-;0;54;808.0;124.8;8.8;-;-2.0;20.0;67.0
GRH;197607;-;0;69;806.4;167.5;9.6;-;-0.4;21.7;74.8
GRH;197608;-;0;64;806.6;111.7;7.6;-;0.8;19.2;77.4
GRH;197609;-;2;64;803.5;118.1;4.9;-;-3.6;14.4;75.8
GRH;197610;-;2;70;797.6;201.7;3.7;-;-3.8;18.7;70.1
GRH;197611;-;78;65;800.1;225.5;-3.3;-;-12.5;4.1;80.1
GRH;197612;-;187;51;793.0;239.7;-7.2;-;-18.8;0.6;73.0
GRH;197701;-;202;73;795.7;175.3;-6.2;-;-17.0;3.1;80.5
GRH;197702;-;280;71;795.4;227.4;-5.0;-;-18.5;1.6;77.5
GRH;197703;-;291;70;802.9;159.3;-1.4;-;-12.5;8.5;75.1
GRH;197704;-;334;79;798.9;457.4;-2.3;-;-14.9;9.4;85.9
GRH;197705;-;270;78;800.9;131.1;2.6;-;-6.6;14.2;81.2
GRH;197706;-;36;76;803.2;108.1;5.8;-;-0.7;15.4;83.5
GRH;197707;-;0;65;804.3;188.0;8.4;-;0.3;19.8;82.7
GRH;197708;-;0;78;803.4;146.4;7.6;-;0.4;17.3;85.3
GRH;197709;-;0;49;807.8;42.9;6.1;-;-4.0;19.6;79.5
GRH;197710;-;0;50;806.3;158.1;5.7;-;-2.9;15.6;67.2
GRH;197711;-;60;68;797.8;315.2;-3.1;-;-14.8;14.5;78.4
GRH;197712;-;91;49;802.5;117.6;-3.5;-;-14.4;8.4;60.9
GRH;197801;-;167;64;795.4;289.0;-6.1;-;-16.2;5.2;79.2
GRH;197802;-;287;71;790.5;293.0;-6.3;-;-19.8;6.3;83.2
GRH;197803;-;309;80;797.8;345.3;-3.6;-;-12.5;6.6;81.9
GRH;197804;-;354;66;793.9;116.2;-2.6;-;-12.5;6.7;80.9
GRH;197805;-;321;78;799.9;197.1;1.3;-;-8.4;13.0;82.6
GRH;197806;-;118;73;803.4;153.4;4.8;-;-4.7;15.4;77.1
GRH;197807;-;2;63;806.3;180.0;7.8;-;-0.5;20.3;78.9
GRH;197808;-;1;59;807.1;201.7;8.0;-;-2.2;19.8;77.7
GRH;197809;-;3;51;807.0;154.6;6.7;-;-2.2;19.4;74.1
GRH;197810;-;15;41;807.0;146.9;4.1;-;-4.2;19.6;61.7
GRH;197811;-;6;19;808.2;54.9;0.4;-;-17.0;13.1;54.7
GRH;197812;-;49;61;793.4;100.6;-3.4;-;-14.5;6.9;72.9
GRH;197901;-;119;64;793.3;240.0;-8.3;-;-23.0;3.1;74.0
GRH;197902;-;150;69;792.5;123.1;-5.6;-;-16.2;2.2;73.0
GRH;197903;-;246;78;794.6;347.9;-3.6;-;-13.8;7.0;79.3
GRH;197904;-;312;69;796.1;176.4;-3.4;-;-14.5;8.5;79.9
GRH;197905;-;254;58;804.0;102.6;2.5;-;-13.2;16.0;67.6
GRH;197906;-;16;69;806.5;151.6;6.9;-;-3.0;17.4;75.9
GRH;197907;-;0;66;808.4;62.1;8.4;-;0.0;22.2;74.4
GRH;197908;-;0;64;804.9;165.0;7.8;-;-1.0;21.5;74.1
GRH;197909;-;1;40;807.6;100.8;7.4;-;-2.3;19.0;71.2
GRH;197910;-;0;64;801.9;184.8;4.9;-;-3.6;19.1;74.2
GRH;197911;-;72;59;799.9;254.6;-2.8;-;-12.0;9.8;71.0
GRH;197912;-;143;69;798.7;438.0;-4.0;-;-15.9;6.5;73.2
GRH;198001;-;267;61;796.1;244.2;-7.2;-;-21.7;1.8;75.6
GRH;198002;-;287;46;802.4;199.9;-4.4;-;-13.6;6.5;61.9
GRH;198003;-;310;73;794.1;148.2;-4.1;-;-14.5;8.2;74.5
GRH;198004;-;427;73;799.0;348.6;-4.5;-;-15.5;6.3;83.5
GRH;198005;-;389;75;798.1;70.0;1.5;-;-6.5;10.9;75.8
GRH;198006;-;218;79;802.6;247.4;4.2;-;-3.8;17.3;80.0
GRH;198007;-;38;70;804.0;203.6;6.8;-;-0.6;22.3;74.5
GRH;198008;-;0;63;807.6;129.7;10.1;-;0.4;22.8;70.4
GRH;198009;-;0;38;809.3;45.5;8.7;-;0.6;20.6;58.9
GRH;198010;-;37;59;800.1;319.5;1.9;-;-7.6;17.2;68.3
GRH;198011;-;51;59;799.0;124.5;-1.6;-;-13.0;10.4;61.3
GRH;198012;-;160;56;800.3;332.4;-7.2;-;-19.8;5.1;65.9
GRH;198101;-;271;63;800.1;510.3;-7.7;-;-16.2;4.8;73.1
GRH;198102;-;324;36;798.3;151.2;-7.5;-;-18.8;7.0;52.8
GRH;198103;-;316;74;797.3;258.2;-1.6;-;-13.4;10.5;70.2
GRH;198104;-;239;61;800.7;76.6;1.2;-;-10.2;12.8;64.4
GRH;198105;-;188;68;800.2;200.6;2.7;-;-6.7;15.0;67.6
GRH;198106;-;15;69;806.0;145.5;6.6;-;-2.2;20.4;71.4
GRH;198107;-;3;73;806.7;284.2;7.2;-;-2.4;22.0;78.2
GRH;198108;-;0;50;808.3;52.2;9.9;-;1.6;21.8;76.4
GRH;198109;-;2;79;805.5;281.1;7.0;-;-2.7;17.6;84.5
GRH;198110;-;20;73;800.9;317.9;2.0;-;-8.4;14.5;78.6
GRH;198111;-;47;50;806.4;296.0;-2.6;-;-12.2;13.0;73.4
GRH;198112;-;265;88;787.4;498.7;-7.5;-;-19.7;1.2;85.0
GRH;198201;-;371;55;800.9;331.6;-4.6;-;-15.6;6.3;66.9
GRH;198202;-;395;45;800.6;66.4;-5.3;-;-19.1;5.8;65.9
GRH;198203;-;434;73;799.1;262.0;-5.5;-;-14.6;6.6;76.5
GRH;198204;-;394;60;799.6;101.8;-1.8;-;-11.0;9.8;68.4
GRH;198205;-;327;49;805.8;85.3;3.4;-;-8.8;16.9;60.8
GRH;198206;-;69;69;805.3;161.8;7.6;-;-0.6;17.2;71.0
GRH;198207;-;0;53;808.0;199.0;10.4;-;3.0;21.6;68.5
GRH;198208;-;0;69;806.5;182.5;9.1;-;-0.2;20.9;82.4
GRH;198209;-;0;48;808.4;94.3;9.6;-;-1.7;22.2;71.0
GRH;198210;-;16;56;801.3;157.8;2.5;-;-5.0;13.5;71.5
GRH;198211;-;22;50;802.3;127.5;-0.2;-;-9.6;13.4;67.5
GRH;198212;-;58;63;798.4;171.5;-4.8;-;-17.2;3.5;73.5
GRH;198301;-;143;56;808.9;422.7;-3.7;-;-14.2;5.8;64.0
GRH;198302;-;242;49;796.3;159.4;-7.8;-;-18.0;3.4;66.0
GRH;198303;-;268;53;800.5;139.7;-2.7;-;-14.5;9.0;66.7
GRH;198304;-;310;84;796.9;203.6;-0.9;-;-10.3;10.2;73.7
GRH;198305;-;271;74;798.4;313.7;1.5;-;-4.2;12.5;72.8
GRH;198306;-;99;65;807.5;79.5;7.3;-;-2.2;18.0;61.4
GRH;198307;-;0;36;809.7;33.2;13.3;-;1.8;25.5;48.6
GRH;198308;-;0;65;807.1;99.3;9.6;-;0.0;20.3;65.3
GRH;198309;-;0;55;807.2;143.0;8.4;-;-1.0;21.2;58.0
GRH;198310;-;2;36;808.0;104.3;4.8;-;-3.8;19.0;59.6
GRH;198311;-;7;31;801.6;193.6;1.2;-;-9.2;12.3;60.5
GRH;198312;-;65;49;800.4;158.3;-4.0;-;-15.0;10.1;56.5
GRH;198401;-;167;73;796.4;335.0;-7.1;-;-18.2;4.6;70.6
GRH;198402;-;255;55;797.4;308.6;-8.2;-;-17.1;1.7;65.9
GRH;198403;-;249;45;795.5;123.9;-6.4;-;-19.4;3.3;63.6
GRH;198404;-;272;48;799.8;99.2;-2.0;-;-14.5;13.0;60.9
GRH;198405;-;190;85;794.6;138.1;0.7;-;-7.3;10.8;73.1
GRH;198406;-;84;63;805.0;108.8;5.9;-;-2.0;18.2;63.4
GRH;198407;-;0;56;808.5;116.2;9.2;-;-0.4;23.2;61.5
GRH;198408;-;0;63;806.9;116.0;8.9;-;4.0;18.7;65.4
GRH;198409;-;5;69;801.1;247.2;4.9;-;-2.8;20.6;67.8
GRH;198410;-;9;53;805.5;98.2;4.1;-;-2.8;15.7;52.8
GRH;198411;-;16;53;799.0;85.4;1.8;-;-6.3;15.0;58.7
GRH;198412;-;65;50;803.6;113.9;-3.9;-;-16.5;7.5;55.1
GRH;198501;-;154;60;790.8;206.1;-10.6;-;-26.3;1.8;72.2
GRH;198502;-;215;56;799.7;182.9;-4.5;-;-16.9;7.2;68.5
GRH;198503;-;243;63;795.8;196.2;-5.4;-;-15.4;7.4;65.2
GRH;198504;-;266;65;798.1;209.9;-1.2;-;-11.2;9.5;64.7
GRH;198505;-;252;68;799.0;190.6;3.0;-;-6.3;15.5;61.6
GRH;198506;-;48;70;803.5;183.8;5.4;-;-4.0;18.7;64.7
GRH;198507;-;0;49;808.5;105.7;11.3;-;3.6;23.5;54.1
GRH;198508;-;0;54;807.0;153.8;9.7;-;-1.5;22.5;51.6
GRH;198509;-;0;31;810.2;44.1;9.9;-;0.2;20.4;43.6
GRH;198510;-;0;29;808.9;4.1;6.4;-;0.4;20.5;58.2
GRH;198511;-;32;63;795.7;185.0;-4.5;-;-12.4;10.0;62.4
GRH;198512;-;51;38;802.2;39.7;-2.1;-;-16.2;9.0;43.7
GRH;198601;-;167;78;794.0;588.8;-7.7;2262;-18.5;5.0;84.7
GRH;198602;-;243;45;789.7;47.6;-10.1;7560;-25.9;-0.7;74.7
GRH;198603;-;241;55;798.9;195.3;-3.7;9210;-12.7;4.9;79.8
GRH;198604;-;385;90;794.8;325.7;-3.1;2070;-14.0;3.3;96.6
GRH;198605;-;258;63;806.4;155.0;4.6;8406;-5.1;13.6;79.9
GRH;198606;-;82;56;805.6;143.5;7.0;11904;-4.9;19.5;79.9
GRH;198607;-;0;63;807.9;140.8;8.7;8832;1.7;19.8;81.6
GRH;198608;-;0;60;806.5;137.4;8.8;9186;-2.0;19.6;80.0
GRH;198609;-;0;44;808.4;61.4;8.1;7686;0.8;16.5;73.3
GRH;198610;-;2;35;806.8;87.3;4.6;8568;-6.4;18.2;74.0
GRH;198611;-;16;44;806.3;99.6;0.1;4638;-7.5;8.4;68.1
GRH;198612;-;76;64;802.2;423.7;-4.4;2928;-16.7;5.5;72.5
GRH;198701;-;211;44;795.5;275.6;-6.8;4254;-29.0;4.6;74.5
GRH;198702;-;214;65;795.7;244.6;-5.0;3288;-14.0;4.7;77.4
GRH;198703;-;298;70;796.8;274.0;-6.8;5880;-15.5;2.4;84.4
GRH;198704;-;281;53;802.5;181.6;0.0;9678;-14.1;10.3;77.5
GRH;198705;-;260;74;800.4;312.4;0.7;5940;-7.3;11.2;85.3
GRH;198706;-;153;73;804.4;250.0;4.9;6312;-1.8;22.5;84.9
GRH;198707;-;2;70;806.3;172.6;9.2;6438;0.0;19.5;84.1
GRH;198708;-;0;58;806.6;185.4;9.4;8460;-0.2;23.6;81.8
GRH;198709;-;0;49;808.5;79.3;9.7;8304;-0.9;20.9;78.9
GRH;198710;-;1;63;803.5;164.6;5.0;4386;-3.1;14.1;77.9
GRH;198711;-;40;65;799.9;198.9;-1.4;2958;-11.4;11.1;82.2
GRH;198712;-;63;45;803.3;67.6;-0.7;4392;-11.3;7.8;67.7
GRH;198801;-;78;66;797.5;166.1;-3.3;1860;-12.5;4.4;85.2
GRH;198802;-;171;65;796.4;268.7;-5.6;2100;-13.0;5.0;82.5
GRH;198803;-;325;83;795.6;671.4;-4.2;636;-14.6;8.6;82.1
GRH;198804;-;387;61;799.4;84.9;2.9;1728;-6.0;15.6;73.0
GRH;198805;-;207;71;801.1;96.4;5.9;2652;-0.6;17.1;76.1
GRH;198806;-;47;73;802.9;164.6;7.7;3228;-2.1;17.5;74.7
GRH;198807;-;0;56;806.8;141.5;10.7;8778;1.0;22.0;73.8
GRH;198808;-;0;61;806.5;134.8;10.4;8070;0.6;21.0;75.6
GRH;198809;-;1;60;806.9;108.7;6.7;6900;-2.2;15.6;79.8
GRH;198810;-;1;55;805.3;218.6;5.5;5280;-4.5;16.1;72.9
GRH;198811;-;12;43;803.3;96.6;-0.7;4122;-16.3;8.8;65.2
GRH;198812;-;112;63;804.7;341.6;-4.1;3024;-12.3;5.7;76.7
GRH;198901;-;112;18;811.4;9.7;-1.7;6612;-9.6;8.3;49.3
GRH;198902;-;125;53;803.0;125.4;-2.4;3870;-10.2;5.1;72.7
GRH;198903;-;191;48;801.8;154.7;-1.0;4050;-11.7;9.4;69.0
GRH;198904;-;243;86;794.3;309.3;-1.9;444;-10.2;5.3;87.1
GRH;198905;272;160;48;805.4;84.7;4.8;11515;-7.0;14.3;72.6
GRH;198906;253;6;63;804.1;72.4;5.9;10125;-2.9;18.0;78.3
GRH;198907;201;0;69;808.3;153.5;9.9;8487;2.2;21.5;80.4
GRH;198908;204;1;56;805.7;153.4;9.4;11071;-1.1;19.7;77.7
GRH;198909;127;0;61;805.9;98.7;6.3;6886;-2.7;17.3;80.9
GRH;198910;120;17;35;806.8;121.5;4.3;10109;-6.6;14.4;64.6
GRH;198911;70;15;35;800.0;82.5;-0.7;6344;-10.9;11.3;57.8
GRH;198912;53;32;33;799.5;96.0;-1.1;5169;-9.1;6.8;46.0
GRH;199001;68;49;30;804.9;33.8;-3.8;6449;-10.1;5.4;50.6
GRH;199002;95;122;51;801.8;297.8;-1.1;5826;-10.7;6.7;63.7
GRH;199003;169;161;53;808.7;118.0;-1.2;8670;-12.7;9.9;62.9
GRH;199004;188;183;78;797.3;176.5;-1.8;3403;-8.4;8.9;82.1
GRH;199005;247;64;60;805.2;101.8;5.5;10996;-1.6;14.6;74.0
GRH;199006;202;1;70;803.5;166.2;6.6;7756;-2.1;21.0;82.3
GRH;199007;241;0;55;807.9;85.2;9.9;12536;0.2;20.5;75.8
GRH;199008;207;0;46;809.0;71.7;10.4;12423;2.2;21.7;72.5
GRH;199009;157;0;66;804.9;81.4;6.0;9360;0.0;17.3;79.0
GRH;199010;85;2;58;801.9;135.0;5.4;5387;-2.0;15.9;68.4
GRH;199011;64;76;64;797.3;251.2;-2.5;3813;-11.9;5.7;73.8
GRH;199012;55;186;51;797.4;172.0;-6.6;4240;-16.5;5.6;71.1
GRH;199101;69;261;41;803.9;119.7;-4.2;5630;-11.7;5.3;62.1
GRH;199102;115;239;45;796.5;35.9;-7.7;7092;-22.2;7.5;66.9
GRH;199103;147;222;69;798.3;83.3;-0.6;5285;-12.3;6.4;74.4
GRH;199104;226;209;64;798.5;162.9;-2.3;7711;-11.8;8.9;73.9
GRH;199105;233;232;70;801.4;247.4;-0.1;6189;-8.7;11.0;82.5
GRH;199106;214;66;73;803.4;198.6;5.7;7561;-2.8;19.2;81.9
GRH;199107;252;0;50;807.0;154.8;11.3;13771;2.4;21.6;75.7
GRH;199108;224;0;46;809.1;54.0;11.4;13303;4.3;23.6;74.1
GRH;199109;147;0;58;806.0;184.6;9.0;8974;-1.0;17.8;75.0
GRH;199110;98;3;54;802.0;90.7;2.5;6955;-8.1;15.5;72.0
GRH;199111;55;32;54;798.9;108.9;-1.8;3591;-10.0;9.7;71.3
GRH;199112;48;75;34;806.4;443.7;-4.0;5061;-12.3;5.9;54.9
GRH;199201;68;146;26;807.5;14.7;-3.1;6330;-16.0;5.4;48.4
GRH;199202;105;235;46;805.3;235.9;-4.1;6408;-16.8;5.5;61.7
GRH;199203;149;283;64;799.4;318.1;-2.9;6504;-12.0;6.9;76.0
GRH;199204;203;357;68;797.7;167.5;-0.9;6383;-10.7;9.5;76.8
GRH;199205;247;226;55;805.0;37.9;5.8;9897;-2.3;16.4;70.5
GRH;199206;192;14;75;801.8;174.4;6.4;5959;-1.1;17.4;81.7
GRH;199207;228;0;60;807.4;96.3;10.4;11574;2.9;21.4;77.9
GRH;199208;206;0;54;807.8;145.8;12.4;11998;-0.6;22.7;69.1
GRH;199209;139;2;58;807.3;165.2;7.0;8042;-3.4;16.6;74.8
GRH;199210;81;21;79;795.2;134.8;0.8;3671;-8.1;9.8;82.3
GRH;199211;58;92;63;803.1;278.4;0.6;3654;-9.9;10.5;74.5
GRH;199212;47;167;43;800.7;137.9;-2.9;4267;-9.8;4.2;62.5
GRH;199301;64;165;39;807.3;119.9;-2.7;5390;-17.2;5.7;66.3
GRH;199302;113;193;35;805.2;113.9;-4.8;7653;-21.2;7.2;58.3
GRH;199303;154;191;59;801.5;95.8;-4.0;8845;-15.5;8.4;72.7
GRH;199304;184;218;75;798.1;225.8;-0.2;4308;-11.1;8.4;79.2
GRH;199305;217;72;68;801.8;92.0;5.3;7238;-3.6;16.8;73.5
GRH;199306;203;0;70;805.4;192.4;7.9;8316;-0.6;18.6;80.6
GRH;199307;197;3;69;806.7;181.2;8.1;8287;-2.2;20.2;82.0
GRH;199308;195;0;55;807.9;102.6;10.4;10971;-0.4;19.3;76.4
GRH;199309;114;3;70;801.2;286.2;5.2;5499;-2.7;17.3;81.3
GRH;199310;77;12;63;799.9;270.2;2.3;4405;-7.0;9.8;72.7
GRH;199311;62;15;40;799.9;84.3;-2.8;4915;-12.8;6.7;68.2
GRH;199312;44;71;73;796.8;250.2;-4.0;2252;-15.4;6.9;78.0
GRH;199401;57;234;66;798.2;341.5;-4.9;3200;-14.5;1.6;75.9
GRH;199402;100;219;64;796.2;89.5;-5.8;4317;-16.2;4.3;70.7
GRH;199403;156;208;65;804.3;159.7;-0.1;7446;-9.3;7.8;76.1
GRH;199404;200;240;78;795.9;257.5;-2.1;4191;-10.9;10.6;81.1
GRH;199405;197;125;73;800.9;264.5;4.5;6290;-3.2;13.2;78.9
GRH;199406;233;2;69;807.2;139.4;7.6;10262;-3.1;19.5;76.1
GRH;199407;248;0;51;808.5;83.2;12.4;13016;4.6;23.1;70.3
GRH;199408;186;0;59;806.8;161.8;11.2;9975;3.1;21.6;74.6
GRH;199409;111;3;71;803.5;176.1;6.2;4819;-3.9;17.4;81.1
GRH;199410;102;1;50;802.9;75.1;3.5;7288;-5.8;14.7;67.9
GRH;199411;53;5;65;805.3;131.5;2.5;3697;-3.7;8.9;70.6
GRH;199412;47;31;53;803.4;127.8;-2.3;3686;-14.8;8.8;65.7
GRH;199501;56;162;69;798.2;509.0;-7.0;3061;-20.7;1.8;71.9
GRH;199502;102;259;63;799.8;235.1;-3.0;5002;-13.3;3.4;75.0
GRH;199503;165;371;60;797.1;446.2;-5.6;6991;-15.5;6.8;72.6
GRH;199504;196;379;75;800.1;254.6;-0.7;5744;-8.7;9.8;82.1
GRH;199505;240;305;61;802.1;216.8;3.3;8939;-7.3;14.5;73.7
GRH;199506;228;158;70;803.4;145.0;5.1;8292;-2.9;18.6;83.1
GRH;199507;248;1;56;807.2;76.0;12.0;13424;4.6;24.1;73.3
GRH;199508;165;4;74;805.8;221.1;8.5;7401;-2.1;21.2;82.5
GRH;199509;119;4;80;801.3;227.3;3.7;4790;-4.0;12.1;83.3
GRH;199510;115;0;30;809.4;2.0;7.3;9947;-0.9;17.1;58.9
GRH;199511;60;25;63;801.0;159.7;-2.3;3634;-14.6;8.5;72.2
GRH;199512;46;51;65;796.5;159.3;-4.5;2520;-16.7;3.6;71.2
GRH;199601;61;86;41;796.7;11.6;-2.6;4655;-8.4;2.3;58.5
GRH;199602;102;111;66;793.0;154.3;-8.3;4577;-18.8;0.1;70.9
GRH;199603;173;148;51;796.1;134.8;-5.2;8917;-17.3;7.6;68.4
GRH;199604;204;143;68;800.0;83.4;0.1;7418;-11.8;10.4;73.3
GRH;199605;203;68;70;800.0;307.2;3.5;6478;-4.7;18.2;79.7
GRH;199606;244;0;59;807.6;53.1;8.4;11364;-2.3;19.9;74.2
GRH;199607;232;1;61;806.7;188.2;8.6;11445;-1.3;20.4;80.0
GRH;199608;175;0;70;805.3;145.7;8.3;7460;1.8;19.4;84.6
GRH;199609;150;2;64;801.0;100.5;3.5;7482;-3.1;16.7;81.5
GRH;199610;83;9;69;803.8;205.7;2.5;5123;-4.6;11.4;76.7
GRH;199611;55;59;74;796.9;467.5;-2.3;2902;-13.1;12.1;79.1
GRH;199612;52;189;60;794.9;72.3;-3.9;3603;-18.5;3.1;67.8
GRH;199701;67;177;44;801.7;12.9;-2.7;4613;-10.7;5.0;55.9
GRH;199702;111;174;45;805.2;200.1;-2.9;6613;-12.0;5.1;60.1
GRH;199703;177;181;51;806.2;198.4;-1.0;8362;-10.0;10.4;69.7
GRH;199704;237;199;58;801.1;193.3;-1.7;10313;-12.7;6.9;70.8
GRH;199705;233;135;66;802.7;121.6;4.6;8166;-7.7;14.0;72.1
GRH;199706;195;0;78;800.9;173.4;7.0;5962;-0.5;17.9;80.8
GRH;199707;196;0;70;806.6;243.2;8.0;8756;-0.2;19.3;82.6
GRH;199708;205;0;55;807.8;139.6;11.1;11320;-0.2;21.0;75.8
GRH;199709;191;0;31;809.1;32.5;9.7;13671;-0.3;19.7;65.9
GRH;199710;103;5;53;802.8;157.0;3.9;7153;-6.7;18.1;68.8
GRH;199711;61;16;50;795.7;74.5;-0.4;3754;-8.2;9.7;66.9
GRH;199712;47;83;65;797.1;266.5;-4.4;2357;-13.1;4.0;74.8
GRH;199801;69;147;42;800.3;174.7;-4.5;5311;-15.5;6.0;62.4
GRH;199802;125;147;22;807.6;33.0;-0.9;9353;-11.0;8.6;51.0
GRH;199803;165;157;68;803.6;163.3;-3.3;6734;-15.3;9.1;76.1
GRH;199804;193;183;77;793.1;172.0;-1.1;4780;-13.5;9.9;80.4
GRH;199805;254;71;59;802.5;69.6;5.0;10930;-3.7;17.0;73.2
GRH;199806;249;3;66;806.3;158.1;8.2;10461;-3.6;20.8;77.5
GRH;199807;210;0;66;805.3;124.6;10.1;8727;0.0;22.1;79.7
GRH;199808;210;0;57;807.8;130.5;10.7;11285;-0.4;22.1;74.4
GRH;199809;124;5;74;801.7;256.8;6.1;5720;-3.4;17.9;78.7
GRH;199810;78;7;81;801.9;204.8;2.1;3323;-5.1;13.5;80.3
GRH;199811;67;70;62;799.2;174.0;-5.1;3834;-17.8;6.2;74.8
GRH;199812;51;127;52;802.8;67.5;-4.2;3533;-15.5;6.9;68.4
GRH;199901;63;177;53;799.7;318.8;-4.3;4168;-19.0;8.7;70.1
GRH;199902;91;358;74;796.5;544.7;-7.8;3689;-22.1;3.7;84.1
GRH;199903;177;446;55;797.0;61.9;-3.1;8302;-14.1;6.9;73.6
GRH;199904;202;449;70;799.1;204.9;-1.0;4261;-9.6;7.4;81.0
GRH;199905;229;302;65;804.1;159.6;5.8;8611;-0.4;17.1;76.9
GRH;199906;214;62;71;805.8;141.7;6.4;7432;-2.2;17.2;81.8
GRH;199907;228;0;66;806.4;89.9;10.1;10133;1.6;21.5;78.1
GRH;199908;180;0;72;804.9;81.1;10.2;7955;3.6;22.9;79.6
GRH;199909;149;0;61;803.9;107.8;9.0;8479;0.0;17.9;73.2
GRH;199910;103;4;52;804.0;82.1;4.2;7329;-4.7;14.8;71.8
GRH;199911;61;50;57;802.0;200.8;-2.9;3793;-14.1;9.8;71.2
GRH;199912;46;129;69;797.0;366.4;-5.2;2334;-16.3;4.6;72.0
GRH;200001;68;205;39;803.9;182.1;-5.7;5340;-17.7;2.5;60.4
GRH;200002;106;299;67;804.4;319.9;-4.2;4741;-13.5;4.3;77.1
GRH;200003;161;429;72;801.9;263.8;-2.9;5998;-11.9;4.8;77.1
GRH;200004;191;425;75;795.7;115.7;0.3;4237;-8.6;9.5;73.9
GRH;200005;226;225;68;804.2;83.0;5.8;8605;-2.9;14.9;76.0
GRH;200006;234;17;60;808.7;86.2;9.3;10258;-0.8;20.0;75.2
GRH;200007;204;0;70;803.3;201.2;7.4;8193;-1.2;18.3;83.4
GRH;200008;200;0;54;808.5;115.7;11.1;11177;4.4;22.4;73.5
GRH;200009;146;1;56;804.4;166.7;7.7;9044;-0.7;17.9;74.7
GRH;200010;78;0;70;802.5;152.2;3.6;4884;-4.4;12.6;78.3
GRH;200011;54;58;67;795.6;189.9;-1.7;2241;-8.6;8.7;77.0
GRH;200012;51;94;60;797.7;69.5;-2.0;3137;-15.6;6.9;66.1
GRH;200101;60;149;62;796.2;69.3;-5.0;3215;-14.0;3.3;68.3
GRH;200102;109;212;61;799.9;151.5;-4.9;5594;-16.4;5.8;70.6
GRH;200103;146;261;83;793.7;209.8;-1.2;3233;-12.9;10.3;82.8
GRH;200104;202;302;84;797.5;293.7;-2.2;3162;-9.7;7.6;83.5
GRH;200105;244;163;65;803.7;56.0;6.2;9566;-2.1;17.9;74.2
GRH;200106;233;4;61;805.3;238.1;6.5;10265;-4.4;21.7;78.3
GRH;200107;214;0;60;806.0;106.6;9.9;9860;1.0;19.6;78.0
GRH;200108;202;0;51;807.9;147.7;11.4;11566;2.5;21.2;74.0
GRH;200109;121;7;80;801.8;255.8;3.1;4951;-3.5;14.8;85.3
GRH;200110;111;0;42;807.7;66.0;7.5;9211;-1.8;19.1;64.8
GRH;200111;63;28;58;802.5;284.8;-1.8;4408;-11.8;10.6;74.4
GRH;200112;53;104;47;800.6;146.4;-6.3;4285;-19.3;5.2;63.9
GRH;200201;70;142;33;806.4;24.9;-3.5;6378;-15.2;6.7;51.9
GRH;200202;96;177;73;800.3;182.4;-3.0;3272;-14.6;5.5;79.7
GRH;200203;175;241;56;801.5;193.9;-1.3;9353;-11.8;6.5;67.7
GRH;200204;217;203;68;798.7;85.8;-0.1;7263;-8.3;9.8;75.6
GRH;200205;223;117;70;801.7;315.3;3.7;7258;-5.3;14.4;78.1
GRH;200206;250;1;58;806.8;153.1;10.2;11529;1.2;22.9;71.3
GRH;200207;197;0;68;805.3;194.5;9.5;8468;1.4;18.8;81.8
GRH;200208;168;0;70;804.9;159.2;9.0;7625;-0.1;18.1;82.3
GRH;200209;135;8;74;804.2;169.5;5.1;6103;-5.8;14.5;83.5
GRH;200210;95;5;70;801.7;126.2;3.4;5587;-4.5;11.9;73.1
GRH;200211;46;89;81;796.6;416.8;-0.6;1609;-8.3;11.0;84.7
GRH;200212;52;161;63;798.7;159.2;-2.7;2948;-9.6;5.5;76.1
GRH;200301;64;242;60;796.3;244.5;-6.8;3600;-20.9;3.8;76.6
GRH;200302;132;368;30;798.7;168.6;-8.5;9277;-21.3;0.7;58.0
GRH;200303;204;327;46;805.0;49.4;-1.4;13110;-10.0;7.5;60.9
GRH;200304;229;284;59;800.0;114.1;-0.6;9356;-13.9;9.6;74.8
GRH;200305;227;103;67;805.7;126.9;5.7;8478;-4.7;16.1;73.9
GRH;200306;278;0;48;808.3;50.4;13.0;13858;5.7;22.9;67.5
GRH;200307;235;0;57;807.4;123.2;10.9;11703;2.2;22.2;76.9
GRH;200308;227;0;41;809.6;59.7;13.7;13570;0.8;25.4;63.5
GRH;200309;158;0;54;807.7;69.4;7.3;9917;-0.1;19.1;70.0
GRH;200310;102;12;55;798.4;240.4;1.1;7472;-10.3;13.7;69.9
GRH;200311;68;62;56;802.2;108.2;0.9;4383;-6.5;8.8;68.1
GRH;200312;49;80;54;800.9;183.0;-3.2;3554;-15.1;6.0;66.8
GRH;200401;61;212;80;793.7;380.5;-6.5;2691;-18.3;3.4;81.6
GRH;200402;108;332;55;800.4;120.4;-4.9;5978;-16.9;5.8;63.6
GRH;200403;177;318;59;801.4;119.6;-4.0;8287;-16.6;9.6;72.4
GRH;200404;213;310;70;797.8;124.2;-0.6;6462;-11.2;8.9;75.9
GRH;200405;260;259;65;800.6;153.8;3.0;10028;-7.7;16.6;73.2
GRH;200406;232;68;69;806.5;164.7;8.5;9496;-0.4;20.9;73.7
GRH;200407;205;0;66;807.0;87.2;10.1;8831;0.1;21.3;74.4
GRH;200408;172;0;69;805.4;141.9;10.3;8044;2.1;19.4;76.6
GRH;200409;159;3;59;808.2;125.9;7.8;9959;-2.2;19.2;78.0
GRH;200410;92;1;65;801.3;101.8;5.4;5370;-3.9;16.3;72.9
GRH;200411;51;13;68;802.2;116.1;-1.4;2779;-11.9;10.1;71.3
GRH;200412;51;33;41;800.9;86.6;-2.8;4517;-16.0;7.4;56.9
GRH;200501;61;111;56;802.6;260.9;-6.2;4266;-20.2;5.4;60.7
GRH;200502;113;227;59;795.2;243.5;-9.8;5993;-21.1;1.6;62.9
GRH;200503;182;230;55;799.1;61.8;-2.8;10321;-18.4;9.3;63.6
GRH;200504;211;208;72;799.2;151.6;0.3;6809;-8.6;14.6;73.4
GRH;200505;238;158;64;804.1;178.8;5.1;10437;-3.6;20.9;74.0
GRH;200506;269;4;57;807.5;92.2;9.6;13219;-2.4;22.3;71.8
GRH;200507;188;0;74;806.3;105.8;9.7;7721;1.1;21.5;79.7
GRH;200508;170;0;71;805.8;287.0;8.1;8393;0.5;19.0;82.2
GRH;200509;143;0;61;806.5;56.4;7.5;7461;-1.7;19.6;81.0
GRH;200510;116;3;38;806.5;66.0;6.2;9358;-3.0;15.8;58.6
GRH;200511;65;9;64;800.2;56.0;-2.2;4754;-13.8;12.7;69.8
GRH;200512;51;64;65;797.2;171.8;-6.9;3437;-20.5;4.6;67.4
GRH;200601;68;137;44;801.8;90.8;-6.1;5300;-15.3;4.9;56.0
GRH;200602;105;199;66;794.7;93.1;-6.6;4646;-15.4;5.5;69.0
GRH;200603;166;279;70;793.9;166.2;-4.9;7186;-19.3;8.3;79.9
GRH;200604;213;263;69;799.5;134.1;-0.3;7943;-9.8;8.9;80.1
GRH;200605;212;138;77;804.0;193.8;4.1;7118;-5.6;13.0;78.8
GRH;200606;259;27;61;808.5;80.2;9.1;11329;-5.4;20.1;72.3
GRH;200607;275;0;48;810.5;54.6;13.6;15208;6.1;22.4;68.4
GRH;200608;142;1;81;802.5;203.4;6.0;5174;-1.3;15.3;88.4
GRH;200609;152;0;58;806.4;84.8;10.1;8686;3.6;19.9;71.2
GRH;200610;104;0;58;804.5;52.5;7.0;8192;-0.3;15.6;64.2
GRH;200611;63;5;54;805.0;96.6;1.0;4460;-10.1;11.0;69.1
GRH;200612;52;37;35;807.0;99.8;-1.1;5051;-11.2;7.3;56.5
GRH;200701;57;75;66;803.5;175.8;-2.5;3255;-17.6;7.1;75.7
GRH;200702;106;98;57;797.2;141.0;-1.9;5952;-8.6;7.2;66.8
GRH;200703;169;195;60;798.6;178.8;-2.8;7840;-12.5;6.0;74.7
GRH;200704;267;131;39;805.0;26.8;5.1;15140;-6.6;15.1;60.3
GRH;200705;197;15;72;801.0;320.2;5.3;7862;-5.7;18.5;75.6
GRH;200706;222;7;72;803.4;142.2;8.5;8473;-1.9;19.4;80.1
GRH;200707;209;0;66;805.8;172.8;9.4;9277;-0.4;20.6;78.9
GRH;200708;175;0;68;805.0;189.9;9.2;8330;-0.9;19.6;80.1
GRH;200709;165;2;64;805.9;109.3;5.3;9817;-3.2;15.6;79.8
GRH;200710;120;1;50;805.9;39.9;3.5;9214;-8.7;17.5;72.3
GRH;200711;61;59;61;801.0;246.5;-2.8;3888;-14.8;11.7;78.2
GRH;200712;54;140;43;803.5;209.6;-4.5;4218;-13.7;4.2;66.9
GRH;200801;62;168;60;803.5;128.6;-2.9;4076;-12.4;6.1;65.6
GRH;200802;123;191;38;807.1;52.6;-2.0;8788;-11.4;7.6;58.6
GRH;200803;156;237;83;792.6;227.3;-4.8;4825;-17.7;5.9;85.7
GRH;200804;198;295;79;796.1;249.9;-1.5;4990;-11.4;6.5;83.0
GRH;200805;222;188;65;802.1;57.0;5.3;8983;-5.2;12.6;71.9
GRH;200806;213;2;74;805.4;97.9;8.5;7709;-0.7;20.8;82.2
GRH;200807;225;0;67;806.1;125.1;9.6;10484;0.9;20.7;78.9
GRH;200808;204;0;67;805.7;193.8;10.1;11065;1.1;20.6;79.4
GRH;200809;134;0;73;804.0;181.1;5.5;6739;-2.9;18.3;80.4
GRH;200810;99;7;62;804.2;202.6;4.2;6619;-6.8;15.9;75.1
GRH;200811;59;44;70;798.8;197.8;-1.9;3140;-12.8;7.0;78.4
GRH;200812;46;109;71;799.1;103.0;-4.4;2642;-11.5;3.4;71.6
GRH;200901;69;139;44;795.3;40.9;-5.9;5752;-13.6;0.2;53.2
GRH;200902;98;250;81;795.3;275.8;-6.7;2565;-15.6;6.4;80.4
GRH;200903;164;370;78;797.6;387.3;-4.0;5788;-13.2;6.2;77.0
GRH;200904;214;319;68;800.4;90.8;1.8;6306;-5.1;8.1;70.7
GRH;200905;240;184;65;807.2;53.4;6.1;8939;-4.5;18.7;71.2
GRH;200906;222;5;77;804.9;94.1;7.4;8953;-1.1;19.1;81.6
GRH;200907;233;0;67;807.5;116.9;10.1;10311;0.1;19.2;76.6
GRH;200908;223;0;56;809.6;91.1;12.0;12720;4.0;21.4;72.1
GRH;200909;174;0;60;808.3;61.3;8.2;10309;-0.3;17.8;75.0
GRH;200910;105;7;64;804.1;126.6;3.0;6914;-9.3;17.4;71.9
GRH;200911;58;18;68;799.1;175.6;0.5;3419;-6.9;10.0;71.8
GRH;200912;47;110;70;792.0;131.5;-5.9;2416;-19.4;3.6;70.4
GRH;201001;64;151;62;793.7;99.3;-7.5;4177;-17.5;1.5;62.9
GRH;201002;111;195;67;789.3;70.3;-7.1;5217;-19.9;1.3;70.3
GRH;201003;156;184;72;799.5;108.6;-4.4;5700;-18.8;5.3;70.3
GRH;201004;244;166;59;802.9;57.3;0.7;10395;-10.4;10.9;69.5
GRH;201005;187;66;85;800.2;227.1;2.4;4399;-4.1;14.6;85.1
GRH;201006;198;1;71;804.4;131.2;7.7;7740;-2.1;16.1;78.9
GRH;201007;237;0;63;809.0;130.3;11.4;11310;2.3;22.0;75.0
GRH;201008;175;0;77;806.4;217.9;8.6;7634;-0.9;21.7;82.4
GRH;201009;159;4;67;804.3;145.0;5.7;8995;-2.6;14.8;76.2
GRH;201010;104;16;57;801.2;105.8;2.8;7560;-7.8;15.7;70.3
GRH;201011;56;53;79;793.8;241.5;-2.3;2402;-14.7;9.0;77.7
GRH;201012;46;122;75;794.0;174.9;-7.3;2153;-16.6;4.2;73.7
GRH;201101;66;140;54;800.7;64.1;-5.1;4391;-16.9;8.1;62.2
GRH;201102;105;140;55;801.0;94.0;-3.1;5736;-11.6;8.5;58.4
GRH;201103;171;163;54;803.8;87.5;-1.2;9586;-9.3;8.8;62.2
GRH;201104;251;93;51;804.6;42.4;3.3;13308;-7.9;12.4;64.2
GRH;201105;256;3;63;806.8;96.7;6.3;12185;-3.4;14.9;69.0
GRH;201106;197;1;77;806.6;117.7;7.9;6505;-2.5;19.0;80.6
GRH;201107;205;0;75;803.8;154.5;7.6;8245;-0.5;17.9;80.8
GRH;201108;214;0;57;807.9;108.5;11.5;11631;-1.2;22.4;71.4
GRH;201109;173;1;52;808.5;136.6;9.5;11551;-1.8;18.1;71.4
GRH;201110;122;3;42;807.4;209.8;4.2;10426;-6.1;16.1;62.0
GRH;201111;73;0;35;806.3;0.1;3.2;7112;-2.5;10.2;47.4
GRH;201112;38;106;78;801.1;578.8;-3.6;2229;-15.3;5.4;78.6
GRH;201201;56;-;-;803.0;526.5;-4.7;3017;-14.4;2.9;74.7
GRH;201202;120;-;-;801.2;141.9;-9.4;7736;-26.1;10.8;60.1
GRH;201203;193;-;-;808.6;107.0;-0.1;12500;-11.8;9.3;59.6
GRH;201204;195;-;-;793.5;188.4;-0.7;3700;-10.4;11.4;79.2
GRH;201205;257;-;-;803.8;103.5;4.6;9741;-7.9;15.1;73.3
GRH;201206;217;-;-;805.6;184.4;9.1;8641;-0.2;18.7;77.6
GRH;201207;220;-;-;806.9;125.5;9.6;9081;1.0;21.3;78.3
GRH;201208;215;-;-;809.0;153.3;11.9;11726;-1.7;23.5;71.1
GRH;201209;158;-;-;805.5;113.9;7.6;9433;-1.8;16.4;72.0
GRH;201210;103;3;-;801.4;144.3;4.6;7409;-10.6;16.6;68.3
GRH;201211;67;17;-;799.6;118.2;0.6;4753;-11.8;7.4;64.8
GRH;201212;45;146;-;797.8;283.5;-5.2;1799;-17.2;8.7;74.1
GRH;201301;65;198;-;796.8;113.8;-5.4;3987;-17.5;4.2;66.5
GRH;201302;111;287;-;793.5;134.0;-9.2;4387;-19.9;0.7;72.5
GRH;201303;167;262;-;791.3;62.0;-4.1;5640;-15.4;3.5;69.0
GRH;201304;218;262;-;800.2;156.8;0.9;7819;-10.5;10.3;73.4
GRH;201305;192;144;-;798.9;280.7;1.4;3625;-6.7;10.5;84.5
GRH;201306;231;55;-;806.6;100.8;6.6;8895;-1.6;19.3;79.3
GRH;201307;273;0;-;810.0;95.2;11.8;13862;4.6;20.3;71.4
GRH;201308;216;0;-;808.5;91.7;10.4;11226;3.4;21.4;75.7
GRH;201309;154;0;-;805.7;159.2;7.5;8420;-2.7;17.0;75.0
GRH;201310;95;4;-;805.2;102.3;5.2;5490;-5.5;14.9;75.4
GRH;201311;55;40;-;799.0;277.4;-1.3;2657;-14.6;7.7;71.3
GRH;201312;52;74;-;806.1;99.2;-1.3;5038;-10.9;6.8;48.2
GRH;201401;59;125;-;795.6;118.8;-2.7;3397;-13.7;7.5;64.9
GRH;201402;94;172;-;795.4;175.0;-3.8;3836;-9.3;3.8;73.5
GRH;201403;184;171;-;801.3;112.7;-0.5;10266;-12.6;8.6;58.3
GRH;201404;217;104;-;800.6;137.7;1.8;8909;-7.8;10.4;73.7
GRH;201405;216;64;-;803.0;184.2;2.8;4808;-4.9;11.9;79.0
GRH;201406;258;0;-;806.3;72.9;8.6;10711;1.1;21.7;74.1
GRH;201407;175;0;-;805.4;278.9;9.1;6564;-0.4;20.4;82.6
GRH;201408;173;0;-;805.1;153.0;8.0;6688;0.8;15.5;84.5
GRH;201409;156;0;-;806.7;66.7;7.9;8540;-0.1;14.9;76.1
GRH;201410;93;2;-;806.1;132.0;6.1;6377;-6.4;15.5;69.5
GRH;201411;61;42;-;799.6;173.0;2.3;3839;-4.7;10.6;70.3
GRH;201412;45;42;-;802.4;168.4;-3.1;2041;-16.3;5.9;74.1
GRH;201501;59;121;-;800.5;284.8;-4.4;3153;-13.1;5.8;70.4
GRH;201502;111;191;-;797.1;147.2;-5.6;5648;-13.6;3.9;65.1
GRH;201503;161;206;-;802.9;281.5;-1.8;7096;-12.1;7.1;70.6
GRH;201504;236;228;-;804.9;211.7;1.0;9639;-12.1;9.5;66.1
GRH;201505;225;80;-;804.5;197.1;4.5;8047;-4.4;16.3;78.6
GRH;201506;235;0;-;808.5;131.3;9.1;9862;1.6;20.1;75.3
GRH;201507;255;0;-;809.2;104.5;13.2;12736;3.8;23.5;68.2
GRH;201508;207;0;-;808.2;130.7;11.7;11509;3.0;22.5;72.1
GRH;201509;130;1;-;805.1;115.3;5.2;6477;-1.3;13.6;81.3
GRH;201510;107;4;-;803.7;91.8;3.3;6768;-5.0;12.9;72.9
GRH;201511;77;17;-;806.9;147.5;1.9;6604;-12.4;14.4;59.8
GRH;201512;58;37;-;812.4;24.6;1.5;6178;-6.3;8.1;47.2
GRH;201601;56;82;-;798.8;218.9;-3.9;2792;-17.3;6.7;69.8
GRH;201602;95;164;-;797.0;232.3;-3.8;3691;-13.8;8.6;77.1
GRH;201603;185;231;-;797.0;127.2;-4.3;8510;-14.2;5.5;71.3
GRH;201604;196;173;-;798.9;210.6;0.4;5058;-9.8;10.8;75.5
GRH;201605;223;148;-;801.6;257.6;2.9;5635;-4.9;12.8;78.8
GRH;201606;224;8;-;804.8;145.8;7.5;7224;-0.2;22.0;82.4
GRH;201607;248;0;-;809.3;129.6;10.8;11503;-0.1;20.2;77.4
GRH;201608;221;0;-;810.4;101.5;10.7;11738;0.6;20.4;75.0
GRH;201609;176;0;-;808.7;129.6;8.9;10896;2.3;16.7;75.8
GRH;201610;101;0;-;805.5;81.4;2.6;6571;-5.2;11.9;74.1
GRH;201611;64;24;-;800.7;94.8;-0.7;3776;-10.1;11.1;73.2
GRH;201612;55;2;-;811.1;0.0;-0.5;6440;-7.9;7.4;46.9
GRH;201701;65;47;-;801.4;160.0;-6.7;4732;-19.2;1.7;60.0
GRH;201702;108;90;-;801.5;120.1;-2.4;5742;-10.4;7.2;66.7
GRH;201703;163;157;-;803.1;235.5;0.6;7586;-10.9;9.1;71.7
GRH;201704;231;127;-;803.3;222.7;-0.2;8994;-12.4;10.5;75.2
GRH;201705;264;84;-;805.2;122.8;5.2;10437;-6.9;18.1;72.5
GRH;201706;267;0;-;807.0;112.6;10.8;11881;-0.6;22.8;74.0
GRH;201707;219;0;-;807.9;123.0;10.6;9090;2.6;19.2;77.5
GRH;201708;191;0;-;809.5;185.3;11.7;9663;-0.5;21.9;72.5
GRH;201709;141;1;-;804.6;148.3;4.7;7042;-2.0;12.5;81.5
GRH;201710;115;3;-;808.8;169.3;5.0;8720;-4.1;16.4;65.8
GRH;201711;69;36;-;800.8;235.7;-2.1;4621;-11.3;8.6;71.2
GRH;201712;48;97;-;799.5;233.0;-5.4;3285;-16.0;6.0;74.4
GRH;201801;59;203;-;800.3;391.4;-2.7;3454;-10.4;6.3;72.4
GRH;201802;108;266;-;793.8;93.9;-9.0;3712;-25.7;2.6;73.3
GRH;201803;158;297;-;789.9;238.3;-4.0;4022;-13.9;2.8;77.4
GRH;201804;232;314;-;802.3;41.8;3.0;8210;-7.9;10.4;63.9
GRH;201805;233;121;-;803.5;90.3;5.9;8101;-1.9;15.2;75.0
GRH;201806;276;0;-;806.3;49.8;9.0;12678;1.9;17.4;76.1
GRH;201807;269;0;-;807.8;50.9;11.6;13587;5.0;19.6;72.8
GRH;201808;215;0;-;809.2;119.8;11.5;11401;0.1;20.7;74.6
GRH;201809;176;0;-;810.1;73.0;9.0;10847;-1.4;17.6;74.1
GRH;201810;107;4;-;805.2;166.6;5.5;8412;-4.1;13.6;66.3
GRH;201811;52;5;-;801.9;46.4;0.9;2598;-9.1;8.2;69.6
GRH;201812;44;61;-;804.2;321.8;-2.8;2623;-13.7;5.8;69.0